[2026-09-01 12:20:16 -03:00] Bridge: já estava saudável em http://127.0.0.1:8080/health; nenhuma segunda instância foi iniciada.
[2026-09-01 12:20:16 -03:00] Engine: já estava saudável em http://127.0.0.1:8765/api/health; nenhuma segunda instância foi iniciada.
[2026-09-01 12:20:16 -03:00] Voice: já estava saudável em http://127.0.0.1:8099/api/voice/health; nenhuma segunda instância foi iniciada.
[2026-09-01 12:20:21 -03:00] Monitor: sistemas ready
[2026-09-01 12:20:29 -03:00] Monitor: sistemas ready
[2026-09-01 12:20:34 -03:00] Monitor: An error occurred while sending the request.
[2026-09-01 12:20:34 -03:00] Monitor: aguardando servicos... retry em 0,7s
[2026-09-01 12:20:39 -03:00] Monitor: sistemas ready
[2026-09-01 12:20:47 -03:00] Monitor: sistemas ready
[2026-09-01 12:20:55 -03:00] Monitor: sistemas ready
[2026-09-01 12:21:02 -03:00] Monitor: sistemas ready
[2026-09-01 12:21:10 -03:00] Monitor: sistemas ready
[2026-09-01 12:21:18 -03:00] Monitor: sistemas ready
[2026-09-01 12:21:26 -03:00] Monitor: sistemas ready
[2026-09-01 12:21:34 -03:00] Monitor: sistemas ready
[2026-09-01 12:21:41 -03:00] Monitor: sistemas ready
[2026-09-01 12:21:50 -03:00] Monitor: sistemas ready
[2026-09-01 12:21:57 -03:00] Monitor: sistemas ready
[2026-09-01 12:22:05 -03:00] Monitor: sistemas ready
[2026-09-01 12:22:12 -03:00] Monitor: sistemas ready
[2026-09-01 12:22:21 -03:00] Monitor: sistemas ready
[2026-09-01 12:22:28 -03:00] Monitor: sistemas ready
[2026-09-01 12:22:33 -03:00] Monitor: An error occurred while sending the request.
[2026-09-01 12:22:33 -03:00] Monitor: aguardando servicos... retry em 0,7s
[2026-09-01 12:22:37 -03:00] Monitor: sistemas ready
[2026-09-01 12:22:44 -03:00] Monitor: sistemas ready
[2026-09-01 12:22:49 -03:00] Monitor: An error occurred while sending the request.
[2026-09-01 12:22:49 -03:00] Monitor: aguardando servicos... retry em 2,0s
[2026-09-01 12:22:55 -03:00] Monitor: sistemas ready
[2026-09-01 12:23:02 -03:00] Monitor: sistemas ready
[2026-09-01 12:23:10 -03:00] Monitor: sistemas ready
[2026-09-01 12:23:18 -03:00] Monitor: sistemas ready
[2026-09-01 12:23:26 -03:00] Monitor: sistemas ready
[2026-09-01 12:23:33 -03:00] Monitor: sistemas ready
[2026-09-01 12:23:40 -03:00] Monitor: sistemas ready
[2026-09-01 12:23:48 -03:00] Monitor: sistemas ready
[2026-09-01 12:23:56 -03:00] Monitor: sistemas ready
[2026-09-01 12:24:03 -03:00] Monitor: sistemas ready
[2026-09-01 12:24:11 -03:00] Monitor: sistemas ready
[2026-09-01 12:24:18 -03:00] Monitor: sistemas ready
[2026-09-01 12:24:26 -03:00] Monitor: sistemas ready
[2026-09-01 12:24:33 -03:00] Monitor: sistemas ready
[2026-09-01 12:24:41 -03:00] Monitor: sistemas ready
[2026-09-01 12:24:48 -03:00] Monitor: sistemas ready
[2026-09-01 12:24:56 -03:00] Monitor: sistemas ready
[2026-09-01 12:25:03 -03:00] Monitor: sistemas ready
[2026-09-01 12:25:11 -03:00] Monitor: sistemas ready
[2026-09-01 12:25:19 -03:00] Monitor: sistemas ready
[2026-09-01 12:25:27 -03:00] Monitor: sistemas ready
[2026-09-01 12:25:34 -03:00] Monitor: sistemas ready
[2026-09-01 12:25:42 -03:00] Monitor: sistemas ready
[2026-09-01 12:25:49 -03:00] Monitor: sistemas ready
[2026-09-01 12:25:57 -03:00] Monitor: sistemas ready
[2026-09-01 12:26:02 -03:00] Monitor: An error occurred while sending the request.
[2026-09-01 12:26:02 -03:00] Monitor: aguardando servicos... retry em 0,5s
[2026-09-01 12:26:05 -03:00] Monitor: sistemas ready
[2026-09-01 12:26:12 -03:00] Monitor: sistemas ready
[2026-09-01 12:26:20 -03:00] Monitor: sistemas ready
[2026-09-01 12:26:27 -03:00] Monitor: sistemas ready
[2026-09-01 12:26:35 -03:00] Monitor: sistemas ready
[2026-09-01 12:26:42 -03:00] Monitor: sistemas ready
[2026-09-01 12:26:49 -03:00] Monitor: sistemas ready
[2026-09-01 12:26:57 -03:00] Monitor: sistemas ready
[2026-09-01 12:27:04 -03:00] Monitor: sistemas ready
[2026-09-01 12:27:12 -03:00] Monitor: sistemas ready
[2026-09-01 12:27:19 -03:00] Monitor: sistemas ready
[2026-09-01 12:27:27 -03:00] Monitor: sistemas ready
[2026-09-01 12:27:34 -03:00] Monitor: sistemas ready
[2026-09-01 12:27:42 -03:00] Monitor: sistemas ready
[2026-09-01 12:27:49 -03:00] Monitor: sistemas ready
[2026-09-01 12:27:57 -03:00] Monitor: sistemas ready
[2026-09-01 12:28:04 -03:00] Monitor: sistemas ready
[2026-09-01 12:28:11 -03:00] Monitor: sistemas ready
[2026-09-01 12:28:19 -03:00] Monitor: sistemas ready
[2026-09-01 12:28:27 -03:00] Monitor: sistemas ready
[2026-09-01 12:28:34 -03:00] Monitor: sistemas ready
[2026-09-01 12:28:42 -03:00] Monitor: sistemas ready
[2026-09-01 12:28:50 -03:00] Monitor: sistemas ready
[2026-09-01 12:28:57 -03:00] Monitor: sistemas ready
[2026-09-01 12:29:05 -03:00] Monitor: sistemas ready
[2026-09-01 12:29:12 -03:00] Monitor: sistemas ready
[2026-09-01 12:29:20 -03:00] Monitor: sistemas ready
[2026-09-01 12:29:27 -03:00] Monitor: sistemas ready
[2026-09-01 12:29:35 -03:00] Monitor: sistemas ready
[2026-09-01 12:29:43 -03:00] Monitor: sistemas ready
[2026-09-01 12:29:50 -03:00] Monitor: sistemas ready
[2026-09-01 12:29:58 -03:00] Monitor: sistemas ready
[2026-09-01 12:30:05 -03:00] Monitor: sistemas ready
[2026-09-01 12:30:13 -03:00] Monitor: sistemas ready
[2026-09-01 12:30:20 -03:00] Monitor: sistemas ready
[2026-09-01 12:30:28 -03:00] Monitor: sistemas ready
[2026-09-01 12:30:35 -03:00] Monitor: sistemas ready
[2026-09-01 12:30:43 -03:00] Monitor: sistemas ready
[2026-09-01 12:30:48 -03:00] Monitor: An error occurred while sending the request.
[2026-09-01 12:30:48 -03:00] Monitor: aguardando servicos... retry em 0,6s
[2026-09-01 12:30:51 -03:00] Monitor: sistemas ready
[2026-09-01 12:30:58 -03:00] Monitor: sistemas ready
[2026-09-01 12:31:06 -03:00] Monitor: sistemas ready
[2026-09-01 12:31:14 -03:00] Monitor: sistemas ready
[2026-09-01 12:31:19 -03:00] Monitor: An error occurred while sending the request.
[2026-09-01 12:31:19 -03:00] Monitor: aguardando servicos... retry em 1,9s
[2026-09-01 12:31:23 -03:00] Monitor: sistemas ready
[2026-09-01 12:31:31 -03:00] Monitor: sistemas ready
[2026-09-01 12:31:36 -03:00] Monitor: An error occurred while sending the request.
[2026-09-01 12:31:36 -03:00] Monitor: aguardando servicos... retry em 2,4s
[2026-09-01 12:31:41 -03:00] Monitor: sistemas ready
[2026-09-01 12:31:48 -03:00] Monitor: sistemas ready
[2026-09-01 12:31:56 -03:00] Monitor: sistemas ready
[2026-09-01 12:32:03 -03:00] Monitor: sistemas ready
[2026-09-01 12:32:11 -03:00] Monitor: sistemas ready
[2026-09-01 12:32:18 -03:00] Monitor: sistemas ready
[2026-09-01 12:32:26 -03:00] Monitor: sistemas ready
[2026-09-01 12:32:34 -03:00] Monitor: sistemas ready
[2026-09-01 12:32:42 -03:00] Monitor: sistemas ready
[2026-09-01 12:32:47 -03:00] Monitor: An error occurred while sending the request.
[2026-09-01 12:32:47 -03:00] Monitor: aguardando servicos... retry em 0,8s
[2026-09-01 12:32:50 -03:00] Monitor: sistemas ready
[2026-09-01 12:32:57 -03:00] Monitor: sistemas ready
[2026-09-01 12:33:02 -03:00] Monitor: An error occurred while sending the request.
[2026-09-01 12:33:02 -03:00] Monitor: aguardando servicos... retry em 1,2s
[2026-09-01 12:33:06 -03:00] Monitor: sistemas ready
[2026-09-01 12:33:14 -03:00] Monitor: sistemas ready
[2026-09-01 12:33:19 -03:00] Monitor: An error occurred while sending the request.
[2026-09-01 12:33:19 -03:00] Monitor: aguardando servicos... retry em 2,4s
[2026-09-01 12:33:24 -03:00] Monitor: sistemas ready
[2026-09-01 12:33:31 -03:00] Monitor: sistemas ready
[2026-09-01 12:33:39 -03:00] Monitor: sistemas ready
[2026-09-01 12:33:46 -03:00] Monitor: sistemas ready
[2026-09-01 12:33:54 -03:00] Monitor: sistemas ready
[2026-09-01 12:34:01 -03:00] Monitor: sistemas ready
[2026-09-01 12:34:09 -03:00] Monitor: sistemas ready
[2026-09-01 12:34:17 -03:00] Monitor: sistemas ready
[2026-09-01 12:34:24 -03:00] Monitor: sistemas ready
[2026-09-01 12:34:32 -03:00] Monitor: sistemas ready
[2026-09-01 12:34:39 -03:00] Monitor: sistemas ready
[2026-09-01 12:34:47 -03:00] Monitor: sistemas ready
[2026-09-01 12:34:55 -03:00] Monitor: sistemas ready
[2026-09-01 12:35:03 -03:00] Monitor: sistemas ready
[2026-09-01 12:35:10 -03:00] Monitor: sistemas ready
[2026-09-01 12:35:18 -03:00] Monitor: sistemas ready
[2026-09-01 12:35:25 -03:00] Monitor: sistemas ready
[2026-09-01 12:35:33 -03:00] Monitor: sistemas ready
[2026-09-01 12:35:41 -03:00] Monitor: sistemas ready
[2026-09-01 12:35:48 -03:00] Monitor: sistemas ready
[2026-09-01 12:35:56 -03:00] Monitor: sistemas ready
[2026-09-01 12:36:04 -03:00] Monitor: sistemas ready
[2026-09-01 12:36:11 -03:00] Monitor: sistemas ready
[2026-09-01 12:36:19 -03:00] Monitor: sistemas ready
[2026-09-01 12:36:27 -03:00] Monitor: sistemas ready
[2026-09-01 12:36:34 -03:00] Monitor: sistemas ready
[2026-09-01 12:36:42 -03:00] Monitor: sistemas ready
[2026-09-01 12:36:50 -03:00] Monitor: sistemas ready
[2026-09-01 12:36:58 -03:00] Monitor: sistemas ready
[2026-09-01 12:37:05 -03:00] Monitor: sistemas ready
[2026-09-01 12:37:13 -03:00] Monitor: sistemas ready
[2026-09-01 12:37:20 -03:00] Monitor: sistemas ready
[2026-09-01 12:37:28 -03:00] Monitor: sistemas ready
[2026-09-01 12:37:35 -03:00] Monitor: sistemas ready
[2026-09-01 12:37:43 -03:00] Monitor: sistemas ready
[2026-09-01 12:37:50 -03:00] Monitor: sistemas ready
[2026-09-01 12:37:58 -03:00] Monitor: sistemas ready
[2026-09-01 12:38:06 -03:00] Monitor: sistemas ready
[2026-09-01 12:38:14 -03:00] Monitor: sistemas ready
[2026-09-01 12:38:21 -03:00] Monitor: sistemas ready
[2026-09-01 12:38:29 -03:00] Monitor: sistemas ready
[2026-09-01 12:38:34 -03:00] Monitor: An error occurred while sending the request.
[2026-09-01 12:38:34 -03:00] Monitor: aguardando servicos... retry em 1,0s
[2026-09-01 12:38:37 -03:00] Monitor: sistemas ready
[2026-09-01 12:38:45 -03:00] Monitor: sistemas ready
[2026-09-01 12:38:53 -03:00] Monitor: sistemas ready
[2026-09-01 12:39:01 -03:00] Monitor: sistemas ready
[2026-09-01 12:39:08 -03:00] Monitor: sistemas ready
[2026-09-01 12:39:16 -03:00] Monitor: sistemas ready
[2026-09-01 12:39:21 -03:00] Monitor: An error occurred while sending the request.
[2026-09-01 12:39:21 -03:00] Monitor: aguardando servicos... retry em 1,6s
[2026-09-01 12:39:25 -03:00] Monitor: sistemas ready
[2026-09-01 12:39:33 -03:00] Monitor: sistemas ready
[2026-09-01 12:39:40 -03:00] Monitor: sistemas ready
[2026-09-01 12:39:48 -03:00] Monitor: sistemas ready
[2026-09-01 12:39:56 -03:00] Monitor: sistemas ready
[2026-09-01 12:40:04 -03:00] Monitor: sistemas ready
[2026-09-01 12:40:12 -03:00] Monitor: sistemas ready
[2026-09-01 12:40:20 -03:00] Monitor: sistemas ready
[2026-09-01 12:40:28 -03:00] Monitor: sistemas ready
[2026-09-01 12:40:36 -03:00] Monitor: sistemas ready
[2026-09-01 12:40:43 -03:00] Monitor: sistemas ready
[2026-09-01 12:40:51 -03:00] Monitor: sistemas ready
[2026-09-01 12:40:58 -03:00] Monitor: sistemas ready
[2026-09-01 12:41:06 -03:00] Monitor: sistemas ready
[2026-09-01 12:41:13 -03:00] Monitor: sistemas ready
[2026-09-01 12:41:21 -03:00] Monitor: sistemas ready
[2026-09-01 12:41:29 -03:00] Monitor: sistemas ready
[2026-09-01 12:41:36 -03:00] Monitor: sistemas ready
[2026-09-01 12:41:44 -03:00] Monitor: sistemas ready
[2026-09-01 12:41:51 -03:00] Monitor: sistemas ready
[2026-09-01 12:41:59 -03:00] Monitor: sistemas ready
[2026-09-01 12:42:04 -03:00] Monitor: An error occurred while sending the request.
[2026-09-01 12:42:04 -03:00] Monitor: aguardando servicos... retry em 0,7s
[2026-09-01 12:42:07 -03:00] Monitor: sistemas ready
[2026-09-01 12:42:15 -03:00] Monitor: sistemas ready
[2026-09-01 12:42:23 -03:00] Monitor: sistemas ready
[2026-09-01 12:42:31 -03:00] Monitor: sistemas ready
[2026-09-01 12:42:38 -03:00] Monitor: sistemas ready
[2026-09-01 12:42:45 -03:00] Monitor: sistemas ready
[2026-09-01 12:42:50 -03:00] Monitor: An error occurred while sending the request.
[2026-09-01 12:42:50 -03:00] Monitor: aguardando servicos... retry em 1,9s
[2026-09-01 12:42:55 -03:00] Monitor: sistemas ready
[2026-09-01 12:43:03 -03:00] Monitor: sistemas ready
[2026-09-01 12:43:11 -03:00] Monitor: sistemas ready
[2026-09-01 12:43:18 -03:00] Monitor: sistemas ready
[2026-09-01 12:43:26 -03:00] Monitor: sistemas ready
[2026-09-01 12:43:33 -03:00] Monitor: sistemas ready
[2026-09-01 12:43:42 -03:00] Monitor: sistemas ready
[2026-09-01 12:43:49 -03:00] Monitor: sistemas ready
[2026-09-01 12:43:57 -03:00] Monitor: sistemas ready
[2026-09-01 12:44:05 -03:00] Monitor: sistemas ready
[2026-09-01 12:44:12 -03:00] Monitor: sistemas ready
[2026-09-01 12:44:20 -03:00] Monitor: sistemas ready
[2026-09-01 12:44:28 -03:00] Monitor: sistemas ready
[2026-09-01 12:44:35 -03:00] Monitor: sistemas ready
[2026-09-01 12:44:43 -03:00] Monitor: sistemas ready
[2026-09-01 12:44:48 -03:00] Monitor: An error occurred while sending the request.
[2026-09-01 12:44:48 -03:00] Monitor: aguardando servicos... retry em 0,6s
[2026-09-01 12:44:51 -03:00] Monitor: sistemas ready
[2026-09-01 12:44:59 -03:00] Monitor: sistemas ready
[2026-09-01 12:45:06 -03:00] Monitor: sistemas ready
[2026-09-01 12:45:14 -03:00] Monitor: sistemas ready
[2026-09-01 12:45:19 -03:00] Monitor: An error occurred while sending the request.
[2026-09-01 12:45:19 -03:00] Monitor: aguardando servicos... retry em 1,5s
[2026-09-01 12:45:23 -03:00] Monitor: sistemas ready
[2026-09-01 12:45:30 -03:00] Monitor: sistemas ready
[2026-09-01 12:45:38 -03:00] Monitor: sistemas ready
[2026-09-01 12:45:46 -03:00] Monitor: sistemas ready
[2026-09-01 12:45:54 -03:00] Monitor: sistemas ready
[2026-09-01 12:46:01 -03:00] Monitor: sistemas ready
[2026-09-01 12:46:09 -03:00] Monitor: sistemas ready
[2026-09-01 12:46:16 -03:00] Monitor: sistemas ready
[2026-09-01 12:46:24 -03:00] Monitor: sistemas ready
[2026-09-01 12:46:31 -03:00] Monitor: sistemas ready
[2026-09-01 12:46:39 -03:00] Monitor: sistemas ready
[2026-09-01 12:46:47 -03:00] Monitor: sistemas ready
[2026-09-01 12:46:54 -03:00] Monitor: sistemas ready
[2026-09-01 12:47:02 -03:00] Monitor: sistemas ready
[2026-09-01 12:47:09 -03:00] Monitor: sistemas ready
[2026-09-01 12:47:16 -03:00] Monitor: sistemas ready
[2026-09-01 12:47:24 -03:00] Monitor: sistemas ready
[2026-09-01 12:47:31 -03:00] Monitor: sistemas ready
[2026-09-01 12:47:39 -03:00] Monitor: sistemas ready
[2026-09-01 12:47:46 -03:00] Monitor: sistemas ready
[2026-09-01 12:47:54 -03:00] Monitor: sistemas ready
[2026-09-01 12:48:02 -03:00] Monitor: sistemas ready
[2026-09-01 12:48:07 -03:00] Monitor: An error occurred while sending the request.
[2026-09-01 12:48:07 -03:00] Monitor: aguardando servicos... retry em 0,9s
[2026-09-01 12:48:10 -03:00] Monitor: sistemas ready
[2026-09-01 12:48:18 -03:00] Monitor: sistemas ready
[2026-09-01 12:48:25 -03:00] Monitor: sistemas ready
[2026-09-01 12:48:33 -03:00] Monitor: sistemas ready
[2026-09-01 12:48:38 -03:00] Monitor: An error occurred while sending the request.
[2026-09-01 12:48:38 -03:00] Monitor: aguardando servicos... retry em 1,6s
[2026-09-01 12:48:42 -03:00] Monitor: sistemas ready
[2026-09-01 12:48:47 -03:00] Monitor: An error occurred while sending the request.
[2026-09-01 12:48:47 -03:00] Monitor: aguardando servicos... retry em 2,1s
[2026-09-01 12:48:52 -03:00] Monitor: sistemas ready
[2026-09-01 12:48:59 -03:00] Monitor: sistemas ready
[2026-09-01 12:49:07 -03:00] Monitor: sistemas ready
[2026-09-01 12:49:15 -03:00] Monitor: sistemas ready
[2026-09-01 12:49:22 -03:00] Monitor: sistemas ready
[2026-09-01 12:49:30 -03:00] Monitor: sistemas ready
[2026-09-01 12:49:35 -03:00] Monitor: An error occurred while sending the request.
[2026-09-01 12:49:35 -03:00] Monitor: aguardando servicos... retry em 6,2s
[2026-09-01 12:49:44 -03:00] Monitor: sistemas ready
[2026-09-01 12:49:51 -03:00] Monitor: sistemas ready
[2026-09-01 12:49:59 -03:00] Monitor: sistemas ready
[2026-09-01 12:50:07 -03:00] Monitor: sistemas ready
[2026-09-01 12:50:14 -03:00] Monitor: sistemas ready
[2026-09-01 12:50:22 -03:00] Monitor: sistemas ready
[2026-09-01 12:50:29 -03:00] Monitor: sistemas ready
[2026-09-01 12:50:38 -03:00] Monitor: sistemas ready
[2026-09-01 12:50:45 -03:00] Monitor: sistemas ready
[2026-09-01 12:50:53 -03:00] Monitor: sistemas ready
[2026-09-01 12:51:00 -03:00] Monitor: sistemas ready
[2026-09-01 12:51:08 -03:00] Monitor: sistemas ready
[2026-09-01 12:51:15 -03:00] Monitor: sistemas ready
[2026-09-01 12:51:20 -03:00] Monitor: An error occurred while sending the request.
[2026-09-01 12:51:20 -03:00] Monitor: aguardando servicos... retry em 0,6s
[2026-09-01 12:51:23 -03:00] Monitor: sistemas ready
[2026-09-01 12:51:31 -03:00] Monitor: sistemas ready
[2026-09-01 12:51:39 -03:00] Monitor: sistemas ready
[2026-09-01 12:51:47 -03:00] Monitor: sistemas ready
[2026-09-01 12:51:54 -03:00] Monitor: sistemas ready
[2026-09-01 12:52:02 -03:00] Monitor: sistemas ready
[2026-09-01 12:52:10 -03:00] Monitor: sistemas ready
[2026-09-01 12:52:17 -03:00] Monitor: sistemas ready
[2026-09-01 12:52:25 -03:00] Monitor: sistemas ready
[2026-09-01 12:52:33 -03:00] Monitor: sistemas ready
[2026-09-01 12:52:41 -03:00] Monitor: sistemas ready
[2026-09-01 12:52:48 -03:00] Monitor: sistemas ready
[2026-09-01 12:52:56 -03:00] Monitor: sistemas ready
[2026-09-01 12:53:03 -03:00] Monitor: sistemas ready
[2026-09-01 12:53:11 -03:00] Monitor: sistemas ready
[2026-09-01 12:53:18 -03:00] Monitor: sistemas ready
[2026-09-01 12:53:26 -03:00] Monitor: sistemas ready
[2026-09-01 12:53:34 -03:00] Monitor: sistemas ready
[2026-09-01 12:53:41 -03:00] Monitor: sistemas ready
[2026-09-01 12:53:49 -03:00] Monitor: sistemas ready
[2026-09-01 12:53:56 -03:00] Monitor: sistemas ready
[2026-09-01 12:54:04 -03:00] Monitor: sistemas ready
[2026-09-01 12:54:12 -03:00] Monitor: sistemas ready
[2026-09-01 12:54:20 -03:00] Monitor: sistemas ready
[2026-09-01 12:54:28 -03:00] Monitor: sistemas ready
[2026-09-01 12:54:35 -03:00] Monitor: sistemas ready
[2026-09-01 12:54:42 -03:00] Monitor: sistemas ready
[2026-09-01 12:54:50 -03:00] Monitor: sistemas ready
[2026-09-01 12:54:58 -03:00] Monitor: sistemas ready
[2026-09-01 12:55:03 -03:00] Monitor: An error occurred while sending the request.
[2026-09-01 12:55:03 -03:00] Monitor: aguardando servicos... retry em 0,7s
[2026-09-01 12:55:06 -03:00] Monitor: sistemas ready
[2026-09-01 12:55:13 -03:00] Monitor: sistemas ready
[2026-09-01 12:55:21 -03:00] Monitor: sistemas ready
[2026-09-01 12:55:29 -03:00] Monitor: sistemas ready
[2026-09-01 12:55:34 -03:00] Monitor: An error occurred while sending the request.
[2026-09-01 12:55:34 -03:00] Monitor: aguardando servicos... retry em 1,4s
[2026-09-01 12:55:39 -03:00] Monitor: sistemas ready
[2026-09-01 12:55:48 -03:00] Monitor: sistemas ready
[2026-09-01 12:55:56 -03:00] Monitor: sistemas ready
[2026-09-01 12:56:01 -03:00] Monitor: An error occurred while sending the request.
[2026-09-01 12:56:01 -03:00] Monitor: aguardando servicos... retry em 3,6s
[2026-09-01 12:56:08 -03:00] Monitor: sistemas ready
[2026-09-01 12:56:16 -03:00] Monitor: sistemas ready
[2026-09-01 12:56:23 -03:00] Monitor: sistemas ready
[2026-09-01 12:56:30 -03:00] Monitor: sistemas ready
[2026-09-01 12:56:38 -03:00] Monitor: sistemas ready
[2026-09-01 12:56:46 -03:00] Monitor: sistemas ready
[2026-09-01 12:56:51 -03:00] Monitor: An error occurred while sending the request.
[2026-09-01 12:56:51 -03:00] Monitor: aguardando servicos... retry em 5,7s
[2026-09-01 12:56:59 -03:00] Monitor: sistemas ready
[2026-09-01 12:57:07 -03:00] Monitor: sistemas ready
[2026-09-01 12:57:15 -03:00] Monitor: sistemas ready
[2026-09-01 12:57:22 -03:00] Monitor: sistemas ready
[2026-09-01 12:57:30 -03:00] Monitor: sistemas ready
[2026-09-01 12:57:37 -03:00] Monitor: sistemas ready
[2026-09-01 12:57:45 -03:00] Monitor: sistemas ready
[2026-09-01 12:57:53 -03:00] Monitor: sistemas ready
[2026-09-01 12:58:00 -03:00] Monitor: sistemas ready
[2026-09-01 12:58:08 -03:00] Monitor: sistemas ready
[2026-09-01 12:58:15 -03:00] Monitor: sistemas ready
[2026-09-01 12:58:23 -03:00] Monitor: sistemas ready
[2026-09-01 12:58:30 -03:00] Monitor: sistemas ready
[2026-09-01 12:58:38 -03:00] Monitor: sistemas ready
[2026-09-01 12:58:46 -03:00] Monitor: sistemas ready
[2026-09-01 12:58:54 -03:00] Monitor: sistemas ready
[2026-09-01 12:59:01 -03:00] Monitor: sistemas ready
[2026-09-01 12:59:10 -03:00] Monitor: sistemas ready
[2026-09-01 12:59:17 -03:00] Monitor: sistemas ready
[2026-09-01 12:59:25 -03:00] Monitor: sistemas ready
[2026-09-01 12:59:32 -03:00] Monitor: sistemas ready
[2026-09-01 12:59:40 -03:00] Monitor: sistemas ready
[2026-09-01 12:59:48 -03:00] Monitor: sistemas ready
[2026-09-01 12:59:56 -03:00] Monitor: sistemas ready
[2026-09-01 13:00:03 -03:00] Monitor: sistemas ready
[2026-09-01 13:00:11 -03:00] Monitor: sistemas ready
[2026-09-01 13:00:19 -03:00] Monitor: sistemas ready
[2026-09-01 13:00:26 -03:00] Monitor: sistemas ready
[2026-09-01 13:00:33 -03:00] Monitor: sistemas ready
[2026-09-01 13:00:41 -03:00] Monitor: sistemas ready
[2026-09-01 13:00:49 -03:00] Monitor: sistemas ready
[2026-09-01 13:00:56 -03:00] Monitor: sistemas ready
[2026-09-01 13:01:04 -03:00] Monitor: sistemas ready
[2026-09-01 13:01:11 -03:00] Monitor: sistemas ready
[2026-09-01 13:01:19 -03:00] Monitor: sistemas ready
[2026-09-01 13:01:27 -03:00] Monitor: sistemas ready
[2026-09-01 13:01:34 -03:00] Monitor: sistemas ready
[2026-09-01 13:01:42 -03:00] Monitor: sistemas ready
[2026-09-01 13:01:50 -03:00] Monitor: sistemas ready
[2026-09-01 13:01:57 -03:00] Monitor: sistemas ready
[2026-09-01 13:02:04 -03:00] Monitor: sistemas ready
[2026-09-01 13:02:12 -03:00] Monitor: sistemas ready
[2026-09-01 13:02:19 -03:00] Monitor: sistemas ready
[2026-09-01 13:02:27 -03:00] Monitor: sistemas ready
[2026-09-01 13:02:35 -03:00] Monitor: sistemas ready
[2026-09-01 13:02:43 -03:00] Monitor: sistemas ready
[2026-09-01 13:02:50 -03:00] Monitor: sistemas ready
[2026-09-01 13:02:58 -03:00] Monitor: sistemas ready
[2026-09-01 13:03:03 -03:00] Monitor: An error occurred while sending the request.
[2026-09-01 13:03:03 -03:00] Monitor: aguardando servicos... retry em 0,8s
[2026-09-01 13:03:06 -03:00] Monitor: sistemas ready
[2026-09-01 13:03:14 -03:00] Monitor: sistemas ready
[2026-09-01 13:03:22 -03:00] Monitor: sistemas ready
[2026-09-01 13:03:29 -03:00] Monitor: sistemas ready
[2026-09-01 13:03:34 -03:00] Monitor: An error occurred while sending the request.
[2026-09-01 13:03:34 -03:00] Monitor: aguardando servicos... retry em 1,0s
[2026-09-01 13:03:38 -03:00] Monitor: sistemas ready
[2026-09-01 13:03:46 -03:00] Monitor: sistemas ready
[2026-09-01 13:03:53 -03:00] Monitor: sistemas ready
[2026-09-01 13:04:01 -03:00] Monitor: sistemas ready
[2026-09-01 13:04:08 -03:00] Monitor: sistemas ready
[2026-09-01 13:04:16 -03:00] Monitor: sistemas ready
[2026-09-01 13:04:24 -03:00] Monitor: sistemas ready
[2026-09-01 13:04:31 -03:00] Monitor: sistemas ready
[2026-09-01 13:04:39 -03:00] Monitor: sistemas ready
[2026-09-01 13:04:46 -03:00] Monitor: sistemas ready
[2026-09-01 13:04:54 -03:00] Monitor: sistemas ready
[2026-09-01 13:05:02 -03:00] Monitor: sistemas ready
[2026-09-01 13:05:09 -03:00] Monitor: sistemas ready
[2026-09-01 13:05:17 -03:00] Monitor: sistemas ready
[2026-09-01 13:05:22 -03:00] Monitor: An error occurred while sending the request.
[2026-09-01 13:05:22 -03:00] Monitor: aguardando servicos... retry em 0,8s
[2026-09-01 13:05:25 -03:00] Monitor: sistemas ready
[2026-09-01 13:05:33 -03:00] Monitor: sistemas ready
[2026-09-01 13:05:40 -03:00] Monitor: sistemas ready
[2026-09-01 13:05:48 -03:00] Monitor: sistemas ready
[2026-09-01 13:05:55 -03:00] Monitor: sistemas ready
[2026-09-01 13:06:03 -03:00] Monitor: sistemas ready
[2026-09-01 13:06:11 -03:00] Monitor: sistemas ready
[2026-09-01 13:06:18 -03:00] Monitor: sistemas ready
[2026-09-01 13:06:26 -03:00] Monitor: sistemas ready
[2026-09-01 13:06:33 -03:00] Monitor: sistemas ready
[2026-09-01 13:06:41 -03:00] Monitor: sistemas ready
[2026-09-01 13:08:40 -03:00] Bridge: já estava saudável em http://127.0.0.1:8080/health; nenhuma segunda instância foi iniciada.
[2026-09-01 13:08:40 -03:00] Engine: já estava saudável em http://127.0.0.1:8765/api/health; nenhuma segunda instância foi iniciada.
[2026-09-01 13:08:40 -03:00] Voice: já estava saudável em http://127.0.0.1:8099/api/voice/health; nenhuma segunda instância foi iniciada.
[2026-09-01 13:08:43 -03:00] Monitor: sistemas ready
[2026-09-01 13:08:51 -03:00] Monitor: sistemas ready
[2026-09-01 13:08:56 -03:00] Monitor: An error occurred while sending the request.
[2026-09-01 13:08:56 -03:00] Monitor: aguardando servicos... retry em 0,7s
[2026-09-01 13:08:59 -03:00] Monitor: sistemas ready
[2026-09-01 13:09:07 -03:00] Monitor: sistemas ready
[2026-09-01 13:09:15 -03:00] Monitor: sistemas ready
[2026-09-01 13:09:22 -03:00] Monitor: sistemas ready
[2026-09-01 13:09:30 -03:00] Monitor: sistemas ready
[2026-09-01 13:09:39 -03:00] Monitor: sistemas ready
[2026-09-01 13:09:46 -03:00] Monitor: sistemas ready
[2026-09-01 13:09:54 -03:00] Monitor: sistemas ready
[2026-09-01 13:10:01 -03:00] Monitor: sistemas ready
[2026-09-01 13:10:09 -03:00] Monitor: sistemas ready
[2026-09-01 13:10:16 -03:00] Monitor: sistemas ready
[2026-09-01 13:10:24 -03:00] Monitor: sistemas ready
[2026-09-01 13:10:31 -03:00] Monitor: sistemas ready
[2026-09-01 13:10:39 -03:00] Monitor: sistemas ready
[2026-09-01 13:10:46 -03:00] Monitor: sistemas ready
[2026-09-01 13:10:55 -03:00] Monitor: sistemas ready
[2026-09-01 13:11:02 -03:00] Monitor: sistemas ready
[2026-09-01 13:11:10 -03:00] Monitor: sistemas ready
[2026-09-01 13:11:17 -03:00] Monitor: sistemas ready
[2026-09-01 13:11:25 -03:00] Monitor: sistemas ready
[2026-09-01 13:11:33 -03:00] Monitor: sistemas ready
[2026-09-01 13:11:40 -03:00] Monitor: sistemas ready
[2026-09-01 13:11:48 -03:00] Monitor: sistemas ready
[2026-09-01 13:11:56 -03:00] Monitor: sistemas ready
[2026-09-01 13:12:03 -03:00] Monitor: sistemas ready
[2026-09-01 13:12:11 -03:00] Monitor: sistemas ready
[2026-09-01 13:12:18 -03:00] Monitor: sistemas ready
[2026-09-01 13:12:26 -03:00] Monitor: sistemas ready
[2026-09-01 13:12:33 -03:00] Monitor: sistemas ready
[2026-09-01 13:12:41 -03:00] Monitor: sistemas ready
[2026-09-01 13:12:48 -03:00] Monitor: sistemas ready
[2026-09-01 13:12:56 -03:00] Monitor: sistemas ready
[2026-09-01 13:13:04 -03:00] Monitor: sistemas ready
[2026-09-01 13:13:12 -03:00] Monitor: sistemas ready
[2026-09-01 13:13:20 -03:00] Monitor: sistemas ready
[2026-09-01 13:13:27 -03:00] Monitor: sistemas ready
[2026-09-01 13:13:35 -03:00] Monitor: sistemas ready
[2026-09-01 13:13:42 -03:00] Monitor: sistemas ready
[2026-09-01 13:13:50 -03:00] Monitor: sistemas ready
[2026-09-01 13:13:58 -03:00] Bridge: já estava saudável em http://127.0.0.1:8080/health; nenhuma segunda instância foi iniciada.
[2026-09-01 13:13:58 -03:00] Engine: já estava saudável em http://127.0.0.1:8765/api/health; nenhuma segunda instância foi iniciada.
[2026-09-01 13:13:58 -03:00] Voice: já estava saudável em http://127.0.0.1:8099/api/voice/health; nenhuma segunda instância foi iniciada.
[2026-09-01 13:14:01 -03:00] Monitor: sistemas ready
[2026-09-01 13:14:09 -03:00] Monitor: sistemas ready
[2026-09-01 13:14:17 -03:00] Monitor: sistemas ready
[2026-09-01 13:14:25 -03:00] Monitor: sistemas ready
[2026-09-01 13:14:33 -03:00] Monitor: sistemas ready
[2026-09-01 13:14:40 -03:00] Monitor: sistemas ready
[2026-09-01 13:14:48 -03:00] Monitor: sistemas ready
[2026-09-01 13:14:57 -03:00] Monitor: sistemas ready
[2026-09-01 13:15:02 -03:00] Monitor: An error occurred while sending the request.
[2026-09-01 13:15:02 -03:00] Monitor: aguardando servicos... retry em 0,5s
[2026-09-01 13:15:05 -03:00] Monitor: sistemas ready
[2026-09-01 13:15:12 -03:00] Monitor: sistemas ready
[2026-09-01 13:15:17 -03:00] Monitor: An error occurred while sending the request.
[2026-09-01 13:15:17 -03:00] Monitor: aguardando servicos... retry em 1,8s
[2026-09-01 13:15:22 -03:00] Monitor: sistemas ready
[2026-09-01 13:15:30 -03:00] Monitor: sistemas ready
[2026-09-01 13:15:38 -03:00] Monitor: sistemas ready
[2026-09-01 13:15:45 -03:00] Monitor: sistemas ready
[2026-09-01 13:15:53 -03:00] Monitor: sistemas ready
[2026-09-01 13:16:01 -03:00] Monitor: sistemas ready
[2026-09-01 13:16:08 -03:00] Monitor: sistemas ready
[2026-09-01 13:16:16 -03:00] Monitor: sistemas ready
[2026-09-01 13:16:23 -03:00] Monitor: sistemas ready
[2026-09-01 13:16:28 -03:00] Monitor: An error occurred while sending the request.
[2026-09-01 13:16:28 -03:00] Monitor: aguardando servicos... retry em 0,7s
[2026-09-01 13:16:32 -03:00] Monitor: sistemas ready
[2026-09-01 13:16:40 -03:00] Monitor: sistemas ready
[2026-09-01 13:16:45 -03:00] Monitor: An error occurred while sending the request.
[2026-09-01 13:16:45 -03:00] Monitor: aguardando servicos... retry em 2,0s
[2026-09-01 13:16:49 -03:00] Monitor: sistemas ready
[2026-09-01 13:16:57 -03:00] Monitor: sistemas ready
[2026-09-01 13:17:02 -03:00] Monitor: An error occurred while sending the request.
[2026-09-01 13:17:02 -03:00] Monitor: aguardando servicos... retry em 3,5s
[2026-09-01 13:17:09 -03:00] Monitor: sistemas ready
[2026-09-01 13:17:16 -03:00] Monitor: sistemas ready
[2026-09-01 13:17:24 -03:00] Monitor: sistemas ready
[2026-09-01 13:17:31 -03:00] Monitor: sistemas ready
[2026-09-01 13:17:39 -03:00] Monitor: sistemas ready
[2026-09-01 13:17:46 -03:00] Monitor: sistemas ready
[2026-09-01 13:17:54 -03:00] Monitor: sistemas ready
[2026-09-01 13:18:02 -03:00] Monitor: sistemas ready
[2026-09-01 13:18:10 -03:00] Monitor: sistemas ready
[2026-09-01 13:18:17 -03:00] Monitor: sistemas ready
[2026-09-01 13:18:25 -03:00] Monitor: sistemas ready
[2026-09-01 13:18:32 -03:00] Monitor: sistemas ready
[2026-09-01 13:18:40 -03:00] Monitor: sistemas ready
[2026-09-01 13:18:47 -03:00] Monitor: sistemas ready
[2026-09-01 13:18:55 -03:00] Monitor: sistemas ready
[2026-09-01 13:19:03 -03:00] Monitor: sistemas ready
[2026-09-01 13:19:10 -03:00] Monitor: sistemas ready
[2026-09-01 13:19:18 -03:00] Monitor: sistemas ready
[2026-09-01 13:19:26 -03:00] Monitor: sistemas ready
[2026-09-01 13:19:34 -03:00] Monitor: sistemas ready
[2026-09-01 13:19:41 -03:00] Monitor: sistemas ready
[2026-09-01 13:19:49 -03:00] Monitor: sistemas ready
[2026-09-01 13:19:56 -03:00] Monitor: sistemas ready
[2026-09-01 13:20:04 -03:00] Monitor: sistemas ready
[2026-09-01 13:20:12 -03:00] Monitor: sistemas ready
[2026-09-01 13:20:20 -03:00] Monitor: sistemas ready
[2026-09-01 13:21:37 -03:00] Bridge: já estava saudável em http://127.0.0.1:8080/health; nenhuma segunda instância foi iniciada.
[2026-09-01 13:21:37 -03:00] Engine: já estava saudável em http://127.0.0.1:8765/api/health; nenhuma segunda instância foi iniciada.
[2026-09-01 13:21:37 -03:00] Voice: já estava saudável em http://127.0.0.1:8099/api/voice/health; nenhuma segunda instância foi iniciada.
[2026-09-01 13:21:40 -03:00] Monitor: sistemas ready
[2026-09-01 13:21:48 -03:00] Monitor: sistemas ready
[2026-09-01 13:21:55 -03:00] Monitor: sistemas ready
[2026-09-01 13:22:03 -03:00] Monitor: sistemas ready
[2026-09-01 13:22:10 -03:00] Monitor: sistemas ready
[2026-09-01 13:22:18 -03:00] Monitor: sistemas ready
[2026-09-01 13:22:25 -03:00] Monitor: sistemas ready
[2026-09-01 13:22:33 -03:00] Monitor: sistemas ready
[2026-09-01 13:22:40 -03:00] Monitor: sistemas ready
[2026-09-01 13:22:48 -03:00] Monitor: sistemas ready
[2026-09-01 13:22:55 -03:00] Monitor: sistemas ready
[2026-09-01 13:23:03 -03:00] Monitor: sistemas ready
[2026-09-01 13:23:09 -03:00] Bridge: já estava saudável em http://127.0.0.1:8080/health; nenhuma segunda instância foi iniciada.
[2026-09-01 13:23:09 -03:00] Engine: já estava saudável em http://127.0.0.1:8765/api/health; nenhuma segunda instância foi iniciada.
[2026-09-01 13:23:09 -03:00] Voice: já estava saudável em http://127.0.0.1:8099/api/voice/health; nenhuma segunda instância foi iniciada.
[2026-09-01 13:23:11 -03:00] Monitor: sistemas ready
[2026-09-01 13:23:19 -03:00] Monitor: sistemas ready
[2026-09-01 13:24:38 -03:00] Bridge: já estava saudável em http://127.0.0.1:8080/health; nenhuma segunda instância foi iniciada.
[2026-09-01 13:24:38 -03:00] Engine: já estava saudável em http://127.0.0.1:8765/api/health; nenhuma segunda instância foi iniciada.
[2026-09-01 13:24:38 -03:00] Voice: já estava saudável em http://127.0.0.1:8099/api/voice/health; nenhuma segunda instância foi iniciada.
[2026-09-01 13:24:40 -03:00] Monitor: sistemas ready
[2026-09-01 13:24:49 -03:00] Monitor: sistemas ready
[2026-09-01 13:27:51 -03:00] Bridge: já estava saudável em http://127.0.0.1:8080/health; nenhuma segunda instância foi iniciada.
[2026-09-01 13:27:51 -03:00] Engine: já estava saudável em http://127.0.0.1:8765/api/health; nenhuma segunda instância foi iniciada.
[2026-09-01 13:27:52 -03:00] Voice: já estava saudável em http://127.0.0.1:8099/api/voice/health; nenhuma segunda instância foi iniciada.
[2026-09-01 13:27:55 -03:00] Monitor: sistemas ready
[2026-09-01 13:28:02 -03:00] Monitor: sistemas ready
[2026-09-01 13:28:11 -03:00] Monitor: sistemas ready
[2026-09-01 13:28:35 -03:00] Bridge: já estava saudável em http://127.0.0.1:8080/health; nenhuma segunda instância foi iniciada.
[2026-09-01 13:28:35 -03:00] Engine: já estava saudável em http://127.0.0.1:8765/api/health; nenhuma segunda instância foi iniciada.
[2026-09-01 13:28:35 -03:00] Voice: já estava saudável em http://127.0.0.1:8099/api/voice/health; nenhuma segunda instância foi iniciada.
[2026-09-01 13:28:38 -03:00] Monitor: sistemas ready
[2026-09-01 13:28:43 -03:00] Monitor: An error occurred while sending the request.
[2026-09-01 13:28:43 -03:00] Monitor: aguardando servicos... retry em 0,9s
[2026-09-01 13:28:47 -03:00] Monitor: sistemas ready
[2026-09-01 13:28:52 -03:00] Monitor: An error occurred while sending the request.
[2026-09-01 13:28:52 -03:00] Monitor: aguardando servicos... retry em 1,9s
[2026-09-01 13:28:56 -03:00] Monitor: sistemas ready
[2026-09-01 13:29:04 -03:00] Monitor: sistemas ready
[2026-09-01 13:29:11 -03:00] Monitor: sistemas ready
[2026-09-01 13:29:19 -03:00] Monitor: sistemas ready
[2026-09-01 13:29:26 -03:00] Monitor: sistemas ready
[2026-09-01 13:30:00 -03:00] Bridge: já estava saudável em http://127.0.0.1:8080/health; nenhuma segunda instância foi iniciada.
[2026-09-01 13:30:00 -03:00] Engine: já estava saudável em http://127.0.0.1:8765/api/health; nenhuma segunda instância foi iniciada.
[2026-09-01 13:30:00 -03:00] Voice: já estava saudável em http://127.0.0.1:8099/api/voice/health; nenhuma segunda instância foi iniciada.
[2026-09-01 13:30:03 -03:00] Monitor: sistemas ready
[2026-09-01 13:30:11 -03:00] Monitor: sistemas ready
[2026-09-01 13:38:46 -03:00] Bridge: já estava saudável em http://127.0.0.1:8080/health; nenhuma segunda instância foi iniciada.
[2026-09-01 13:38:46 -03:00] Engine: já estava saudável em http://127.0.0.1:8765/api/health; nenhuma segunda instância foi iniciada.
[2026-09-01 13:38:46 -03:00] Voice: já estava saudável em http://127.0.0.1:8099/api/voice/health; nenhuma segunda instância foi iniciada.
[2026-09-01 13:38:49 -03:00] Monitor: sistemas ready
[2026-09-01 13:38:57 -03:00] Monitor: sistemas ready
[2026-09-01 13:39:02 -03:00] Monitor: An error occurred while sending the request.
[2026-09-01 13:39:02 -03:00] Monitor: aguardando servicos... retry em 0,8s
[2026-09-01 13:39:05 -03:00] Monitor: sistemas ready
[2026-09-01 13:39:10 -03:00] Monitor: An error occurred while sending the request.
[2026-09-01 13:39:10 -03:00] Monitor: aguardando servicos... retry em 1,8s
[2026-09-01 13:39:15 -03:00] Monitor: sistemas ready
[2026-09-01 13:39:23 -03:00] Monitor: sistemas ready
[2026-09-01 13:39:31 -03:00] Monitor: sistemas ready
[2026-09-01 13:39:38 -03:00] Monitor: sistemas ready
[2026-09-01 13:39:47 -03:00] Monitor: sistemas ready
[2026-09-01 13:39:54 -03:00] Monitor: sistemas ready
[2026-09-01 13:40:02 -03:00] Monitor: sistemas ready
[2026-09-01 13:40:09 -03:00] Monitor: sistemas ready
[2026-09-01 13:40:17 -03:00] Monitor: sistemas ready
[2026-09-01 13:40:33 -03:00] Bridge: já estava saudável em http://127.0.0.1:8080/health; nenhuma segunda instância foi iniciada.
[2026-09-01 13:40:33 -03:00] Engine: já estava saudável em http://127.0.0.1:8765/api/health; nenhuma segunda instância foi iniciada.
[2026-09-01 13:40:33 -03:00] Voice: já estava saudável em http://127.0.0.1:8099/api/voice/health; nenhuma segunda instância foi iniciada.
[2026-09-01 13:40:36 -03:00] Monitor: sistemas ready
[2026-09-01 13:40:44 -03:00] Monitor: sistemas ready
[2026-09-01 13:40:49 -03:00] Monitor: An error occurred while sending the request.
[2026-09-01 13:40:49 -03:00] Monitor: aguardando servicos... retry em 0,8s
[2026-09-01 13:40:53 -03:00] Monitor: sistemas ready
[2026-09-01 13:41:00 -03:00] Monitor: sistemas ready
[2026-09-01 13:41:24 -03:00] Bridge: já estava saudável em http://127.0.0.1:8080/health; nenhuma segunda instância foi iniciada.
[2026-09-01 13:41:24 -03:00] Engine: já estava saudável em http://127.0.0.1:8765/api/health; nenhuma segunda instância foi iniciada.
[2026-09-01 13:41:24 -03:00] Voice: já estava saudável em http://127.0.0.1:8099/api/voice/health; nenhuma segunda instância foi iniciada.
[2026-09-01 13:41:27 -03:00] Monitor: sistemas ready
[2026-09-01 14:19:13 -03:00] Bridge: já estava saudável em http://127.0.0.1:8080/health; nenhuma segunda instância foi iniciada.
[2026-09-01 14:19:13 -03:00] Engine: já estava saudável em http://127.0.0.1:8765/api/health; nenhuma segunda instância foi iniciada.
[2026-09-01 14:19:13 -03:00] Voice: já estava saudável em http://127.0.0.1:8099/api/voice/health; nenhuma segunda instância foi iniciada.
[2026-09-01 14:19:16 -03:00] Monitor: sistemas ready
[2026-09-01 14:19:24 -03:00] Monitor: sistemas ready
[2026-09-01 14:19:30 -03:00] Monitor: An error occurred while sending the request.
[2026-09-01 14:19:30 -03:00] Monitor: aguardando servicos... retry em 1,0s
[2026-09-01 14:19:33 -03:00] Monitor: sistemas ready
[2026-09-01 14:19:41 -03:00] Monitor: sistemas ready
[2026-09-01 14:19:48 -03:00] Monitor: sistemas ready
[2026-09-01 14:19:56 -03:00] Monitor: sistemas ready
[2026-09-01 14:20:04 -03:00] Monitor: sistemas ready
[2026-09-01 14:20:11 -03:00] Monitor: sistemas ready
[2026-09-01 14:20:19 -03:00] Monitor: sistemas ready
[2026-09-01 14:20:26 -03:00] Monitor: sistemas ready
[2026-09-01 14:20:35 -03:00] Monitor: sistemas ready
[2026-09-01 14:20:42 -03:00] Monitor: sistemas ready
[2026-09-01 14:20:50 -03:00] Monitor: sistemas ready
[2026-09-01 14:20:58 -03:00] Monitor: sistemas ready
[2026-09-01 14:21:06 -03:00] Monitor: sistemas ready
[2026-09-01 14:21:14 -03:00] Monitor: sistemas ready
[2026-09-01 14:21:21 -03:00] Monitor: sistemas ready
[2026-09-01 14:21:29 -03:00] Monitor: sistemas ready
[2026-09-01 14:21:37 -03:00] Monitor: sistemas ready
[2026-09-01 14:21:44 -03:00] Monitor: sistemas ready
[2026-09-01 14:21:52 -03:00] Monitor: sistemas ready
[2026-09-01 14:22:00 -03:00] Monitor: sistemas ready
[2026-09-01 14:22:08 -03:00] Monitor: sistemas ready
[2026-09-01 14:22:16 -03:00] Monitor: sistemas ready
[2026-09-01 14:22:23 -03:00] Monitor: sistemas ready
[2026-09-01 14:22:31 -03:00] Monitor: sistemas ready
[2026-09-01 14:22:39 -03:00] Monitor: sistemas ready
[2026-09-01 14:22:46 -03:00] Monitor: sistemas ready
[2026-09-01 14:22:54 -03:00] Monitor: sistemas ready
[2026-09-01 14:23:01 -03:00] Monitor: sistemas ready
[2026-09-01 14:23:09 -03:00] Monitor: sistemas ready
[2026-09-01 14:23:14 -03:00] Monitor: An error occurred while sending the request.
[2026-09-01 14:23:14 -03:00] Monitor: aguardando servicos... retry em 0,9s
[2026-09-01 14:23:18 -03:00] Monitor: sistemas ready
[2026-09-01 14:23:25 -03:00] Monitor: sistemas ready
[2026-09-01 14:23:33 -03:00] Monitor: sistemas ready
[2026-09-01 14:23:40 -03:00] Monitor: sistemas ready
[2026-09-01 14:23:59 -03:00] Bridge: já estava saudável em http://127.0.0.1:8080/health; nenhuma segunda instância foi iniciada.
[2026-09-01 14:23:59 -03:00] Engine: já estava saudável em http://127.0.0.1:8765/api/health; nenhuma segunda instância foi iniciada.
[2026-09-01 14:23:59 -03:00] Voice: já estava saudável em http://127.0.0.1:8099/api/voice/health; nenhuma segunda instância foi iniciada.
[2026-09-01 14:24:02 -03:00] Monitor: sistemas ready
[2026-09-01 14:24:10 -03:00] Monitor: sistemas ready
[2026-09-01 14:24:17 -03:00] Monitor: sistemas ready
[2026-09-01 14:24:25 -03:00] Monitor: sistemas ready
[2026-09-01 14:24:33 -03:00] Monitor: sistemas ready
[2026-09-01 14:24:40 -03:00] Monitor: sistemas ready
[2026-09-01 14:24:48 -03:00] Monitor: sistemas ready
[2026-09-01 14:24:55 -03:00] Monitor: sistemas ready
[2026-09-01 14:25:03 -03:00] Monitor: sistemas ready
[2026-09-01 14:25:10 -03:00] Monitor: sistemas ready
[2026-09-01 14:25:18 -03:00] Monitor: sistemas ready
[2026-09-01 14:25:26 -03:00] Monitor: sistemas ready
[2026-09-01 14:25:31 -03:00] Monitor: An error occurred while sending the request.
[2026-09-01 14:25:31 -03:00] Monitor: aguardando servicos... retry em 0,7s
[2026-09-01 14:25:35 -03:00] Monitor: sistemas ready
[2026-09-01 14:25:42 -03:00] Monitor: sistemas ready
[2026-09-01 14:25:50 -03:00] Monitor: sistemas ready
[2026-09-01 14:25:58 -03:00] Monitor: sistemas ready
[2026-09-01 14:26:05 -03:00] Monitor: sistemas ready
[2026-09-01 14:26:13 -03:00] Monitor: sistemas ready
[2026-09-01 14:26:18 -03:00] Monitor: An error occurred while sending the request.
[2026-09-01 14:26:18 -03:00] Monitor: aguardando servicos... retry em 1,3s
[2026-09-01 14:26:22 -03:00] Monitor: sistemas ready
[2026-09-01 14:26:30 -03:00] Monitor: sistemas ready
[2026-09-01 14:26:37 -03:00] Monitor: sistemas ready
[2026-09-01 14:26:45 -03:00] Monitor: sistemas ready
[2026-09-01 14:26:52 -03:00] Monitor: sistemas ready
[2026-09-01 14:27:00 -03:00] Monitor: sistemas ready
[2026-09-01 14:27:07 -03:00] Monitor: sistemas ready
[2026-09-01 14:27:15 -03:00] Monitor: sistemas ready
[2026-09-01 14:27:23 -03:00] Monitor: sistemas ready
[2026-09-01 14:27:30 -03:00] Monitor: sistemas ready
[2026-09-01 14:27:39 -03:00] Monitor: sistemas ready
[2026-09-01 14:27:47 -03:00] Monitor: sistemas ready
[2026-09-01 14:27:55 -03:00] Monitor: sistemas ready
[2026-09-01 14:28:03 -03:00] Monitor: sistemas ready
[2026-09-01 14:28:10 -03:00] Monitor: sistemas ready
[2026-09-01 14:28:18 -03:00] Monitor: sistemas ready
[2026-09-01 14:28:26 -03:00] Monitor: sistemas ready
[2026-09-01 14:28:33 -03:00] Monitor: sistemas ready
[2026-09-01 14:28:41 -03:00] Monitor: sistemas ready
[2026-09-01 14:28:48 -03:00] Monitor: sistemas ready
[2026-09-01 14:28:56 -03:00] Monitor: sistemas ready
[2026-09-01 14:29:03 -03:00] Monitor: sistemas ready
[2026-09-01 14:29:11 -03:00] Monitor: sistemas ready
[2026-09-01 14:29:18 -03:00] Monitor: sistemas ready
[2026-09-01 14:29:26 -03:00] Monitor: sistemas ready
[2026-09-01 14:29:33 -03:00] Monitor: sistemas ready
[2026-09-01 14:29:41 -03:00] Monitor: sistemas ready
[2026-09-01 14:29:48 -03:00] Monitor: sistemas ready
[2026-09-01 14:29:56 -03:00] Monitor: sistemas ready
[2026-09-01 14:30:01 -03:00] Monitor: An error occurred while sending the request.
[2026-09-01 14:30:01 -03:00] Monitor: aguardando servicos... retry em 0,8s
[2026-09-01 14:30:05 -03:00] Monitor: sistemas ready
[2026-09-01 14:30:12 -03:00] Monitor: sistemas ready
[2026-09-01 14:30:20 -03:00] Monitor: sistemas ready
[2026-09-01 14:30:27 -03:00] Monitor: sistemas ready
[2026-09-01 14:30:35 -03:00] Monitor: sistemas ready
[2026-09-01 14:30:43 -03:00] Monitor: sistemas ready
[2026-09-01 14:30:51 -03:00] Monitor: sistemas ready
[2026-09-01 14:30:59 -03:00] Monitor: sistemas ready
[2026-09-01 14:31:04 -03:00] Monitor: An error occurred while sending the request.
[2026-09-01 14:31:04 -03:00] Monitor: aguardando servicos... retry em 1,2s
[2026-09-01 14:31:07 -03:00] Monitor: sistemas ready
[2026-09-01 14:31:15 -03:00] Monitor: sistemas ready
[2026-09-01 14:31:22 -03:00] Monitor: sistemas ready
[2026-09-01 14:31:30 -03:00] Monitor: sistemas ready
[2026-09-01 14:31:38 -03:00] Monitor: sistemas ready
[2026-09-01 14:31:46 -03:00] Monitor: sistemas ready
[2026-09-01 14:31:53 -03:00] Monitor: sistemas ready
[2026-09-01 14:32:01 -03:00] Monitor: sistemas ready
[2026-09-01 14:32:08 -03:00] Monitor: sistemas ready
[2026-09-01 14:32:16 -03:00] Monitor: sistemas ready
[2026-09-01 14:32:24 -03:00] Monitor: sistemas ready
[2026-09-01 14:32:32 -03:00] Monitor: sistemas ready
[2026-09-01 14:32:39 -03:00] Monitor: sistemas ready
[2026-09-01 14:32:47 -03:00] Monitor: sistemas ready
[2026-09-01 14:32:54 -03:00] Monitor: sistemas ready
[2026-09-01 14:33:02 -03:00] Monitor: sistemas ready
[2026-09-01 14:33:09 -03:00] Monitor: sistemas ready
[2026-09-01 14:33:17 -03:00] Monitor: sistemas ready
[2026-09-01 14:33:24 -03:00] Monitor: sistemas ready
[2026-09-01 14:33:32 -03:00] Monitor: sistemas ready
[2026-09-01 14:33:40 -03:00] Monitor: sistemas ready
[2026-09-01 14:33:45 -03:00] Monitor: An error occurred while sending the request.
[2026-09-01 14:33:45 -03:00] Monitor: aguardando servicos... retry em 0,9s
[2026-09-01 14:33:48 -03:00] Monitor: sistemas ready
[2026-09-01 14:33:55 -03:00] Monitor: sistemas ready
[2026-09-01 14:34:03 -03:00] Monitor: sistemas ready
[2026-09-01 14:34:10 -03:00] Monitor: sistemas ready
[2026-09-01 14:34:19 -03:00] Monitor: sistemas ready
[2026-09-01 14:34:26 -03:00] Monitor: sistemas ready
[2026-09-01 14:34:31 -03:00] Monitor: An error occurred while sending the request.
[2026-09-01 14:34:31 -03:00] Monitor: aguardando servicos... retry em 1,3s
[2026-09-01 14:34:35 -03:00] Monitor: sistemas ready
[2026-09-01 14:34:43 -03:00] Monitor: sistemas ready
[2026-09-01 14:34:50 -03:00] Monitor: sistemas ready
[2026-09-01 14:34:58 -03:00] Monitor: sistemas ready
[2026-09-01 14:35:06 -03:00] Monitor: sistemas ready
[2026-09-01 14:35:14 -03:00] Monitor: sistemas ready
[2026-09-01 14:35:19 -03:00] Monitor: An error occurred while sending the request.
[2026-09-01 14:35:19 -03:00] Monitor: aguardando servicos... retry em 3,6s
[2026-09-01 14:35:25 -03:00] Monitor: sistemas ready
[2026-09-01 14:35:30 -03:00] Monitor: An error occurred while sending the request.
[2026-09-01 14:35:30 -03:00] Monitor: aguardando servicos... retry em 6,6s
[2026-09-01 14:35:39 -03:00] Monitor: sistemas ready
[2026-09-01 14:35:46 -03:00] Monitor: sistemas ready
[2026-09-01 14:35:51 -03:00] Monitor: An error occurred while sending the request.
[2026-09-01 14:35:51 -03:00] Monitor: aguardando servicos... retry em 8,8s
[2026-09-01 14:36:03 -03:00] Monitor: sistemas ready
[2026-09-01 14:36:11 -03:00] Monitor: sistemas ready
[2026-09-01 14:36:19 -03:00] Monitor: sistemas ready
[2026-09-01 14:36:26 -03:00] Monitor: sistemas ready
[2026-09-01 14:36:34 -03:00] Monitor: sistemas ready
[2026-09-01 14:36:42 -03:00] Monitor: sistemas ready
[2026-09-01 14:36:49 -03:00] Monitor: sistemas ready
[2026-09-01 14:36:57 -03:00] Monitor: sistemas ready
[2026-09-01 14:37:04 -03:00] Monitor: sistemas ready
[2026-09-01 14:37:12 -03:00] Monitor: sistemas ready
[2026-09-01 14:37:17 -03:00] Monitor: An error occurred while sending the request.
[2026-09-01 14:37:17 -03:00] Monitor: aguardando servicos... retry em 0,8s
[2026-09-01 14:37:21 -03:00] Monitor: sistemas ready
[2026-09-01 14:37:28 -03:00] Monitor: sistemas ready
[2026-09-01 14:37:36 -03:00] Monitor: sistemas ready
[2026-09-01 14:37:43 -03:00] Monitor: sistemas ready
[2026-09-01 14:37:51 -03:00] Monitor: sistemas ready
[2026-09-01 14:37:59 -03:00] Monitor: sistemas ready
[2026-09-01 14:38:07 -03:00] Monitor: sistemas ready
[2026-09-01 14:38:15 -03:00] Monitor: sistemas ready
[2026-09-01 14:38:23 -03:00] Monitor: sistemas ready
[2026-09-01 14:38:30 -03:00] Monitor: sistemas ready
[2026-09-01 14:38:38 -03:00] Monitor: sistemas ready
[2026-09-01 14:38:43 -03:00] Monitor: An error occurred while sending the request.
[2026-09-01 14:38:43 -03:00] Monitor: aguardando servicos... retry em 0,9s
[2026-09-01 14:38:46 -03:00] Monitor: sistemas ready
[2026-09-01 14:38:54 -03:00] Monitor: sistemas ready
[2026-09-01 14:39:01 -03:00] Monitor: sistemas ready
[2026-09-01 14:39:09 -03:00] Monitor: sistemas ready
[2026-09-01 14:39:16 -03:00] Monitor: sistemas ready
[2026-09-01 14:39:24 -03:00] Monitor: sistemas ready
[2026-09-01 14:39:32 -03:00] Monitor: sistemas ready
[2026-09-01 14:39:39 -03:00] Monitor: sistemas ready
[2026-09-01 14:39:47 -03:00] Monitor: sistemas ready
[2026-09-01 14:39:54 -03:00] Monitor: sistemas ready
[2026-09-01 14:40:01 -03:00] Monitor: sistemas ready
[2026-09-01 14:40:09 -03:00] Monitor: sistemas ready
[2026-09-01 14:40:17 -03:00] Monitor: sistemas ready
[2026-09-01 14:40:24 -03:00] Monitor: sistemas ready
[2026-09-01 14:40:32 -03:00] Monitor: sistemas ready
[2026-09-01 14:40:39 -03:00] Monitor: sistemas ready
[2026-09-01 14:40:47 -03:00] Monitor: sistemas ready
[2026-09-01 14:40:55 -03:00] Monitor: sistemas ready
[2026-09-01 14:41:02 -03:00] Monitor: sistemas ready
[2026-09-01 14:41:10 -03:00] Monitor: sistemas ready
[2026-09-01 14:41:18 -03:00] Monitor: sistemas ready
[2026-09-01 14:41:25 -03:00] Monitor: sistemas ready
[2026-09-01 14:41:33 -03:00] Monitor: sistemas ready
[2026-09-01 14:41:40 -03:00] Monitor: sistemas ready
[2026-09-01 14:41:48 -03:00] Monitor: sistemas ready
[2026-09-01 14:41:55 -03:00] Monitor: sistemas ready
[2026-09-01 14:42:03 -03:00] Monitor: sistemas ready
[2026-09-01 14:42:10 -03:00] Monitor: sistemas ready
[2026-09-01 14:42:18 -03:00] Monitor: sistemas ready
[2026-09-01 14:42:25 -03:00] Monitor: sistemas ready
[2026-09-01 14:42:33 -03:00] Monitor: sistemas ready
[2026-09-01 14:42:40 -03:00] Monitor: sistemas ready
[2026-09-01 14:42:48 -03:00] Monitor: sistemas ready
[2026-09-01 14:42:55 -03:00] Monitor: sistemas ready
[2026-09-01 14:43:03 -03:00] Monitor: sistemas ready
[2026-09-01 14:43:11 -03:00] Monitor: sistemas ready
[2026-09-01 14:43:18 -03:00] Monitor: sistemas ready
[2026-09-01 14:43:27 -03:00] Monitor: sistemas ready
[2026-09-01 14:43:34 -03:00] Monitor: sistemas ready
[2026-09-01 14:43:41 -03:00] Monitor: sistemas ready
[2026-09-01 14:43:49 -03:00] Monitor: sistemas ready
[2026-09-01 14:43:56 -03:00] Monitor: sistemas ready
[2026-09-01 14:44:04 -03:00] Monitor: sistemas ready
[2026-09-01 14:44:11 -03:00] Monitor: sistemas ready
[2026-09-01 14:44:19 -03:00] Monitor: sistemas ready
[2026-09-01 14:44:26 -03:00] Monitor: sistemas ready
[2026-09-01 14:44:34 -03:00] Monitor: sistemas ready
[2026-09-01 14:44:42 -03:00] Monitor: sistemas ready
[2026-09-01 14:44:50 -03:00] Monitor: sistemas ready
[2026-09-01 14:44:57 -03:00] Monitor: sistemas ready
[2026-09-01 14:45:05 -03:00] Monitor: sistemas ready
[2026-09-01 14:45:12 -03:00] Monitor: sistemas ready
[2026-09-01 14:45:21 -03:00] Monitor: sistemas ready
[2026-09-01 14:45:28 -03:00] Monitor: sistemas ready
[2026-09-01 14:45:36 -03:00] Monitor: sistemas ready
[2026-09-01 14:45:44 -03:00] Monitor: sistemas ready
[2026-09-01 14:45:51 -03:00] Monitor: sistemas ready
[2026-09-01 14:45:59 -03:00] Monitor: sistemas ready
[2026-09-01 14:46:06 -03:00] Monitor: sistemas ready
[2026-09-01 14:46:14 -03:00] Monitor: sistemas ready
[2026-09-01 14:46:21 -03:00] Monitor: sistemas ready
[2026-09-01 14:46:29 -03:00] Monitor: sistemas ready
[2026-09-01 14:46:37 -03:00] Monitor: sistemas ready
[2026-09-01 14:46:45 -03:00] Monitor: sistemas ready
[2026-09-01 14:46:52 -03:00] Monitor: sistemas ready
[2026-09-01 14:47:00 -03:00] Monitor: sistemas ready
[2026-09-01 14:47:08 -03:00] Monitor: sistemas ready
[2026-09-01 14:47:15 -03:00] Monitor: sistemas ready
[2026-09-01 14:47:23 -03:00] Monitor: sistemas ready
[2026-09-01 14:47:30 -03:00] Monitor: sistemas ready
[2026-09-01 14:47:38 -03:00] Monitor: sistemas ready
[2026-09-01 14:47:46 -03:00] Monitor: sistemas ready
[2026-09-01 14:47:54 -03:00] Monitor: sistemas ready
[2026-09-01 14:48:02 -03:00] Monitor: sistemas ready
[2026-09-01 14:48:09 -03:00] Monitor: sistemas ready
[2026-09-01 14:48:17 -03:00] Monitor: sistemas ready
[2026-09-01 14:48:25 -03:00] Monitor: sistemas ready
[2026-09-01 14:48:33 -03:00] Monitor: sistemas ready
[2026-09-01 14:48:40 -03:00] Monitor: sistemas ready
[2026-09-01 14:48:48 -03:00] Monitor: sistemas ready
[2026-09-01 14:48:56 -03:00] Monitor: sistemas ready
[2026-09-01 14:49:03 -03:00] Monitor: sistemas ready
[2026-09-01 14:49:11 -03:00] Monitor: sistemas ready
[2026-09-01 14:49:19 -03:00] Monitor: sistemas ready
[2026-09-01 14:49:26 -03:00] Monitor: sistemas ready
[2026-09-01 14:49:34 -03:00] Monitor: sistemas ready
[2026-09-01 14:49:42 -03:00] Monitor: sistemas ready
[2026-09-01 14:49:49 -03:00] Monitor: sistemas ready
[2026-09-01 14:49:57 -03:00] Monitor: sistemas ready
[2026-09-01 14:50:05 -03:00] Monitor: sistemas ready
[2026-09-01 14:50:13 -03:00] Monitor: sistemas ready
[2026-09-01 14:50:20 -03:00] Monitor: sistemas ready
[2026-09-01 14:50:28 -03:00] Monitor: sistemas ready
[2026-09-01 14:50:36 -03:00] Monitor: sistemas ready
[2026-09-01 14:50:44 -03:00] Monitor: sistemas ready
[2026-09-01 14:50:52 -03:00] Monitor: sistemas ready
[2026-09-01 14:50:59 -03:00] Monitor: sistemas ready
[2026-09-01 14:51:07 -03:00] Monitor: sistemas ready
[2026-09-01 14:51:14 -03:00] Monitor: sistemas ready
[2026-09-01 14:51:22 -03:00] Monitor: sistemas ready
[2026-09-01 14:51:30 -03:00] Monitor: sistemas ready
[2026-09-01 14:51:38 -03:00] Monitor: sistemas ready
[2026-09-01 14:51:45 -03:00] Monitor: sistemas ready
[2026-09-01 14:51:53 -03:00] Monitor: sistemas ready
[2026-09-01 14:52:01 -03:00] Monitor: sistemas ready
[2026-09-01 14:52:09 -03:00] Monitor: sistemas ready
[2026-09-01 14:52:17 -03:00] Monitor: sistemas ready
[2026-09-01 14:52:24 -03:00] Monitor: sistemas ready
[2026-09-01 14:52:32 -03:00] Monitor: sistemas ready
[2026-09-01 14:52:40 -03:00] Monitor: sistemas ready
[2026-09-01 14:52:47 -03:00] Monitor: sistemas ready
[2026-09-01 14:52:55 -03:00] Monitor: sistemas ready
[2026-09-01 14:53:02 -03:00] Monitor: sistemas ready
[2026-09-01 14:53:10 -03:00] Monitor: sistemas ready
[2026-09-01 14:53:17 -03:00] Monitor: sistemas ready
[2026-09-01 14:53:25 -03:00] Monitor: sistemas ready
[2026-09-01 14:53:32 -03:00] Monitor: sistemas ready
[2026-09-01 14:53:40 -03:00] Monitor: sistemas ready
[2026-09-01 14:53:47 -03:00] Monitor: sistemas ready
[2026-09-01 14:53:55 -03:00] Monitor: sistemas ready
[2026-09-01 14:54:03 -03:00] Monitor: sistemas ready
[2026-09-01 14:54:10 -03:00] Monitor: sistemas ready
[2026-09-01 14:54:18 -03:00] Monitor: sistemas ready
[2026-09-01 14:54:26 -03:00] Monitor: sistemas ready
[2026-09-01 14:54:33 -03:00] Monitor: sistemas ready
[2026-09-01 14:54:41 -03:00] Monitor: sistemas ready
[2026-09-01 14:54:48 -03:00] Monitor: sistemas ready
[2026-09-01 14:54:55 -03:00] Monitor: sistemas ready
[2026-09-01 14:55:03 -03:00] Monitor: sistemas ready
[2026-09-01 14:55:11 -03:00] Monitor: sistemas ready
[2026-09-01 14:55:18 -03:00] Monitor: sistemas ready
[2026-09-01 14:55:26 -03:00] Monitor: sistemas ready
[2026-09-01 14:55:33 -03:00] Monitor: sistemas ready
[2026-09-01 14:55:41 -03:00] Monitor: sistemas ready
[2026-09-01 14:55:48 -03:00] Monitor: sistemas ready
[2026-09-01 14:55:56 -03:00] Monitor: sistemas ready
[2026-09-01 14:56:03 -03:00] Monitor: sistemas ready
[2026-09-01 14:56:11 -03:00] Monitor: sistemas ready
[2026-09-01 14:56:16 -03:00] Monitor: An error occurred while sending the request.
[2026-09-01 14:56:16 -03:00] Monitor: aguardando servicos... retry em 0,9s
[2026-09-01 14:56:19 -03:00] Monitor: sistemas ready
[2026-09-01 14:56:27 -03:00] Monitor: sistemas ready
[2026-09-01 14:56:32 -03:00] Monitor: An error occurred while sending the request.
[2026-09-01 14:56:32 -03:00] Monitor: aguardando servicos... retry em 1,2s
[2026-09-01 14:56:35 -03:00] Monitor: sistemas ready
[2026-09-01 14:56:43 -03:00] Monitor: sistemas ready
[2026-09-02 09:22:27 -03:00] Bridge: já estava saudável em http://127.0.0.1:8080/health; nenhuma segunda instância foi iniciada.
[2026-09-02 09:22:27 -03:00] Engine: já estava saudável em http://127.0.0.1:8765/api/health; nenhuma segunda instância foi iniciada.
[2026-09-02 09:22:27 -03:00] Voice: já estava saudável em http://127.0.0.1:8099/api/voice/health; nenhuma segunda instância foi iniciada.
[2026-09-02 09:22:31 -03:00] Monitor: sistemas ready
[2026-09-02 09:22:39 -03:00] Monitor: sistemas ready
[2026-09-02 09:22:46 -03:00] Monitor: sistemas ready
[2026-09-02 09:22:54 -03:00] Monitor: sistemas ready
[2026-09-02 09:23:01 -03:00] Monitor: sistemas ready
[2026-09-02 09:23:09 -03:00] Monitor: sistemas ready
[2026-09-02 09:23:16 -03:00] Monitor: sistemas ready
[2026-09-02 09:23:24 -03:00] Monitor: sistemas ready
[2026-09-02 09:23:31 -03:00] Monitor: sistemas ready
[2026-09-02 09:23:38 -03:00] Monitor: sistemas ready
[2026-09-02 09:23:46 -03:00] Monitor: sistemas ready
[2026-09-02 09:23:53 -03:00] Monitor: sistemas ready
[2026-09-02 09:24:01 -03:00] Monitor: sistemas ready
[2026-09-02 09:24:08 -03:00] Monitor: sistemas ready
[2026-09-02 09:24:16 -03:00] Monitor: sistemas ready
[2026-09-02 09:24:23 -03:00] Monitor: sistemas ready
[2026-09-02 09:24:31 -03:00] Monitor: sistemas ready
[2026-09-02 09:24:38 -03:00] Monitor: sistemas ready
[2026-09-02 09:24:45 -03:00] Monitor: sistemas ready
[2026-09-02 09:24:53 -03:00] Monitor: sistemas ready
[2026-09-02 09:25:00 -03:00] Monitor: sistemas ready
[2026-09-02 09:25:08 -03:00] Monitor: sistemas ready
[2026-09-02 09:40:03 -03:00] Bridge: já estava saudável em http://127.0.0.1:8080/health; nenhuma segunda instância foi iniciada.
[2026-09-02 09:40:04 -03:00] Engine: já estava saudável em http://127.0.0.1:8765/api/health; nenhuma segunda instância foi iniciada.
[2026-09-02 09:40:04 -03:00] Voice: já estava saudável em http://127.0.0.1:8099/api/voice/health; nenhuma segunda instância foi iniciada.
[2026-09-02 09:40:07 -03:00] Monitor: sistemas ready
[2026-09-02 09:49:18 -03:00] Bridge: já estava saudável em http://127.0.0.1:8080/health; nenhuma segunda instância foi iniciada.
[2026-09-02 09:49:18 -03:00] Engine: já estava saudável em http://127.0.0.1:8765/api/health; nenhuma segunda instância foi iniciada.
[2026-09-02 09:49:18 -03:00] Voice: já estava saudável em http://127.0.0.1:8099/api/voice/health; nenhuma segunda instância foi iniciada.
[2026-09-02 09:49:21 -03:00] Monitor: sistemas ready
[2026-09-02 09:49:29 -03:00] Monitor: sistemas ready
[2026-09-02 09:49:34 -03:00] Monitor: An error occurred while sending the request.
[2026-09-02 09:49:34 -03:00] Monitor: aguardando servicos... retry em 0,9s
[2026-09-02 09:49:37 -03:00] Monitor: sistemas ready
[2026-09-02 09:49:45 -03:00] Monitor: sistemas ready
[2026-09-02 09:49:52 -03:00] Monitor: sistemas ready
[2026-09-02 09:49:59 -03:00] Monitor: sistemas ready
[2026-09-02 09:50:07 -03:00] Monitor: sistemas ready
[2026-09-02 09:50:14 -03:00] Monitor: sistemas ready
[2026-09-02 09:50:22 -03:00] Monitor: sistemas ready
[2026-09-02 09:50:29 -03:00] Monitor: sistemas ready
[2026-09-02 09:50:37 -03:00] Monitor: sistemas ready
[2026-09-02 09:50:44 -03:00] Monitor: sistemas ready
[2026-09-02 09:50:52 -03:00] Monitor: sistemas ready
[2026-09-02 09:50:59 -03:00] Monitor: sistemas ready
[2026-09-02 09:51:07 -03:00] Monitor: sistemas ready
[2026-09-02 09:51:15 -03:00] Monitor: sistemas ready
[2026-09-02 09:51:22 -03:00] Monitor: sistemas ready
[2026-09-02 09:51:30 -03:00] Monitor: sistemas ready
[2026-09-02 09:51:37 -03:00] Monitor: sistemas ready
[2026-09-02 09:51:44 -03:00] Monitor: sistemas ready
[2026-09-02 09:51:52 -03:00] Monitor: sistemas ready
[2026-09-02 09:51:59 -03:00] Monitor: sistemas ready
[2026-09-02 09:52:04 -03:00] Monitor: An error occurred while sending the request.
[2026-09-02 09:52:04 -03:00] Monitor: aguardando servicos... retry em 0,7s
[2026-09-02 09:52:07 -03:00] Monitor: sistemas ready
[2026-09-02 09:52:15 -03:00] Monitor: sistemas ready
[2026-09-02 09:52:22 -03:00] Monitor: sistemas ready
[2026-09-02 09:52:30 -03:00] Monitor: sistemas ready
[2026-09-02 09:52:38 -03:00] Monitor: sistemas ready
[2026-09-02 09:52:45 -03:00] Monitor: sistemas ready
[2026-09-02 09:52:53 -03:00] Monitor: sistemas ready
[2026-09-02 09:53:00 -03:00] Monitor: sistemas ready
[2026-09-02 09:53:08 -03:00] Monitor: sistemas ready
[2026-09-02 09:53:15 -03:00] Monitor: sistemas ready
[2026-09-02 09:53:23 -03:00] Monitor: sistemas ready
[2026-09-02 09:53:30 -03:00] Monitor: sistemas ready
[2026-09-02 09:53:38 -03:00] Monitor: sistemas ready
[2026-09-02 09:53:45 -03:00] Monitor: sistemas ready
[2026-09-02 09:53:53 -03:00] Monitor: sistemas ready
[2026-09-02 09:54:00 -03:00] Monitor: sistemas ready
[2026-09-02 09:54:08 -03:00] Monitor: sistemas ready
[2026-09-02 09:54:15 -03:00] Monitor: sistemas ready
[2026-09-02 09:54:22 -03:00] Monitor: sistemas ready
[2026-09-02 09:54:30 -03:00] Monitor: sistemas ready
[2026-09-02 09:54:37 -03:00] Monitor: sistemas ready
[2026-09-02 09:54:45 -03:00] Monitor: sistemas ready
[2026-09-02 09:54:52 -03:00] Monitor: sistemas ready
[2026-09-02 09:55:00 -03:00] Monitor: sistemas ready
[2026-09-02 09:55:07 -03:00] Monitor: sistemas ready
[2026-09-02 09:55:15 -03:00] Monitor: sistemas ready
[2026-09-02 09:55:20 -03:00] Monitor: An error occurred while sending the request.
[2026-09-02 09:55:20 -03:00] Monitor: aguardando servicos... retry em 0,7s
[2026-09-02 09:55:23 -03:00] Monitor: sistemas ready
[2026-09-02 09:55:31 -03:00] Monitor: sistemas ready
[2026-09-02 09:55:36 -03:00] Monitor: An error occurred while sending the request.
[2026-09-02 09:55:36 -03:00] Monitor: aguardando servicos... retry em 1,9s
[2026-09-02 09:55:40 -03:00] Monitor: sistemas ready
[2026-09-02 09:55:47 -03:00] Monitor: sistemas ready
[2026-09-02 09:55:55 -03:00] Monitor: sistemas ready
[2026-09-02 09:56:02 -03:00] Monitor: sistemas ready
[2026-09-02 09:56:10 -03:00] Monitor: sistemas ready
[2026-09-02 09:56:17 -03:00] Monitor: sistemas ready
[2026-09-02 09:56:25 -03:00] Monitor: sistemas ready
[2026-09-02 09:56:32 -03:00] Monitor: sistemas ready
[2026-09-02 09:56:40 -03:00] Monitor: sistemas ready
[2026-09-02 09:56:47 -03:00] Monitor: sistemas ready
[2026-09-02 09:56:55 -03:00] Monitor: sistemas ready
[2026-09-02 09:57:02 -03:00] Monitor: sistemas ready
[2026-09-02 09:57:10 -03:00] Monitor: sistemas ready
[2026-09-02 09:57:17 -03:00] Monitor: sistemas ready
[2026-09-02 09:57:25 -03:00] Monitor: sistemas ready
[2026-09-02 09:57:33 -03:00] Monitor: sistemas ready
[2026-09-02 09:57:38 -03:00] Monitor: An error occurred while sending the request.
[2026-09-02 09:57:38 -03:00] Monitor: aguardando servicos... retry em 1,0s
[2026-09-02 09:57:41 -03:00] Monitor: sistemas ready
[2026-09-02 09:57:49 -03:00] Monitor: sistemas ready
[2026-09-02 09:57:56 -03:00] Monitor: sistemas ready
[2026-09-02 09:58:04 -03:00] Monitor: sistemas ready
[2026-09-02 09:58:11 -03:00] Monitor: sistemas ready
[2026-09-02 09:58:19 -03:00] Monitor: sistemas ready
[2026-09-02 09:58:26 -03:00] Monitor: sistemas ready
[2026-09-02 09:58:34 -03:00] Monitor: sistemas ready
[2026-09-02 09:58:41 -03:00] Monitor: sistemas ready
[2026-09-02 09:58:49 -03:00] Monitor: sistemas ready
[2026-09-02 09:58:57 -03:00] Monitor: sistemas ready
[2026-09-02 09:59:04 -03:00] Monitor: sistemas ready
[2026-09-02 09:59:12 -03:00] Monitor: sistemas ready
[2026-09-02 09:59:19 -03:00] Monitor: sistemas ready
[2026-09-02 09:59:27 -03:00] Monitor: sistemas ready
[2026-09-02 09:59:34 -03:00] Monitor: sistemas ready
[2026-09-02 09:59:42 -03:00] Monitor: sistemas ready
[2026-09-02 09:59:50 -03:00] Monitor: sistemas ready
[2026-09-02 09:59:57 -03:00] Monitor: sistemas ready
[2026-09-02 10:00:05 -03:00] Monitor: sistemas ready
[2026-09-02 10:00:12 -03:00] Monitor: sistemas ready
[2026-09-02 10:00:20 -03:00] Monitor: sistemas ready
[2026-09-02 10:00:27 -03:00] Monitor: sistemas ready
[2026-09-02 10:00:35 -03:00] Monitor: sistemas ready
[2026-09-02 10:00:43 -03:00] Monitor: sistemas ready
[2026-09-02 10:00:50 -03:00] Monitor: sistemas ready
[2026-09-02 10:00:58 -03:00] Monitor: sistemas ready
[2026-09-02 10:01:05 -03:00] Monitor: sistemas ready
[2026-09-02 10:01:13 -03:00] Monitor: sistemas ready
[2026-09-02 10:01:20 -03:00] Monitor: sistemas ready
[2026-09-02 10:01:28 -03:00] Monitor: sistemas ready
[2026-09-02 10:01:35 -03:00] Monitor: sistemas ready
[2026-09-02 10:01:43 -03:00] Monitor: sistemas ready
[2026-09-02 10:01:51 -03:00] Monitor: sistemas ready
[2026-09-02 10:01:58 -03:00] Monitor: sistemas ready
[2026-09-02 10:02:05 -03:00] Monitor: sistemas ready
[2026-09-02 10:02:13 -03:00] Monitor: sistemas ready
[2026-09-02 10:02:20 -03:00] Monitor: sistemas ready
[2026-09-02 10:02:28 -03:00] Monitor: sistemas ready
[2026-09-02 10:02:35 -03:00] Monitor: sistemas ready
[2026-09-02 10:02:43 -03:00] Monitor: sistemas ready
[2026-09-02 10:02:50 -03:00] Monitor: sistemas ready
[2026-09-02 10:02:58 -03:00] Monitor: sistemas ready
[2026-09-02 10:03:06 -03:00] Monitor: sistemas ready
[2026-09-02 10:03:13 -03:00] Monitor: sistemas ready
[2026-09-02 10:03:21 -03:00] Monitor: sistemas ready
[2026-09-02 10:03:28 -03:00] Monitor: sistemas ready
[2026-09-02 10:03:36 -03:00] Monitor: sistemas ready
[2026-09-02 10:03:43 -03:00] Monitor: sistemas ready
[2026-09-02 10:03:51 -03:00] Monitor: sistemas ready
[2026-09-02 10:03:58 -03:00] Monitor: sistemas ready
[2026-09-02 10:04:06 -03:00] Monitor: sistemas ready
[2026-09-02 10:04:13 -03:00] Monitor: sistemas ready
[2026-09-02 10:04:21 -03:00] Monitor: sistemas ready
[2026-09-02 10:04:28 -03:00] Monitor: sistemas ready
[2026-09-02 10:04:36 -03:00] Monitor: sistemas ready
[2026-09-02 10:04:43 -03:00] Monitor: sistemas ready
[2026-09-02 10:04:51 -03:00] Monitor: sistemas ready
[2026-09-02 10:04:58 -03:00] Monitor: sistemas ready
[2026-09-02 10:05:06 -03:00] Monitor: sistemas ready
[2026-09-02 10:05:13 -03:00] Monitor: sistemas ready
[2026-09-02 10:05:21 -03:00] Monitor: sistemas ready
[2026-09-02 10:05:28 -03:00] Monitor: sistemas ready
[2026-09-02 10:05:36 -03:00] Monitor: sistemas ready
[2026-09-02 10:05:43 -03:00] Monitor: sistemas ready
[2026-09-02 10:05:51 -03:00] Monitor: sistemas ready
[2026-09-02 10:05:58 -03:00] Monitor: sistemas ready
[2026-09-02 10:06:06 -03:00] Monitor: sistemas ready
[2026-09-02 10:06:13 -03:00] Monitor: sistemas ready
[2026-09-02 10:06:21 -03:00] Monitor: sistemas ready
[2026-09-02 10:06:28 -03:00] Monitor: sistemas ready
[2026-09-02 10:06:36 -03:00] Monitor: sistemas ready
[2026-09-02 10:06:43 -03:00] Monitor: sistemas ready
[2026-09-02 10:06:51 -03:00] Monitor: sistemas ready
[2026-09-02 10:06:58 -03:00] Monitor: sistemas ready
[2026-09-02 10:07:06 -03:00] Monitor: sistemas ready
[2026-09-02 10:07:13 -03:00] Monitor: sistemas ready
[2026-09-02 10:07:21 -03:00] Monitor: sistemas ready
[2026-09-02 10:07:28 -03:00] Monitor: sistemas ready
[2026-09-02 10:07:36 -03:00] Monitor: sistemas ready
[2026-09-02 10:07:45 -03:00] Monitor: sistemas ready
[2026-09-02 10:07:53 -03:00] Monitor: sistemas ready
[2026-09-02 10:08:00 -03:00] Monitor: sistemas ready
[2026-09-02 10:08:08 -03:00] Monitor: sistemas ready
[2026-09-02 10:08:16 -03:00] Monitor: sistemas ready
[2026-09-02 10:08:23 -03:00] Monitor: sistemas ready
[2026-09-02 10:08:31 -03:00] Monitor: sistemas ready
[2026-09-02 10:08:38 -03:00] Monitor: sistemas ready
[2026-09-02 10:08:46 -03:00] Monitor: sistemas ready
[2026-09-02 10:08:54 -03:00] Monitor: sistemas ready
[2026-09-02 10:09:01 -03:00] Monitor: sistemas ready
[2026-09-02 10:09:09 -03:00] Monitor: sistemas ready
[2026-09-02 10:09:16 -03:00] Monitor: sistemas ready
[2026-09-02 10:09:21 -03:00] Monitor: An error occurred while sending the request.
[2026-09-02 10:09:21 -03:00] Monitor: aguardando servicos... retry em 0,8s
[2026-09-02 10:09:25 -03:00] Monitor: sistemas ready
[2026-09-02 10:09:32 -03:00] Monitor: sistemas ready
[2026-09-02 10:09:40 -03:00] Monitor: sistemas ready
[2026-09-02 10:09:47 -03:00] Monitor: sistemas ready
[2026-09-02 10:09:53 -03:00] Monitor: An error occurred while sending the request.
[2026-09-02 10:09:53 -03:00] Monitor: aguardando servicos... retry em 1,7s
[2026-09-02 10:09:57 -03:00] Monitor: sistemas ready
[2026-09-02 10:10:04 -03:00] Monitor: sistemas ready
[2026-09-02 10:10:12 -03:00] Monitor: sistemas ready
[2026-09-02 10:10:19 -03:00] Monitor: sistemas ready
[2026-09-02 10:10:26 -03:00] Monitor: sistemas ready
[2026-09-02 10:10:34 -03:00] Monitor: sistemas ready
[2026-09-02 10:10:42 -03:00] Monitor: sistemas ready
[2026-09-02 10:10:49 -03:00] Monitor: sistemas ready
[2026-09-02 10:10:56 -03:00] Monitor: sistemas ready
[2026-09-02 10:11:04 -03:00] Monitor: sistemas ready
[2026-09-02 10:11:11 -03:00] Monitor: sistemas ready
[2026-09-02 10:11:19 -03:00] Monitor: sistemas ready
[2026-09-02 10:11:26 -03:00] Monitor: sistemas ready
[2026-09-02 10:11:34 -03:00] Monitor: sistemas ready
[2026-09-02 10:11:41 -03:00] Monitor: sistemas ready
[2026-09-02 10:11:49 -03:00] Monitor: sistemas ready
[2026-09-02 10:11:56 -03:00] Monitor: sistemas ready
[2026-09-02 10:12:04 -03:00] Monitor: sistemas ready
[2026-09-02 10:12:11 -03:00] Monitor: sistemas ready
[2026-09-02 10:12:19 -03:00] Monitor: sistemas ready
[2026-09-02 10:12:26 -03:00] Monitor: sistemas ready
[2026-09-02 10:12:34 -03:00] Monitor: sistemas ready
[2026-09-02 10:12:41 -03:00] Monitor: sistemas ready
[2026-09-02 10:12:49 -03:00] Monitor: sistemas ready
[2026-09-02 10:12:54 -03:00] Monitor: An error occurred while sending the request.
[2026-09-02 10:12:54 -03:00] Monitor: aguardando servicos... retry em 0,6s
[2026-09-02 10:12:57 -03:00] Monitor: sistemas ready
[2026-09-02 10:13:04 -03:00] Monitor: sistemas ready
[2026-09-02 10:13:11 -03:00] Monitor: sistemas ready
[2026-09-02 10:13:19 -03:00] Monitor: sistemas ready
[2026-09-02 10:13:26 -03:00] Monitor: sistemas ready
[2026-09-02 10:13:34 -03:00] Monitor: sistemas ready
[2026-09-02 10:13:42 -03:00] Monitor: sistemas ready
[2026-09-02 10:13:49 -03:00] Monitor: sistemas ready
[2026-09-02 10:13:57 -03:00] Monitor: sistemas ready
[2026-09-02 10:14:04 -03:00] Monitor: sistemas ready
[2026-09-02 10:14:12 -03:00] Monitor: sistemas ready
[2026-09-02 10:14:20 -03:00] Monitor: sistemas ready
[2026-09-02 10:14:27 -03:00] Monitor: sistemas ready
[2026-09-02 10:14:35 -03:00] Monitor: sistemas ready
[2026-09-02 10:14:42 -03:00] Monitor: sistemas ready
[2026-09-02 10:14:50 -03:00] Monitor: sistemas ready
[2026-09-02 10:14:58 -03:00] Monitor: sistemas ready
[2026-09-02 10:15:06 -03:00] Monitor: sistemas ready
[2026-09-02 10:15:13 -03:00] Monitor: sistemas ready
[2026-09-02 10:15:21 -03:00] Monitor: sistemas ready
[2026-09-02 10:15:28 -03:00] Monitor: sistemas ready
[2026-09-02 10:15:36 -03:00] Monitor: sistemas ready
[2026-09-02 10:15:44 -03:00] Monitor: sistemas ready
[2026-09-02 10:15:51 -03:00] Monitor: sistemas ready
[2026-09-02 10:15:59 -03:00] Monitor: sistemas ready
[2026-09-02 10:16:06 -03:00] Monitor: sistemas ready
[2026-09-02 10:16:11 -03:00] Monitor: An error occurred while sending the request.
[2026-09-02 10:16:11 -03:00] Monitor: aguardando servicos... retry em 0,8s
[2026-09-02 10:16:15 -03:00] Monitor: sistemas ready
[2026-09-02 10:16:22 -03:00] Monitor: sistemas ready
[2026-09-02 10:16:30 -03:00] Monitor: sistemas ready
[2026-09-02 10:16:37 -03:00] Monitor: sistemas ready
[2026-09-02 10:16:45 -03:00] Monitor: sistemas ready
[2026-09-02 10:16:52 -03:00] Monitor: sistemas ready
[2026-09-02 10:17:00 -03:00] Monitor: sistemas ready
[2026-09-02 10:17:05 -03:00] Monitor: An error occurred while sending the request.
[2026-09-02 10:17:05 -03:00] Monitor: aguardando servicos... retry em 1,0s
[2026-09-02 10:17:08 -03:00] Monitor: sistemas ready
[2026-09-02 10:17:16 -03:00] Monitor: sistemas ready
[2026-09-02 10:17:23 -03:00] Monitor: sistemas ready
[2026-09-02 10:17:31 -03:00] Monitor: sistemas ready
[2026-09-02 10:17:38 -03:00] Monitor: sistemas ready
[2026-09-02 10:17:46 -03:00] Monitor: sistemas ready
[2026-09-02 10:17:53 -03:00] Monitor: sistemas ready
[2026-09-02 10:18:01 -03:00] Monitor: sistemas ready
[2026-09-02 10:18:08 -03:00] Monitor: sistemas ready
[2026-09-02 10:18:16 -03:00] Monitor: sistemas ready
[2026-09-02 10:18:23 -03:00] Monitor: sistemas ready
[2026-09-02 10:18:31 -03:00] Monitor: sistemas ready
[2026-09-02 10:18:38 -03:00] Monitor: sistemas ready
[2026-09-02 10:18:46 -03:00] Monitor: sistemas ready
[2026-09-02 10:18:53 -03:00] Monitor: sistemas ready
[2026-09-02 10:19:01 -03:00] Monitor: sistemas ready
[2026-09-02 10:19:08 -03:00] Monitor: sistemas ready
[2026-09-02 10:19:16 -03:00] Monitor: sistemas ready
[2026-09-02 10:19:23 -03:00] Monitor: sistemas ready
[2026-09-02 10:19:31 -03:00] Monitor: sistemas ready
[2026-09-02 10:19:39 -03:00] Monitor: sistemas ready
[2026-09-02 10:19:47 -03:00] Monitor: sistemas ready
[2026-09-02 10:19:54 -03:00] Monitor: sistemas ready
[2026-09-02 10:20:02 -03:00] Monitor: sistemas ready
[2026-09-02 10:20:09 -03:00] Monitor: sistemas ready
[2026-09-02 10:20:17 -03:00] Monitor: sistemas ready
[2026-09-02 10:20:24 -03:00] Monitor: sistemas ready
[2026-09-02 10:20:32 -03:00] Monitor: sistemas ready
[2026-09-02 10:20:39 -03:00] Monitor: sistemas ready
[2026-09-02 10:20:47 -03:00] Monitor: sistemas ready
[2026-09-02 10:20:54 -03:00] Monitor: sistemas ready
[2026-09-02 10:21:02 -03:00] Monitor: sistemas ready
[2026-09-02 10:21:09 -03:00] Monitor: sistemas ready
[2026-09-02 10:21:17 -03:00] Monitor: sistemas ready
[2026-09-02 10:21:24 -03:00] Monitor: sistemas ready
[2026-09-02 10:21:32 -03:00] Monitor: sistemas ready
[2026-09-02 10:21:37 -03:00] Monitor: An error occurred while sending the request.
[2026-09-02 10:21:37 -03:00] Monitor: aguardando servicos... retry em 0,5s
[2026-09-02 10:21:40 -03:00] Monitor: sistemas ready
[2026-09-02 10:21:47 -03:00] Monitor: sistemas ready
[2026-09-02 10:21:54 -03:00] Monitor: sistemas ready
[2026-09-02 10:22:02 -03:00] Monitor: sistemas ready
[2026-09-02 10:22:09 -03:00] Monitor: sistemas ready
[2026-09-02 10:22:17 -03:00] Monitor: sistemas ready
[2026-09-02 10:22:24 -03:00] Monitor: sistemas ready
[2026-09-02 10:22:32 -03:00] Monitor: sistemas ready
[2026-09-02 10:22:39 -03:00] Monitor: sistemas ready
[2026-09-02 10:22:47 -03:00] Monitor: sistemas ready
[2026-09-02 10:22:54 -03:00] Monitor: sistemas ready
[2026-09-02 10:23:02 -03:00] Monitor: sistemas ready
[2026-09-02 10:23:09 -03:00] Monitor: sistemas ready
[2026-09-02 10:23:17 -03:00] Monitor: sistemas ready
[2026-09-02 10:23:24 -03:00] Monitor: sistemas ready
[2026-09-02 10:23:32 -03:00] Monitor: sistemas ready
[2026-09-02 10:23:39 -03:00] Monitor: sistemas ready
[2026-09-02 10:23:47 -03:00] Monitor: sistemas ready
[2026-09-02 10:23:54 -03:00] Monitor: sistemas ready
[2026-09-02 10:24:02 -03:00] Monitor: sistemas ready
[2026-09-02 10:24:09 -03:00] Monitor: sistemas ready
[2026-09-02 10:24:17 -03:00] Monitor: sistemas ready
[2026-09-02 10:24:24 -03:00] Monitor: sistemas ready
[2026-09-02 10:24:31 -03:00] Monitor: sistemas ready
[2026-09-02 10:24:39 -03:00] Monitor: sistemas ready
[2026-09-02 10:24:46 -03:00] Monitor: sistemas ready
[2026-09-02 10:24:54 -03:00] Monitor: sistemas ready
[2026-09-02 10:25:01 -03:00] Monitor: sistemas ready
[2026-09-02 10:25:09 -03:00] Monitor: sistemas ready
[2026-09-02 10:25:16 -03:00] Monitor: sistemas ready
[2026-09-02 10:25:24 -03:00] Monitor: sistemas ready
[2026-09-02 10:25:31 -03:00] Monitor: sistemas ready
[2026-09-02 10:25:39 -03:00] Monitor: sistemas ready
[2026-09-02 10:25:46 -03:00] Monitor: sistemas ready
[2026-09-02 10:25:51 -03:00] Monitor: An error occurred while sending the request.
[2026-09-02 10:25:51 -03:00] Monitor: aguardando servicos... retry em 0,6s
[2026-09-02 10:25:54 -03:00] Monitor: sistemas ready
[2026-09-02 10:26:02 -03:00] Monitor: sistemas ready
[2026-09-02 10:26:10 -03:00] Monitor: sistemas ready
[2026-09-02 10:26:17 -03:00] Monitor: sistemas ready
[2026-09-02 10:26:25 -03:00] Monitor: sistemas ready
[2026-09-02 10:26:32 -03:00] Monitor: sistemas ready
[2026-09-02 10:26:40 -03:00] Monitor: sistemas ready
[2026-09-02 10:26:47 -03:00] Monitor: sistemas ready
[2026-09-02 10:26:55 -03:00] Monitor: sistemas ready
[2026-09-02 10:27:02 -03:00] Monitor: sistemas ready
[2026-09-02 10:27:10 -03:00] Monitor: sistemas ready
[2026-09-02 10:27:17 -03:00] Monitor: sistemas ready
[2026-09-02 10:27:25 -03:00] Monitor: sistemas ready
[2026-09-02 10:27:32 -03:00] Monitor: sistemas ready
[2026-09-02 10:27:40 -03:00] Monitor: sistemas ready
[2026-09-02 10:27:47 -03:00] Monitor: sistemas ready
[2026-09-02 10:27:55 -03:00] Monitor: sistemas ready
[2026-09-02 10:28:02 -03:00] Monitor: sistemas ready
[2026-09-02 10:28:10 -03:00] Monitor: sistemas ready
[2026-09-02 10:28:17 -03:00] Monitor: sistemas ready
[2026-09-02 10:28:25 -03:00] Monitor: sistemas ready
[2026-09-02 10:28:33 -03:00] Monitor: sistemas ready
[2026-09-02 10:28:40 -03:00] Monitor: sistemas ready
[2026-09-02 10:28:48 -03:00] Monitor: sistemas ready
[2026-09-02 10:28:55 -03:00] Monitor: sistemas ready
[2026-09-02 10:29:02 -03:00] Monitor: sistemas ready
[2026-09-02 10:29:10 -03:00] Monitor: sistemas ready
[2026-09-02 10:29:17 -03:00] Monitor: sistemas ready
[2026-09-02 10:29:25 -03:00] Monitor: sistemas ready
[2026-09-02 10:29:32 -03:00] Monitor: sistemas ready
[2026-09-02 10:29:40 -03:00] Monitor: sistemas ready
[2026-09-02 10:29:47 -03:00] Monitor: sistemas ready
[2026-09-02 10:29:52 -03:00] Monitor: An error occurred while sending the request.
[2026-09-02 10:29:52 -03:00] Monitor: aguardando servicos... retry em 1,0s
[2026-09-02 10:29:56 -03:00] Monitor: sistemas ready
[2026-09-02 10:30:04 -03:00] Monitor: sistemas ready
[2026-09-02 10:30:11 -03:00] Monitor: sistemas ready
[2026-09-02 10:30:19 -03:00] Monitor: sistemas ready
[2026-09-02 10:30:26 -03:00] Monitor: sistemas ready
[2026-09-02 10:30:34 -03:00] Monitor: sistemas ready
[2026-09-02 10:30:41 -03:00] Monitor: sistemas ready
[2026-09-02 10:30:49 -03:00] Monitor: sistemas ready
[2026-09-02 10:30:56 -03:00] Monitor: sistemas ready
[2026-09-02 10:31:04 -03:00] Monitor: sistemas ready
[2026-09-02 10:31:11 -03:00] Monitor: sistemas ready
[2026-09-02 10:31:18 -03:00] Monitor: sistemas ready
[2026-09-02 10:31:26 -03:00] Monitor: sistemas ready
[2026-09-02 10:31:34 -03:00] Monitor: sistemas ready
[2026-09-02 10:31:41 -03:00] Monitor: sistemas ready
[2026-09-02 10:31:49 -03:00] Monitor: sistemas ready
[2026-09-02 10:31:56 -03:00] Monitor: sistemas ready
[2026-09-02 10:32:04 -03:00] Monitor: sistemas ready
[2026-09-02 10:32:11 -03:00] Monitor: sistemas ready
[2026-09-02 10:32:19 -03:00] Monitor: sistemas ready
[2026-09-02 10:32:27 -03:00] Monitor: sistemas ready
[2026-09-02 10:32:34 -03:00] Monitor: sistemas ready
[2026-09-02 10:32:41 -03:00] Monitor: sistemas ready
[2026-09-02 10:32:49 -03:00] Monitor: sistemas ready
[2026-09-02 10:32:56 -03:00] Monitor: sistemas ready
[2026-09-02 10:33:04 -03:00] Monitor: sistemas ready
[2026-09-02 10:33:11 -03:00] Monitor: sistemas ready
[2026-09-02 10:33:19 -03:00] Monitor: sistemas ready
[2026-09-02 10:33:27 -03:00] Monitor: sistemas ready
[2026-09-02 10:33:34 -03:00] Monitor: sistemas ready
[2026-09-02 10:33:42 -03:00] Monitor: sistemas ready
[2026-09-02 10:33:49 -03:00] Monitor: sistemas ready
[2026-09-02 10:33:54 -03:00] Monitor: An error occurred while sending the request.
[2026-09-02 10:33:54 -03:00] Monitor: aguardando servicos... retry em 1,0s
[2026-09-02 10:33:57 -03:00] Monitor: sistemas ready
[2026-09-02 10:34:05 -03:00] Monitor: sistemas ready
[2026-09-02 10:34:13 -03:00] Monitor: sistemas ready
[2026-09-02 10:34:20 -03:00] Monitor: sistemas ready
[2026-09-02 10:34:28 -03:00] Monitor: sistemas ready
[2026-09-02 10:34:36 -03:00] Monitor: sistemas ready
[2026-09-02 10:34:43 -03:00] Monitor: sistemas ready
[2026-09-02 10:34:51 -03:00] Monitor: sistemas ready
[2026-09-02 10:34:58 -03:00] Monitor: sistemas ready
[2026-09-02 10:35:06 -03:00] Monitor: sistemas ready
[2026-09-02 10:35:13 -03:00] Monitor: sistemas ready
[2026-09-02 10:35:21 -03:00] Monitor: sistemas ready
[2026-09-02 10:35:28 -03:00] Monitor: sistemas ready
[2026-09-02 10:35:36 -03:00] Monitor: sistemas ready
[2026-09-02 10:35:43 -03:00] Monitor: sistemas ready
[2026-09-02 10:35:51 -03:00] Monitor: sistemas ready
[2026-09-02 10:35:58 -03:00] Monitor: sistemas ready
[2026-09-02 10:36:06 -03:00] Monitor: sistemas ready
[2026-09-02 10:36:13 -03:00] Monitor: sistemas ready
[2026-09-02 10:36:21 -03:00] Monitor: sistemas ready
[2026-09-02 10:36:28 -03:00] Monitor: sistemas ready
[2026-09-02 10:36:36 -03:00] Monitor: sistemas ready
[2026-09-02 10:36:43 -03:00] Monitor: sistemas ready
[2026-09-02 10:36:51 -03:00] Monitor: sistemas ready
[2026-09-02 10:36:58 -03:00] Monitor: sistemas ready
[2026-09-02 10:37:06 -03:00] Monitor: sistemas ready
[2026-09-02 10:37:14 -03:00] Monitor: sistemas ready
[2026-09-02 10:37:21 -03:00] Monitor: sistemas ready
[2026-09-02 10:37:29 -03:00] Monitor: sistemas ready
[2026-09-02 10:37:36 -03:00] Monitor: sistemas ready
[2026-09-02 10:37:44 -03:00] Monitor: sistemas ready
[2026-09-02 10:37:51 -03:00] Monitor: sistemas ready
[2026-09-02 10:37:58 -03:00] Monitor: sistemas ready
[2026-09-02 10:38:06 -03:00] Monitor: sistemas ready
[2026-09-02 10:38:14 -03:00] Monitor: sistemas ready
[2026-09-02 10:38:22 -03:00] Monitor: sistemas ready
[2026-09-02 10:38:29 -03:00] Monitor: sistemas ready
[2026-09-02 10:38:37 -03:00] Monitor: sistemas ready
[2026-09-02 10:38:45 -03:00] Monitor: sistemas ready
[2026-09-02 10:38:52 -03:00] Monitor: sistemas ready
[2026-09-02 10:39:00 -03:00] Monitor: sistemas ready
[2026-09-02 10:39:08 -03:00] Monitor: sistemas ready
[2026-09-02 10:39:16 -03:00] Monitor: sistemas ready
[2026-09-02 10:39:24 -03:00] Monitor: sistemas ready
[2026-09-02 10:39:31 -03:00] Monitor: sistemas ready
[2026-09-02 10:39:39 -03:00] Monitor: sistemas ready
[2026-09-02 10:39:46 -03:00] Monitor: sistemas ready
[2026-09-02 10:39:54 -03:00] Monitor: sistemas ready
[2026-09-02 10:40:01 -03:00] Monitor: sistemas ready
[2026-09-02 10:40:06 -03:00] Monitor: An error occurred while sending the request.
[2026-09-02 10:40:06 -03:00] Monitor: aguardando servicos... retry em 0,9s
[2026-09-02 10:40:10 -03:00] Monitor: sistemas ready
[2026-09-02 10:40:17 -03:00] Monitor: sistemas ready
[2026-09-02 10:40:25 -03:00] Monitor: sistemas ready
[2026-09-02 10:40:32 -03:00] Monitor: sistemas ready
[2026-09-02 10:40:40 -03:00] Monitor: sistemas ready
[2026-09-02 10:40:47 -03:00] Monitor: sistemas ready
[2026-09-02 10:40:52 -03:00] Monitor: An error occurred while sending the request.
[2026-09-02 10:40:52 -03:00] Monitor: aguardando servicos... retry em 1,9s
[2026-09-02 10:40:57 -03:00] Monitor: sistemas ready
[2026-09-02 10:41:04 -03:00] Monitor: sistemas ready
[2026-09-02 10:41:12 -03:00] Monitor: sistemas ready
[2026-09-02 10:41:19 -03:00] Monitor: sistemas ready
[2026-09-02 10:41:27 -03:00] Monitor: sistemas ready
[2026-09-02 10:41:34 -03:00] Monitor: sistemas ready
[2026-09-02 10:41:39 -03:00] Monitor: An error occurred while sending the request.
[2026-09-02 10:41:39 -03:00] Monitor: aguardando servicos... retry em 2,0s
[2026-09-02 10:41:44 -03:00] Monitor: sistemas ready
[2026-09-02 10:41:51 -03:00] Monitor: sistemas ready
[2026-09-02 10:41:59 -03:00] Monitor: sistemas ready
[2026-09-02 10:42:07 -03:00] Monitor: sistemas ready
[2026-09-02 10:42:14 -03:00] Monitor: sistemas ready
[2026-09-02 10:42:22 -03:00] Monitor: sistemas ready
[2026-09-02 10:42:29 -03:00] Monitor: sistemas ready
[2026-09-02 10:42:37 -03:00] Monitor: sistemas ready
[2026-09-02 10:42:46 -03:00] Monitor: sistemas ready
[2026-09-02 10:42:51 -03:00] Monitor: An error occurred while sending the request.
[2026-09-02 10:42:51 -03:00] Monitor: aguardando servicos... retry em 0,9s
[2026-09-02 10:42:57 -03:00] Monitor: sistemas ready
[2026-09-02 10:43:06 -03:00] Monitor: sistemas ready
[2026-09-02 10:43:14 -03:00] Monitor: sistemas ready
[2026-09-02 10:43:23 -03:00] Monitor: sistemas ready
[2026-09-02 10:43:30 -03:00] Monitor: sistemas ready
[2026-09-02 10:43:37 -03:00] Monitor: sistemas ready
[2026-09-02 10:43:45 -03:00] Monitor: sistemas ready
[2026-09-02 10:43:53 -03:00] Monitor: sistemas ready
[2026-09-02 10:44:01 -03:00] Monitor: sistemas ready
[2026-09-02 10:44:06 -03:00] Monitor: An error occurred while sending the request.
[2026-09-02 10:44:06 -03:00] Monitor: aguardando servicos... retry em 0,7s
[2026-09-02 10:44:10 -03:00] Monitor: sistemas ready
[2026-09-02 10:44:15 -03:00] Monitor: An error occurred while sending the request.
[2026-09-02 10:44:15 -03:00] Monitor: aguardando servicos... retry em 1,9s
[2026-09-02 10:44:21 -03:00] Monitor: sistemas ready
[2026-09-02 10:44:29 -03:00] Monitor: sistemas ready
[2026-09-02 10:44:34 -03:00] Monitor: An error occurred while sending the request.
[2026-09-02 10:44:34 -03:00] Monitor: aguardando servicos... retry em 2,7s
[2026-09-02 10:44:39 -03:00] Monitor: sistemas ready
[2026-09-02 10:44:47 -03:00] Monitor: sistemas ready
[2026-09-02 10:44:54 -03:00] Monitor: sistemas ready
[2026-09-02 10:45:03 -03:00] Monitor: sistemas ready
[2026-09-02 10:45:08 -03:00] Monitor: An error occurred while sending the request.
[2026-09-02 10:45:08 -03:00] Monitor: aguardando servicos... retry em 5,4s
[2026-09-02 10:45:17 -03:00] Monitor: sistemas ready
[2026-09-02 10:45:22 -03:00] Monitor: An error occurred while sending the request.
[2026-09-02 10:45:22 -03:00] Monitor: aguardando servicos... retry em 10,7s
[2026-09-02 10:45:36 -03:00] Monitor: sistemas ready
[2026-09-02 10:45:45 -03:00] Monitor: sistemas ready
[2026-09-02 10:45:53 -03:00] Monitor: sistemas ready
[2026-09-02 10:46:01 -03:00] Monitor: sistemas ready
[2026-09-02 10:46:08 -03:00] Monitor: sistemas ready
[2026-09-02 10:46:16 -03:00] Monitor: sistemas ready
[2026-09-02 10:46:23 -03:00] Monitor: sistemas ready
[2026-09-02 10:46:31 -03:00] Monitor: sistemas ready
[2026-09-02 10:46:38 -03:00] Monitor: sistemas ready
[2026-09-02 10:46:46 -03:00] Monitor: sistemas ready
[2026-09-02 10:46:53 -03:00] Monitor: sistemas ready
[2026-09-02 10:47:01 -03:00] Monitor: sistemas ready
[2026-09-02 10:47:08 -03:00] Monitor: sistemas ready
[2026-09-02 10:47:16 -03:00] Monitor: sistemas ready
[2026-09-02 10:47:25 -03:00] Monitor: sistemas ready
[2026-09-02 10:47:33 -03:00] Monitor: sistemas ready
[2026-09-02 10:47:42 -03:00] Monitor: sistemas ready
[2026-09-02 10:47:50 -03:00] Monitor: sistemas ready
[2026-09-02 10:47:55 -03:00] Monitor: An error occurred while sending the request.
[2026-09-02 10:47:55 -03:00] Monitor: aguardando servicos... retry em 0,6s
[2026-09-02 10:47:58 -03:00] Monitor: sistemas ready
[2026-09-02 10:48:05 -03:00] Monitor: sistemas ready
[2026-09-02 10:48:13 -03:00] Monitor: sistemas ready
[2026-09-02 10:48:20 -03:00] Monitor: sistemas ready
[2026-09-02 10:48:28 -03:00] Monitor: sistemas ready
[2026-09-02 10:48:35 -03:00] Monitor: sistemas ready
[2026-09-02 10:48:43 -03:00] Monitor: sistemas ready
[2026-09-02 10:48:50 -03:00] Monitor: sistemas ready
[2026-09-02 10:48:58 -03:00] Monitor: sistemas ready
[2026-09-02 10:49:05 -03:00] Monitor: sistemas ready
[2026-09-02 10:49:13 -03:00] Monitor: sistemas ready
[2026-09-02 10:49:20 -03:00] Monitor: sistemas ready
[2026-09-02 10:49:28 -03:00] Monitor: sistemas ready
[2026-09-02 10:49:35 -03:00] Monitor: sistemas ready
[2026-09-02 10:49:43 -03:00] Monitor: sistemas ready
[2026-09-02 10:49:50 -03:00] Monitor: sistemas ready
[2026-09-02 10:49:58 -03:00] Monitor: sistemas ready
[2026-09-02 10:50:05 -03:00] Monitor: sistemas ready
[2026-09-02 10:50:13 -03:00] Monitor: sistemas ready
[2026-09-02 10:50:20 -03:00] Monitor: sistemas ready
[2026-09-02 10:50:28 -03:00] Monitor: sistemas ready
[2026-09-02 10:50:35 -03:00] Monitor: sistemas ready
[2026-09-02 10:50:43 -03:00] Monitor: sistemas ready
[2026-09-02 10:50:50 -03:00] Monitor: sistemas ready
[2026-09-02 10:50:58 -03:00] Monitor: sistemas ready
[2026-09-02 10:51:05 -03:00] Monitor: sistemas ready
[2026-09-02 10:51:13 -03:00] Monitor: sistemas ready
[2026-09-02 10:51:21 -03:00] Monitor: sistemas ready
[2026-09-02 10:51:28 -03:00] Monitor: sistemas ready
[2026-09-02 10:51:36 -03:00] Monitor: sistemas ready
[2026-09-02 10:51:44 -03:00] Monitor: sistemas ready
[2026-09-02 10:51:51 -03:00] Monitor: sistemas ready
[2026-09-02 10:51:59 -03:00] Monitor: sistemas ready
[2026-09-02 10:52:06 -03:00] Monitor: sistemas ready
[2026-09-02 10:52:14 -03:00] Monitor: sistemas ready
[2026-09-02 10:52:21 -03:00] Monitor: sistemas ready
[2026-09-02 10:52:30 -03:00] Monitor: sistemas ready
[2026-09-02 10:52:39 -03:00] Monitor: sistemas ready
[2026-09-02 10:52:47 -03:00] Monitor: sistemas ready
[2026-09-02 10:52:52 -03:00] Monitor: An error occurred while sending the request.
[2026-09-02 10:52:52 -03:00] Monitor: aguardando servicos... retry em 0,7s
[2026-09-02 10:52:56 -03:00] Monitor: sistemas ready
[2026-09-02 10:53:01 -03:00] Monitor: An error occurred while sending the request.
[2026-09-02 10:53:01 -03:00] Monitor: aguardando servicos... retry em 2,0s
[2026-09-02 10:53:07 -03:00] Monitor: sistemas ready
[2026-09-02 10:53:14 -03:00] Monitor: sistemas ready
[2026-09-02 10:53:22 -03:00] Monitor: sistemas ready
[2026-09-02 10:53:29 -03:00] Monitor: sistemas ready
[2026-09-02 10:53:37 -03:00] Monitor: sistemas ready
[2026-09-02 10:53:44 -03:00] Monitor: sistemas ready
[2026-09-02 10:53:51 -03:00] Monitor: sistemas ready
[2026-09-02 10:53:59 -03:00] Monitor: sistemas ready
[2026-09-02 10:54:07 -03:00] Monitor: sistemas ready
[2026-09-02 10:54:14 -03:00] Monitor: sistemas ready
[2026-09-02 10:54:19 -03:00] Monitor: An error occurred while sending the request.
[2026-09-02 10:54:19 -03:00] Monitor: aguardando servicos... retry em 0,8s
[2026-09-02 10:54:22 -03:00] Monitor: sistemas ready
[2026-09-02 10:54:30 -03:00] Monitor: sistemas ready
[2026-09-02 10:54:38 -03:00] Monitor: sistemas ready
[2026-09-02 10:54:46 -03:00] Monitor: sistemas ready
[2026-09-02 10:54:53 -03:00] Monitor: sistemas ready
[2026-09-02 10:54:58 -03:00] Monitor: An error occurred while sending the request.
[2026-09-02 10:54:58 -03:00] Monitor: aguardando servicos... retry em 1,0s
[2026-09-02 10:55:03 -03:00] Monitor: sistemas ready
[2026-09-02 10:55:12 -03:00] Monitor: sistemas ready
[2026-09-02 10:55:21 -03:00] Monitor: sistemas ready
[2026-09-02 10:55:30 -03:00] Monitor: sistemas ready
[2026-09-02 10:55:37 -03:00] Monitor: sistemas ready
[2026-09-02 10:55:45 -03:00] Monitor: sistemas ready
[2026-09-02 10:55:52 -03:00] Monitor: sistemas ready
[2026-09-02 10:56:00 -03:00] Monitor: sistemas ready
[2026-09-02 10:56:07 -03:00] Monitor: sistemas ready
[2026-09-02 10:56:15 -03:00] Monitor: sistemas ready
[2026-09-02 10:56:22 -03:00] Monitor: sistemas ready
[2026-09-02 10:56:30 -03:00] Monitor: sistemas ready
[2026-09-02 10:56:37 -03:00] Monitor: sistemas ready
[2026-09-02 10:56:45 -03:00] Monitor: sistemas ready
[2026-09-02 10:56:52 -03:00] Monitor: sistemas ready
[2026-09-02 10:57:00 -03:00] Monitor: sistemas ready
[2026-09-02 10:57:07 -03:00] Monitor: sistemas ready
[2026-09-02 10:57:12 -03:00] Monitor: An error occurred while sending the request.
[2026-09-02 10:57:12 -03:00] Monitor: aguardando servicos... retry em 0,5s
[2026-09-02 10:57:16 -03:00] Monitor: sistemas ready
[2026-09-02 10:57:21 -03:00] Monitor: An error occurred while sending the request.
[2026-09-02 10:57:21 -03:00] Monitor: aguardando servicos... retry em 1,0s
[2026-09-02 10:57:25 -03:00] Monitor: sistemas ready
[2026-09-02 10:57:34 -03:00] Monitor: sistemas ready
[2026-09-02 10:57:42 -03:00] Monitor: sistemas ready
[2026-09-02 10:57:49 -03:00] Monitor: sistemas ready
[2026-09-02 10:57:54 -03:00] Monitor: An error occurred while sending the request.
[2026-09-02 10:57:54 -03:00] Monitor: aguardando servicos... retry em 3,2s
[2026-09-02 10:58:00 -03:00] Monitor: sistemas ready
[2026-09-02 10:58:07 -03:00] Monitor: sistemas ready
[2026-09-02 10:58:15 -03:00] Monitor: sistemas ready
[2026-09-02 10:58:22 -03:00] Monitor: sistemas ready
[2026-09-02 10:58:30 -03:00] Monitor: sistemas ready
[2026-09-02 10:58:37 -03:00] Monitor: sistemas ready
[2026-09-02 10:58:45 -03:00] Monitor: sistemas ready
[2026-09-02 10:58:53 -03:00] Monitor: sistemas ready
[2026-09-02 10:59:00 -03:00] Monitor: sistemas ready
[2026-09-02 10:59:07 -03:00] Monitor: sistemas ready
[2026-09-02 10:59:15 -03:00] Monitor: sistemas ready
[2026-09-02 10:59:23 -03:00] Monitor: sistemas ready
[2026-09-02 10:59:28 -03:00] Monitor: An error occurred while sending the request.
[2026-09-02 10:59:28 -03:00] Monitor: aguardando servicos... retry em 0,5s
[2026-09-02 10:59:32 -03:00] Monitor: sistemas ready
[2026-09-02 10:59:37 -03:00] Monitor: An error occurred while sending the request.
[2026-09-02 10:59:37 -03:00] Monitor: aguardando servicos... retry em 1,3s
[2026-09-02 10:59:43 -03:00] Monitor: sistemas ready
[2026-09-02 10:59:51 -03:00] Monitor: sistemas ready
[2026-09-02 10:59:58 -03:00] Monitor: sistemas ready
[2026-09-02 11:00:06 -03:00] Monitor: sistemas ready
[2026-09-02 11:00:14 -03:00] Monitor: sistemas ready
[2026-09-02 11:00:21 -03:00] Monitor: sistemas ready
[2026-09-02 11:00:28 -03:00] Monitor: sistemas ready
[2026-09-02 11:00:36 -03:00] Monitor: sistemas ready
[2026-09-02 11:00:41 -03:00] Monitor: An error occurred while sending the request.
[2026-09-02 11:00:41 -03:00] Monitor: aguardando servicos... retry em 3,2s
[2026-09-02 11:00:47 -03:00] Monitor: sistemas ready
[2026-09-02 11:00:55 -03:00] Monitor: sistemas ready
[2026-09-02 11:01:02 -03:00] Monitor: sistemas ready
[2026-09-02 11:01:10 -03:00] Monitor: sistemas ready
[2026-09-02 11:01:17 -03:00] Monitor: sistemas ready
[2026-09-02 11:01:25 -03:00] Monitor: sistemas ready
[2026-09-02 11:01:30 -03:00] Monitor: An error occurred while sending the request.
[2026-09-02 11:01:30 -03:00] Monitor: aguardando servicos... retry em 4,7s
[2026-09-02 11:01:37 -03:00] Monitor: sistemas ready
[2026-09-02 11:01:44 -03:00] Monitor: sistemas ready
[2026-09-02 11:01:52 -03:00] Monitor: sistemas ready
[2026-09-02 11:01:59 -03:00] Monitor: sistemas ready
[2026-09-02 11:02:07 -03:00] Monitor: sistemas ready
[2026-09-02 11:02:15 -03:00] Monitor: sistemas ready
[2026-09-02 11:02:22 -03:00] Monitor: sistemas ready
[2026-09-02 11:02:30 -03:00] Monitor: sistemas ready
[2026-09-02 11:02:37 -03:00] Monitor: sistemas ready
[2026-09-02 11:02:45 -03:00] Monitor: sistemas ready
[2026-09-02 11:02:54 -03:00] Monitor: sistemas ready
[2026-09-02 11:03:02 -03:00] Monitor: sistemas ready
[2026-09-02 11:03:07 -03:00] Monitor: An error occurred while sending the request.
[2026-09-02 11:03:07 -03:00] Monitor: aguardando servicos... retry em 0,6s
[2026-09-02 11:03:11 -03:00] Monitor: sistemas ready
[2026-09-02 11:03:19 -03:00] Monitor: sistemas ready
[2026-09-02 11:03:28 -03:00] Monitor: sistemas ready
[2026-09-02 11:03:33 -03:00] Monitor: An error occurred while sending the request.
[2026-09-02 11:03:33 -03:00] Monitor: aguardando servicos... retry em 1,1s
[2026-09-02 11:03:37 -03:00] Monitor: sistemas ready
[2026-09-02 11:03:45 -03:00] Monitor: sistemas ready
[2026-09-02 11:03:52 -03:00] Monitor: sistemas ready
[2026-09-02 11:04:00 -03:00] Monitor: sistemas ready
[2026-09-02 11:04:07 -03:00] Monitor: sistemas ready
[2026-09-02 11:04:15 -03:00] Monitor: sistemas ready
[2026-09-02 11:04:22 -03:00] Monitor: sistemas ready
[2026-09-02 11:04:30 -03:00] Monitor: sistemas ready
[2026-09-02 11:04:39 -03:00] Monitor: sistemas ready
[2026-09-02 11:04:44 -03:00] Monitor: An error occurred while sending the request.
[2026-09-02 11:04:44 -03:00] Monitor: aguardando servicos... retry em 0,9s
[2026-09-02 11:04:48 -03:00] Monitor: sistemas ready
[2026-09-02 11:04:53 -03:00] Monitor: An error occurred while sending the request.
[2026-09-02 11:04:53 -03:00] Monitor: aguardando servicos... retry em 2,0s
[2026-09-02 11:04:59 -03:00] Monitor: sistemas ready
[2026-09-02 11:05:08 -03:00] Monitor: sistemas ready
[2026-09-02 11:05:16 -03:00] Monitor: sistemas ready
[2026-09-02 11:05:24 -03:00] Monitor: sistemas ready
[2026-09-02 11:05:31 -03:00] Monitor: sistemas ready
[2026-09-02 11:05:38 -03:00] Monitor: sistemas ready
[2026-09-02 11:05:46 -03:00] Monitor: sistemas ready
[2026-09-02 11:05:53 -03:00] Monitor: sistemas ready
[2026-09-02 11:06:01 -03:00] Monitor: sistemas ready
[2026-09-02 11:06:09 -03:00] Monitor: sistemas ready
[2026-09-02 11:06:16 -03:00] Monitor: sistemas ready
[2026-09-02 11:06:23 -03:00] Monitor: sistemas ready
[2026-09-02 11:06:31 -03:00] Monitor: sistemas ready
[2026-09-02 11:06:39 -03:00] Monitor: sistemas ready
[2026-09-02 11:06:46 -03:00] Monitor: sistemas ready
[2026-09-02 11:06:51 -03:00] Monitor: An error occurred while sending the request.
[2026-09-02 11:06:51 -03:00] Monitor: aguardando servicos... retry em 0,7s
[2026-09-02 11:06:56 -03:00] Monitor: sistemas ready
[2026-09-02 11:07:04 -03:00] Monitor: sistemas ready
[2026-09-02 11:07:13 -03:00] Monitor: sistemas ready
[2026-09-02 11:07:21 -03:00] Monitor: sistemas ready
[2026-09-02 11:07:30 -03:00] Monitor: sistemas ready
[2026-09-02 11:07:38 -03:00] Monitor: sistemas ready
[2026-09-02 11:07:46 -03:00] Monitor: sistemas ready
[2026-09-02 11:07:54 -03:00] Monitor: sistemas ready
[2026-09-02 11:08:01 -03:00] Monitor: sistemas ready
[2026-09-02 11:08:09 -03:00] Monitor: sistemas ready
[2026-09-02 11:08:16 -03:00] Monitor: sistemas ready
[2026-09-02 11:08:21 -03:00] Monitor: An error occurred while sending the request.
[2026-09-02 11:08:21 -03:00] Monitor: aguardando servicos... retry em 0,8s
[2026-09-02 11:08:26 -03:00] Monitor: sistemas ready
[2026-09-02 11:08:34 -03:00] Monitor: sistemas ready
[2026-09-02 11:08:43 -03:00] Monitor: sistemas ready
[2026-09-02 11:08:51 -03:00] Monitor: sistemas ready
[2026-09-02 11:08:58 -03:00] Monitor: sistemas ready
[2026-09-02 11:09:06 -03:00] Monitor: sistemas ready
[2026-09-02 11:09:14 -03:00] Monitor: sistemas ready
[2026-09-02 11:09:21 -03:00] Monitor: sistemas ready
[2026-09-02 11:09:29 -03:00] Monitor: sistemas ready
[2026-09-02 11:09:38 -03:00] Monitor: sistemas ready
[2026-09-02 11:09:46 -03:00] Monitor: sistemas ready
[2026-09-02 11:09:55 -03:00] Monitor: sistemas ready
[2026-09-02 11:10:03 -03:00] Monitor: sistemas ready
[2026-09-02 11:10:12 -03:00] Monitor: sistemas ready
[2026-09-02 11:10:17 -03:00] Monitor: An error occurred while sending the request.
[2026-09-02 11:10:17 -03:00] Monitor: aguardando servicos... retry em 0,6s
[2026-09-02 11:10:20 -03:00] Monitor: sistemas ready
[2026-09-02 11:10:28 -03:00] Monitor: sistemas ready
[2026-09-02 11:10:35 -03:00] Monitor: sistemas ready
[2026-09-02 11:10:43 -03:00] Monitor: sistemas ready
[2026-09-02 11:10:50 -03:00] Monitor: sistemas ready
[2026-09-02 11:10:55 -03:00] Monitor: An error occurred while sending the request.
[2026-09-02 11:10:55 -03:00] Monitor: aguardando servicos... retry em 1,5s
[2026-09-02 11:10:59 -03:00] Monitor: sistemas ready
[2026-09-02 11:11:07 -03:00] Monitor: sistemas ready
[2026-09-02 11:11:14 -03:00] Monitor: sistemas ready
[2026-09-02 11:11:22 -03:00] Monitor: sistemas ready
[2026-09-02 11:11:29 -03:00] Monitor: sistemas ready
[2026-09-02 11:11:37 -03:00] Monitor: sistemas ready
[2026-09-02 11:11:44 -03:00] Monitor: sistemas ready
[2026-09-02 11:11:52 -03:00] Monitor: sistemas ready
[2026-09-02 11:11:59 -03:00] Monitor: sistemas ready
[2026-09-02 11:12:07 -03:00] Monitor: sistemas ready
[2026-09-02 11:12:15 -03:00] Monitor: sistemas ready
[2026-09-02 11:12:22 -03:00] Monitor: sistemas ready
[2026-09-02 11:12:30 -03:00] Monitor: sistemas ready
[2026-09-02 11:12:37 -03:00] Monitor: sistemas ready
[2026-09-02 11:12:45 -03:00] Monitor: sistemas ready
[2026-09-02 11:12:53 -03:00] Monitor: sistemas ready
[2026-09-02 11:13:00 -03:00] Monitor: sistemas ready
[2026-09-02 11:13:08 -03:00] Monitor: sistemas ready
[2026-09-02 11:13:16 -03:00] Monitor: sistemas ready
[2026-09-02 11:13:23 -03:00] Monitor: sistemas ready
[2026-09-02 11:13:31 -03:00] Monitor: sistemas ready
[2026-09-02 11:13:38 -03:00] Monitor: sistemas ready
[2026-09-02 11:13:46 -03:00] Monitor: sistemas ready
[2026-09-02 11:13:53 -03:00] Monitor: sistemas ready
[2026-09-02 11:14:01 -03:00] Monitor: sistemas ready
[2026-09-02 11:14:08 -03:00] Monitor: sistemas ready
[2026-09-02 11:14:16 -03:00] Monitor: sistemas ready
[2026-09-02 11:14:24 -03:00] Monitor: sistemas ready
[2026-09-02 11:14:31 -03:00] Monitor: sistemas ready
[2026-09-02 11:14:39 -03:00] Monitor: sistemas ready
[2026-09-02 11:14:48 -03:00] Monitor: sistemas ready
[2026-09-02 11:14:53 -03:00] Monitor: An error occurred while sending the request.
[2026-09-02 11:14:53 -03:00] Monitor: aguardando servicos... retry em 0,7s
[2026-09-02 11:14:57 -03:00] Monitor: sistemas ready
[2026-09-02 11:15:05 -03:00] Monitor: sistemas ready
[2026-09-02 11:15:14 -03:00] Monitor: sistemas ready
[2026-09-02 11:15:22 -03:00] Monitor: sistemas ready
[2026-09-02 11:15:29 -03:00] Monitor: sistemas ready
[2026-09-02 11:15:37 -03:00] Monitor: sistemas ready
[2026-09-02 11:15:44 -03:00] Monitor: Nenhuma ligação pôde ser feita porque o computador de destino
as recusou ativamente. (127.0.0.1:8765)
[2026-09-02 11:15:44 -03:00] Monitor: aguardando servicos... retry em 1,3s
[2026-09-02 11:15:47 -03:00] Monitor: Nenhuma ligação pôde ser feita porque o computador de destino
as recusou ativamente. (127.0.0.1:8765)
[2026-09-02 11:15:47 -03:00] Monitor: aguardando servicos... retry em 2,8s
[2026-09-02 11:15:52 -03:00] Monitor: Nenhuma ligação pôde ser feita porque o computador de destino
as recusou ativamente. (127.0.0.1:8765)
[2026-09-02 11:15:52 -03:00] Monitor: aguardando servicos... retry em 4,2s
[2026-09-02 11:15:58 -03:00] Monitor: Nenhuma ligação pôde ser feita porque o computador de destino
as recusou ativamente. (127.0.0.1:8765)
[2026-09-02 11:15:58 -03:00] Monitor: aguardando servicos... retry em 15,8s
[2026-09-02 11:16:16 -03:00] Monitor: Nenhuma ligação pôde ser feita porque o computador de destino
as recusou ativamente. (127.0.0.1:8765)
[2026-09-02 11:16:16 -03:00] Monitor: aguardando servicos... retry em 21,1s
[2026-09-02 11:16:39 -03:00] Monitor: Nenhuma ligação pôde ser feita porque o computador de destino
as recusou ativamente. (127.0.0.1:8765)
[2026-09-02 11:16:39 -03:00] Monitor: aguardando servicos... retry em 15,2s
[2026-09-02 11:16:56 -03:00] Monitor: Nenhuma ligação pôde ser feita porque o computador de destino
as recusou ativamente. (127.0.0.1:8765)
[2026-09-02 11:16:56 -03:00] Monitor: aguardando servicos... retry em 16,6s
[2026-09-02 11:17:16 -03:00] Monitor: sistemas ready
[2026-09-02 11:17:24 -03:00] Monitor: sistemas ready
[2026-09-02 11:17:32 -03:00] Monitor: sistemas ready
[2026-09-02 11:17:40 -03:00] Monitor: sistemas ready
[2026-09-02 11:17:48 -03:00] Monitor: sistemas ready
[2026-09-02 11:17:53 -03:00] Monitor: An error occurred while sending the request.
[2026-09-02 11:17:53 -03:00] Monitor: aguardando servicos... retry em 15,4s
[2026-09-02 11:18:12 -03:00] Monitor: sistemas ready
[2026-09-02 11:18:17 -03:00] Monitor: An error occurred while sending the request.
[2026-09-02 11:18:17 -03:00] Monitor: aguardando servicos... retry em 27,9s
[2026-09-02 11:18:48 -03:00] Monitor: sistemas ready
[2026-09-02 11:18:55 -03:00] Monitor: sistemas ready
[2026-09-02 11:19:03 -03:00] Monitor: sistemas ready
[2026-09-02 11:19:08 -03:00] Monitor: An error occurred while sending the request.
[2026-09-02 11:19:08 -03:00] Monitor: aguardando servicos... retry em 15,2s
[2026-09-02 11:19:26 -03:00] Monitor: sistemas ready
[2026-09-02 11:19:34 -03:00] Monitor: sistemas ready
[2026-09-02 11:19:41 -03:00] Monitor: sistemas ready
[2026-09-02 11:19:46 -03:00] Monitor: An error occurred while sending the request.
[2026-09-02 11:19:46 -03:00] Monitor: aguardando servicos... retry em 17,7s
[2026-09-02 11:20:07 -03:00] Monitor: sistemas ready
[2026-09-02 11:20:15 -03:00] Monitor: sistemas ready
[2026-09-02 11:20:22 -03:00] Monitor: sistemas ready
[2026-09-02 11:20:30 -03:00] Monitor: sistemas ready
[2026-09-02 11:20:38 -03:00] Monitor: sistemas ready
[2026-09-02 11:20:46 -03:00] Monitor: sistemas ready
[2026-09-02 11:20:53 -03:00] Monitor: sistemas ready
[2026-09-02 11:21:01 -03:00] Monitor: sistemas ready
[2026-09-02 11:21:09 -03:00] Monitor: sistemas ready
[2026-09-02 11:21:16 -03:00] Monitor: sistemas ready
[2026-09-02 11:21:24 -03:00] Monitor: sistemas ready
[2026-09-02 11:21:32 -03:00] Monitor: sistemas ready
[2026-09-02 11:21:40 -03:00] Monitor: sistemas ready
[2026-09-02 11:21:48 -03:00] Monitor: sistemas ready
[2026-09-02 11:21:56 -03:00] Monitor: sistemas ready
[2026-09-02 11:22:01 -03:00] Monitor: An error occurred while sending the request.
[2026-09-02 11:22:01 -03:00] Monitor: aguardando servicos... retry em 0,9s
[2026-09-02 11:22:04 -03:00] Monitor: sistemas ready
[2026-09-02 11:22:09 -03:00] Monitor: An error occurred while sending the request.
[2026-09-02 11:22:09 -03:00] Monitor: aguardando servicos... retry em 1,4s
[2026-09-02 11:22:14 -03:00] Monitor: sistemas ready
[2026-09-02 11:22:21 -03:00] Monitor: sistemas ready
[2026-09-02 11:22:29 -03:00] Monitor: sistemas ready
[2026-09-02 11:22:37 -03:00] Monitor: sistemas ready
[2026-09-02 11:22:45 -03:00] Monitor: sistemas ready
[2026-09-02 11:22:53 -03:00] Monitor: sistemas ready
[2026-09-02 11:23:00 -03:00] Monitor: sistemas ready
[2026-09-02 11:23:08 -03:00] Monitor: sistemas ready
[2026-09-02 11:23:16 -03:00] Monitor: sistemas ready
[2026-09-02 11:23:24 -03:00] Monitor: sistemas ready
[2026-09-02 11:23:31 -03:00] Monitor: sistemas ready
[2026-09-02 11:23:39 -03:00] Monitor: sistemas ready
[2026-09-02 11:23:47 -03:00] Monitor: sistemas ready
[2026-09-02 11:23:55 -03:00] Monitor: sistemas ready
[2026-09-02 11:24:03 -03:00] Monitor: sistemas ready
[2026-09-02 11:24:10 -03:00] Monitor: sistemas ready
[2026-09-02 11:24:15 -03:00] Monitor: An error occurred while sending the request.
[2026-09-02 11:24:15 -03:00] Monitor: aguardando servicos... retry em 0,7s
[2026-09-02 11:24:19 -03:00] Monitor: sistemas ready
[2026-09-02 11:24:26 -03:00] Monitor: sistemas ready
[2026-09-02 11:24:34 -03:00] Monitor: sistemas ready
[2026-09-02 11:24:42 -03:00] Monitor: sistemas ready
[2026-09-02 11:24:50 -03:00] Monitor: sistemas ready
[2026-09-02 11:24:57 -03:00] Monitor: sistemas ready
[2026-09-02 11:25:05 -03:00] Monitor: sistemas ready
[2026-09-02 11:25:13 -03:00] Monitor: sistemas ready
[2026-09-02 11:25:18 -03:00] Monitor: An error occurred while sending the request.
[2026-09-02 11:25:18 -03:00] Monitor: aguardando servicos... retry em 2,0s
[2026-09-02 11:25:23 -03:00] Monitor: sistemas ready
[2026-09-02 11:25:30 -03:00] Monitor: sistemas ready
[2026-09-02 11:25:35 -03:00] Monitor: An error occurred while sending the request.
[2026-09-02 11:25:35 -03:00] Monitor: aguardando servicos... retry em 2,1s
[2026-09-02 11:25:40 -03:00] Monitor: sistemas ready
[2026-09-02 11:25:48 -03:00] Monitor: sistemas ready
[2026-09-02 11:25:56 -03:00] Monitor: sistemas ready
[2026-09-02 11:26:04 -03:00] Monitor: sistemas ready
[2026-09-02 11:26:11 -03:00] Monitor: sistemas ready
[2026-09-02 11:26:16 -03:00] Monitor: An error occurred while sending the request.
[2026-09-02 11:26:16 -03:00] Monitor: aguardando servicos... retry em 5,0s
[2026-09-02 11:26:24 -03:00] Monitor: sistemas ready
[2026-09-02 11:26:32 -03:00] Monitor: sistemas ready
[2026-09-02 11:26:37 -03:00] Monitor: An error occurred while sending the request.
[2026-09-02 11:26:37 -03:00] Monitor: aguardando servicos... retry em 15,5s
[2026-09-02 11:26:55 -03:00] Monitor: sistemas ready
[2026-09-02 11:27:03 -03:00] Monitor: sistemas ready
[2026-09-02 11:27:11 -03:00] Monitor: sistemas ready
[2026-09-02 11:27:18 -03:00] Monitor: sistemas ready
[2026-09-02 11:27:26 -03:00] Monitor: sistemas ready
[2026-09-02 11:27:34 -03:00] Monitor: sistemas ready
[2026-09-02 11:27:42 -03:00] Monitor: sistemas ready
[2026-09-02 11:27:50 -03:00] Monitor: sistemas ready
[2026-09-02 11:27:58 -03:00] Monitor: sistemas ready
[2026-09-02 11:28:03 -03:00] Monitor: An error occurred while sending the request.
[2026-09-02 11:28:03 -03:00] Monitor: aguardando servicos... retry em 0,9s
[2026-09-02 11:28:07 -03:00] Monitor: sistemas ready
[2026-09-02 11:28:14 -03:00] Monitor: sistemas ready
[2026-09-02 11:28:19 -03:00] Monitor: An error occurred while sending the request.
[2026-09-02 11:28:19 -03:00] Monitor: aguardando servicos... retry em 1,3s
[2026-09-02 11:28:23 -03:00] Monitor: sistemas ready
[2026-09-02 11:28:31 -03:00] Monitor: sistemas ready
[2026-09-02 11:28:39 -03:00] Monitor: sistemas ready
[2026-09-02 11:28:47 -03:00] Monitor: sistemas ready
[2026-09-02 11:28:55 -03:00] Monitor: sistemas ready
[2026-09-02 11:29:02 -03:00] Monitor: sistemas ready
[2026-09-02 11:29:10 -03:00] Monitor: sistemas ready
[2026-09-02 11:29:15 -03:00] Monitor: An error occurred while sending the request.
[2026-09-02 11:29:15 -03:00] Monitor: aguardando servicos... retry em 2,2s
[2026-09-02 11:29:20 -03:00] Monitor: sistemas ready
[2026-09-02 11:29:25 -03:00] Monitor: An error occurred while sending the request.
[2026-09-02 11:29:25 -03:00] Monitor: aguardando servicos... retry em 4,0s
[2026-09-02 11:29:32 -03:00] Monitor: sistemas ready
[2026-09-02 11:29:40 -03:00] Monitor: sistemas ready
[2026-09-02 11:29:47 -03:00] Monitor: sistemas ready
[2026-09-02 11:29:55 -03:00] Monitor: sistemas ready
[2026-09-02 11:30:03 -03:00] Monitor: sistemas ready
[2026-09-02 11:30:11 -03:00] Monitor: sistemas ready
[2026-09-02 11:30:18 -03:00] Monitor: sistemas ready
[2026-09-02 11:30:26 -03:00] Monitor: sistemas ready
[2026-09-02 11:30:34 -03:00] Monitor: sistemas ready
[2026-09-02 11:30:42 -03:00] Monitor: sistemas ready
[2026-09-02 11:30:47 -03:00] Monitor: An error occurred while sending the request.
[2026-09-02 11:30:47 -03:00] Monitor: aguardando servicos... retry em 0,6s
[2026-09-02 11:30:51 -03:00] Monitor: sistemas ready
[2026-09-02 11:31:00 -03:00] Monitor: sistemas ready
[2026-09-02 11:31:08 -03:00] Monitor: sistemas ready
[2026-09-02 11:31:17 -03:00] Monitor: sistemas ready
[2026-09-02 11:31:25 -03:00] Monitor: sistemas ready
[2026-09-02 11:31:33 -03:00] Monitor: sistemas ready
[2026-09-02 11:31:41 -03:00] Monitor: sistemas ready
[2026-09-02 11:31:48 -03:00] Monitor: sistemas ready
[2026-09-02 11:31:56 -03:00] Monitor: sistemas ready
[2026-09-02 11:32:01 -03:00] Monitor: An error occurred while sending the request.
[2026-09-02 11:32:01 -03:00] Monitor: aguardando servicos... retry em 0,7s
[2026-09-02 11:32:04 -03:00] Monitor: sistemas ready
[2026-09-02 11:32:13 -03:00] Monitor: sistemas ready
[2026-09-02 11:32:22 -03:00] Monitor: sistemas ready
[2026-09-02 11:32:31 -03:00] Monitor: sistemas ready
[2026-09-02 11:32:36 -03:00] Monitor: An error occurred while sending the request.
[2026-09-02 11:32:36 -03:00] Monitor: aguardando servicos... retry em 1,6s
[2026-09-02 11:32:41 -03:00] Monitor: sistemas ready
[2026-09-02 11:32:46 -03:00] Monitor: An error occurred while sending the request.
[2026-09-02 11:32:46 -03:00] Monitor: aguardando servicos... retry em 3,7s
[2026-09-02 11:32:53 -03:00] Monitor: sistemas ready
[2026-09-02 11:33:01 -03:00] Monitor: sistemas ready
[2026-09-02 11:33:09 -03:00] Monitor: sistemas ready
[2026-09-02 11:33:17 -03:00] Monitor: sistemas ready
[2026-09-02 11:33:22 -03:00] Monitor: An error occurred while sending the request.
[2026-09-02 11:33:22 -03:00] Monitor: aguardando servicos... retry em 6,2s
[2026-09-02 11:33:31 -03:00] Monitor: sistemas ready
[2026-09-02 11:33:38 -03:00] Monitor: sistemas ready
[2026-09-02 11:33:46 -03:00] Monitor: sistemas ready
[2026-09-02 11:33:54 -03:00] Monitor: sistemas ready
[2026-09-02 11:34:02 -03:00] Monitor: sistemas ready
[2026-09-02 11:34:10 -03:00] Monitor: sistemas ready
[2026-09-02 11:34:17 -03:00] Monitor: sistemas ready
[2026-09-02 11:34:25 -03:00] Monitor: sistemas ready
[2026-09-02 11:34:33 -03:00] Monitor: sistemas ready
[2026-09-02 11:34:41 -03:00] Monitor: sistemas ready
[2026-09-02 11:34:48 -03:00] Monitor: sistemas ready
[2026-09-02 11:34:56 -03:00] Monitor: sistemas ready
[2026-09-02 11:35:04 -03:00] Monitor: sistemas ready
[2026-09-02 11:35:11 -03:00] Monitor: sistemas ready
[2026-09-02 11:35:17 -03:00] Monitor: An error occurred while sending the request.
[2026-09-02 11:35:17 -03:00] Monitor: aguardando servicos... retry em 1,0s
[2026-09-02 11:35:20 -03:00] Monitor: sistemas ready
[2026-09-02 11:35:28 -03:00] Monitor: sistemas ready
[2026-09-02 11:35:33 -03:00] Monitor: An error occurred while sending the request.
[2026-09-02 11:35:33 -03:00] Monitor: aguardando servicos... retry em 1,5s
[2026-09-02 11:35:37 -03:00] Monitor: sistemas ready
[2026-09-02 11:35:45 -03:00] Monitor: sistemas ready
[2026-09-02 11:35:53 -03:00] Monitor: sistemas ready
[2026-09-02 11:36:01 -03:00] Monitor: sistemas ready
[2026-09-02 11:36:08 -03:00] Monitor: sistemas ready
[2026-09-02 11:36:16 -03:00] Monitor: sistemas ready
[2026-09-02 11:36:24 -03:00] Monitor: sistemas ready
[2026-09-02 11:36:32 -03:00] Monitor: sistemas ready
[2026-09-02 11:36:39 -03:00] Monitor: sistemas ready
[2026-09-02 11:36:47 -03:00] Monitor: sistemas ready
[2026-09-02 11:36:55 -03:00] Monitor: sistemas ready
[2026-09-02 11:37:02 -03:00] Monitor: sistemas ready
[2026-09-02 11:37:07 -03:00] Monitor: An error occurred while sending the request.
[2026-09-02 11:37:07 -03:00] Monitor: aguardando servicos... retry em 0,8s
[2026-09-02 11:37:11 -03:00] Monitor: sistemas ready
[2026-09-02 11:37:19 -03:00] Monitor: sistemas ready
[2026-09-02 11:37:27 -03:00] Monitor: sistemas ready
[2026-09-02 11:37:34 -03:00] Monitor: sistemas ready
[2026-09-02 11:37:42 -03:00] Monitor: sistemas ready
[2026-09-02 11:37:49 -03:00] Monitor: sistemas ready
[2026-09-02 11:37:57 -03:00] Monitor: sistemas ready
[2026-09-02 11:38:05 -03:00] Monitor: sistemas ready
[2026-09-02 11:38:13 -03:00] Monitor: sistemas ready
[2026-09-02 11:38:21 -03:00] Monitor: sistemas ready
[2026-09-02 11:38:29 -03:00] Monitor: sistemas ready
[2026-09-02 11:38:34 -03:00] Monitor: An error occurred while sending the request.
[2026-09-02 11:38:34 -03:00] Monitor: aguardando servicos... retry em 0,8s
[2026-09-02 11:38:37 -03:00] Monitor: sistemas ready
[2026-09-02 11:38:45 -03:00] Monitor: sistemas ready
[2026-09-02 11:38:52 -03:00] Monitor: sistemas ready
[2026-09-02 11:39:00 -03:00] Monitor: sistemas ready
[2026-09-02 11:39:08 -03:00] Monitor: sistemas ready
[2026-09-02 11:39:16 -03:00] Monitor: sistemas ready
[2026-09-02 11:39:24 -03:00] Monitor: sistemas ready
[2026-09-02 11:39:32 -03:00] Monitor: sistemas ready
[2026-09-02 11:39:40 -03:00] Monitor: sistemas ready
[2026-09-02 11:39:48 -03:00] Monitor: sistemas ready
[2026-09-02 11:39:56 -03:00] Monitor: sistemas ready
[2026-09-02 11:40:05 -03:00] Monitor: sistemas ready
[2026-09-02 11:40:13 -03:00] Monitor: sistemas ready
[2026-09-02 11:40:21 -03:00] Monitor: sistemas ready
[2026-09-02 11:40:29 -03:00] Monitor: sistemas ready
[2026-09-02 11:40:36 -03:00] Monitor: sistemas ready
[2026-09-02 11:40:44 -03:00] Monitor: sistemas ready
[2026-09-02 11:40:52 -03:00] Monitor: sistemas ready
[2026-09-02 11:40:59 -03:00] Monitor: sistemas ready
[2026-09-02 11:41:07 -03:00] Monitor: sistemas ready
[2026-09-02 11:41:15 -03:00] Monitor: sistemas ready
[2026-09-02 11:41:23 -03:00] Monitor: sistemas ready
[2026-09-02 11:41:30 -03:00] Monitor: sistemas ready
[2026-09-02 11:41:38 -03:00] Monitor: sistemas ready
[2026-09-02 11:41:46 -03:00] Monitor: sistemas ready
[2026-09-02 11:41:53 -03:00] Monitor: sistemas ready
[2026-09-02 11:42:01 -03:00] Monitor: sistemas ready
[2026-09-02 11:42:09 -03:00] Monitor: sistemas ready
[2026-09-02 11:42:17 -03:00] Monitor: sistemas ready
[2026-09-02 11:42:24 -03:00] Monitor: sistemas ready
[2026-09-02 11:42:32 -03:00] Monitor: sistemas ready
[2026-09-02 11:42:40 -03:00] Monitor: sistemas ready
[2026-09-02 11:42:47 -03:00] Monitor: sistemas ready
[2026-09-02 11:42:55 -03:00] Monitor: sistemas ready
[2026-09-02 11:43:03 -03:00] Monitor: sistemas ready
[2026-09-02 11:43:11 -03:00] Monitor: sistemas ready
[2026-09-02 11:43:18 -03:00] Monitor: sistemas ready
[2026-09-02 11:43:26 -03:00] Monitor: sistemas ready
[2026-09-02 11:43:34 -03:00] Monitor: sistemas ready
[2026-09-02 11:43:41 -03:00] Monitor: sistemas ready
[2026-09-02 11:43:49 -03:00] Monitor: sistemas ready
[2026-09-02 11:43:57 -03:00] Monitor: sistemas ready
[2026-09-02 11:44:04 -03:00] Monitor: sistemas ready
[2026-09-02 11:44:12 -03:00] Monitor: sistemas ready
[2026-09-02 11:44:20 -03:00] Monitor: sistemas ready
[2026-09-02 11:44:27 -03:00] Monitor: sistemas ready
[2026-09-02 11:44:35 -03:00] Monitor: sistemas ready
[2026-09-02 11:44:43 -03:00] Monitor: sistemas ready
[2026-09-02 11:44:51 -03:00] Monitor: sistemas ready
[2026-09-02 11:44:59 -03:00] Monitor: sistemas ready
[2026-09-02 11:45:04 -03:00] Monitor: An error occurred while sending the request.
[2026-09-02 11:45:04 -03:00] Monitor: aguardando servicos... retry em 0,7s
[2026-09-02 11:45:07 -03:00] Monitor: sistemas ready
[2026-09-02 11:45:15 -03:00] Monitor: sistemas ready
[2026-09-02 11:45:22 -03:00] Monitor: sistemas ready
[2026-09-02 11:45:30 -03:00] Monitor: sistemas ready
[2026-09-02 11:45:35 -03:00] Monitor: An error occurred while sending the request.
[2026-09-02 11:45:35 -03:00] Monitor: aguardando servicos... retry em 1,3s
[2026-09-02 11:45:39 -03:00] Monitor: sistemas ready
[2026-09-02 11:45:47 -03:00] Monitor: sistemas ready
[2026-09-02 11:45:54 -03:00] Monitor: sistemas ready
[2026-09-02 11:46:02 -03:00] Monitor: sistemas ready
[2026-09-02 11:46:10 -03:00] Monitor: sistemas ready
[2026-09-02 11:46:18 -03:00] Monitor: sistemas ready
[2026-09-02 11:46:25 -03:00] Monitor: sistemas ready
[2026-09-02 11:46:33 -03:00] Monitor: sistemas ready
[2026-09-02 11:46:41 -03:00] Monitor: sistemas ready
[2026-09-02 11:46:49 -03:00] Monitor: sistemas ready
[2026-09-02 11:46:57 -03:00] Monitor: sistemas ready
[2026-09-02 11:47:02 -03:00] Monitor: An error occurred while sending the request.
[2026-09-02 11:47:02 -03:00] Monitor: aguardando servicos... retry em 0,7s
[2026-09-02 11:47:05 -03:00] Monitor: sistemas ready
[2026-09-02 11:47:13 -03:00] Monitor: sistemas ready
[2026-09-02 11:47:21 -03:00] Monitor: sistemas ready
[2026-09-02 11:47:28 -03:00] Monitor: sistemas ready
[2026-09-02 11:47:36 -03:00] Monitor: sistemas ready
[2026-09-02 11:47:41 -03:00] Monitor: An error occurred while sending the request.
[2026-09-02 11:47:41 -03:00] Monitor: aguardando servicos... retry em 1,8s
[2026-09-02 11:47:47 -03:00] Monitor: sistemas ready
[2026-09-02 11:47:55 -03:00] Monitor: sistemas ready
[2026-09-02 11:48:03 -03:00] Monitor: sistemas ready
[2026-09-02 11:48:10 -03:00] Monitor: sistemas ready
[2026-09-02 11:48:16 -03:00] Monitor: An error occurred while sending the request.
[2026-09-02 11:48:16 -03:00] Monitor: aguardando servicos... retry em 2,2s
[2026-09-02 11:48:21 -03:00] Monitor: sistemas ready
[2026-09-02 11:48:28 -03:00] Monitor: sistemas ready
[2026-09-02 11:48:36 -03:00] Monitor: sistemas ready
[2026-09-02 11:48:44 -03:00] Monitor: sistemas ready
[2026-09-02 11:48:49 -03:00] Monitor: An error occurred while sending the request.
[2026-09-02 11:48:49 -03:00] Monitor: aguardando servicos... retry em 5,1s
[2026-09-02 11:48:57 -03:00] Monitor: sistemas ready
[2026-09-02 11:49:06 -03:00] Monitor: sistemas ready
[2026-09-02 11:49:14 -03:00] Monitor: sistemas ready
[2026-09-02 11:49:21 -03:00] Monitor: sistemas ready
[2026-09-02 11:49:26 -03:00] Monitor: An error occurred while sending the request.
[2026-09-02 11:49:26 -03:00] Monitor: aguardando servicos... retry em 11,5s
[2026-09-02 11:49:41 -03:00] Monitor: sistemas ready
[2026-09-02 11:49:46 -03:00] Monitor: An error occurred while sending the request.
[2026-09-02 11:49:46 -03:00] Monitor: aguardando servicos... retry em 29,1s
[2026-09-02 11:50:17 -03:00] Monitor: sistemas ready
[2026-09-02 11:50:25 -03:00] Monitor: sistemas ready
[2026-09-02 11:50:33 -03:00] Monitor: sistemas ready
[2026-09-02 11:50:41 -03:00] Monitor: sistemas ready
[2026-09-02 11:50:46 -03:00] Monitor: An error occurred while sending the request.
[2026-09-02 11:50:46 -03:00] Monitor: aguardando servicos... retry em 27,6s
[2026-09-02 11:51:16 -03:00] Monitor: sistemas ready
[2026-09-02 11:51:24 -03:00] Monitor: sistemas ready
[2026-09-02 11:51:29 -03:00] Monitor: An error occurred while sending the request.
[2026-09-02 11:51:29 -03:00] Monitor: aguardando servicos... retry em 19,5s
[2026-09-02 11:51:52 -03:00] Monitor: sistemas ready
[2026-09-02 11:52:00 -03:00] Monitor: sistemas ready
[2026-09-02 11:52:05 -03:00] Monitor: An error occurred while sending the request.
[2026-09-02 11:52:05 -03:00] Monitor: aguardando servicos... retry em 23,9s
[2026-09-02 11:52:32 -03:00] Monitor: sistemas ready
[2026-09-02 11:52:40 -03:00] Monitor: sistemas ready
[2026-09-02 11:52:49 -03:00] Monitor: sistemas ready
[2026-09-02 11:52:58 -03:00] Monitor: sistemas ready
[2026-09-02 11:53:03 -03:00] Monitor: An error occurred while sending the request.
[2026-09-02 11:53:03 -03:00] Monitor: aguardando servicos... retry em 16,4s
[2026-09-02 11:53:22 -03:00] Monitor: sistemas ready
[2026-09-02 11:53:30 -03:00] Monitor: sistemas ready
[2026-09-02 11:53:37 -03:00] Monitor: sistemas ready
[2026-09-02 11:53:45 -03:00] Monitor: sistemas ready
[2026-09-02 11:53:53 -03:00] Monitor: sistemas ready
[2026-09-02 11:54:00 -03:00] Monitor: sistemas ready
[2026-09-02 11:54:05 -03:00] Monitor: An error occurred while sending the request.
[2026-09-02 11:54:05 -03:00] Monitor: aguardando servicos... retry em 26,2s
[2026-09-02 11:54:34 -03:00] Monitor: sistemas ready
[2026-09-02 11:54:42 -03:00] Monitor: sistemas ready
[2026-09-02 11:54:50 -03:00] Monitor: sistemas ready
[2026-09-02 11:54:58 -03:00] Monitor: sistemas ready
[2026-09-02 11:55:05 -03:00] Monitor: sistemas ready
[2026-09-02 11:55:13 -03:00] Monitor: sistemas ready
[2026-09-02 11:55:21 -03:00] Monitor: sistemas ready
[2026-09-02 11:55:28 -03:00] Monitor: sistemas ready
[2026-09-02 11:55:36 -03:00] Monitor: sistemas ready
[2026-09-02 11:55:44 -03:00] Monitor: sistemas ready
[2026-09-02 11:55:49 -03:00] Monitor: An error occurred while sending the request.
[2026-09-02 11:55:49 -03:00] Monitor: aguardando servicos... retry em 0,8s
[2026-09-02 11:55:53 -03:00] Monitor: sistemas ready
[2026-09-02 11:56:00 -03:00] Monitor: sistemas ready
[2026-09-02 11:56:05 -03:00] Monitor: An error occurred while sending the request.
[2026-09-02 11:56:05 -03:00] Monitor: aguardando servicos... retry em 2,0s
[2026-09-02 11:56:10 -03:00] Monitor: sistemas ready
[2026-09-02 11:56:18 -03:00] Monitor: sistemas ready
[2026-09-02 11:56:26 -03:00] Monitor: sistemas ready
[2026-09-02 11:56:33 -03:00] Monitor: sistemas ready
[2026-09-02 11:56:38 -03:00] Monitor: An error occurred while sending the request.
[2026-09-02 11:56:38 -03:00] Monitor: aguardando servicos... retry em 3,9s
[2026-09-02 11:56:45 -03:00] Monitor: sistemas ready
[2026-09-02 11:56:53 -03:00] Monitor: sistemas ready
[2026-09-02 11:57:01 -03:00] Monitor: sistemas ready
[2026-09-02 11:57:09 -03:00] Monitor: sistemas ready
[2026-09-02 11:57:16 -03:00] Monitor: sistemas ready
[2026-09-02 11:57:24 -03:00] Monitor: sistemas ready
[2026-09-02 11:57:32 -03:00] Monitor: sistemas ready
[2026-09-02 11:57:40 -03:00] Monitor: sistemas ready
[2026-09-02 11:57:47 -03:00] Monitor: sistemas ready
[2026-09-02 11:57:52 -03:00] Monitor: An error occurred while sending the request.
[2026-09-02 11:57:52 -03:00] Monitor: aguardando servicos... retry em 0,6s
[2026-09-02 11:57:56 -03:00] Monitor: sistemas ready
[2026-09-02 11:58:04 -03:00] Monitor: sistemas ready
[2026-09-02 11:58:09 -03:00] Monitor: An error occurred while sending the request.
[2026-09-02 11:58:09 -03:00] Monitor: aguardando servicos... retry em 1,8s
[2026-09-02 11:58:13 -03:00] Monitor: sistemas ready
[2026-09-02 11:58:21 -03:00] Monitor: sistemas ready
[2026-09-02 11:58:29 -03:00] Monitor: sistemas ready
[2026-09-02 11:58:37 -03:00] Monitor: sistemas ready
[2026-09-02 11:58:45 -03:00] Monitor: sistemas ready
[2026-09-02 11:58:53 -03:00] Monitor: sistemas ready
[2026-09-02 11:59:01 -03:00] Monitor: sistemas ready
[2026-09-02 11:59:09 -03:00] Monitor: sistemas ready
[2026-09-02 11:59:16 -03:00] Monitor: sistemas ready
[2026-09-02 11:59:24 -03:00] Monitor: sistemas ready
[2026-09-02 11:59:32 -03:00] Monitor: sistemas ready
[2026-09-02 11:59:40 -03:00] Monitor: sistemas ready
[2026-09-02 11:59:48 -03:00] Monitor: sistemas ready
[2026-09-02 11:59:53 -03:00] Monitor: An error occurred while sending the request.
[2026-09-02 11:59:53 -03:00] Monitor: aguardando servicos... retry em 0,9s
[2026-09-02 11:59:56 -03:00] Monitor: sistemas ready
[2026-09-02 12:00:04 -03:00] Monitor: sistemas ready
[2026-09-02 12:00:12 -03:00] Monitor: sistemas ready
[2026-09-02 12:00:20 -03:00] Monitor: sistemas ready
[2026-09-02 12:00:27 -03:00] Monitor: sistemas ready
[2026-09-02 12:00:35 -03:00] Monitor: sistemas ready
[2026-09-02 12:00:43 -03:00] Monitor: sistemas ready
[2026-09-02 12:00:51 -03:00] Monitor: sistemas ready
[2026-09-02 12:00:59 -03:00] Monitor: sistemas ready
[2026-09-02 12:01:06 -03:00] Monitor: sistemas ready
[2026-09-02 12:01:14 -03:00] Monitor: sistemas ready
[2026-09-02 12:01:22 -03:00] Monitor: sistemas ready
[2026-09-02 12:01:30 -03:00] Monitor: sistemas ready
[2026-09-02 12:01:37 -03:00] Monitor: sistemas ready
[2026-09-02 12:01:45 -03:00] Monitor: sistemas ready
[2026-09-02 12:01:50 -03:00] Monitor: An error occurred while sending the request.
[2026-09-02 12:01:50 -03:00] Monitor: aguardando servicos... retry em 0,8s
[2026-09-02 12:01:54 -03:00] Monitor: sistemas ready
[2026-09-02 12:02:02 -03:00] Monitor: sistemas ready
[2026-09-02 12:02:09 -03:00] Monitor: sistemas ready
[2026-09-02 12:02:17 -03:00] Monitor: sistemas ready
[2026-09-02 12:02:25 -03:00] Monitor: sistemas ready
[2026-09-02 12:02:33 -03:00] Monitor: sistemas ready
[2026-09-02 12:02:38 -03:00] Monitor: An error occurred while sending the request.
[2026-09-02 12:02:38 -03:00] Monitor: aguardando servicos... retry em 1,2s
[2026-09-02 12:02:42 -03:00] Monitor: sistemas ready
[2026-09-02 12:02:49 -03:00] Monitor: sistemas ready
[2026-09-02 12:02:57 -03:00] Monitor: sistemas ready
[2026-09-02 12:03:05 -03:00] Monitor: sistemas ready
[2026-09-02 12:03:13 -03:00] Monitor: sistemas ready
[2026-09-02 12:03:20 -03:00] Monitor: sistemas ready
[2026-09-02 12:03:28 -03:00] Monitor: sistemas ready
[2026-09-02 12:03:33 -03:00] Monitor: An error occurred while sending the request.
[2026-09-02 12:03:33 -03:00] Monitor: aguardando servicos... retry em 3,3s
[2026-09-02 12:03:39 -03:00] Monitor: sistemas ready
[2026-09-02 12:03:47 -03:00] Monitor: sistemas ready
[2026-09-02 12:03:55 -03:00] Monitor: sistemas ready
[2026-09-02 12:04:02 -03:00] Monitor: sistemas ready
[2026-09-02 12:04:10 -03:00] Monitor: sistemas ready
[2026-09-02 12:04:18 -03:00] Monitor: sistemas ready
[2026-09-02 12:04:26 -03:00] Monitor: sistemas ready
[2026-09-02 12:04:34 -03:00] Monitor: sistemas ready
[2026-09-02 12:04:42 -03:00] Monitor: sistemas ready
[2026-09-02 12:04:49 -03:00] Monitor: sistemas ready
[2026-09-02 12:04:57 -03:00] Monitor: sistemas ready
[2026-09-02 12:05:05 -03:00] Monitor: sistemas ready
[2026-09-02 12:05:12 -03:00] Monitor: sistemas ready
[2026-09-02 12:05:20 -03:00] Monitor: sistemas ready
[2026-09-02 12:05:28 -03:00] Monitor: sistemas ready
[2026-09-02 12:05:36 -03:00] Monitor: sistemas ready
[2026-09-02 12:05:43 -03:00] Monitor: sistemas ready
[2026-09-02 12:05:51 -03:00] Monitor: sistemas ready
[2026-09-02 12:05:59 -03:00] Monitor: sistemas ready
[2026-09-02 12:06:07 -03:00] Monitor: sistemas ready
[2026-09-02 12:06:15 -03:00] Monitor: sistemas ready
[2026-09-02 12:06:23 -03:00] Monitor: sistemas ready
[2026-09-02 12:06:30 -03:00] Monitor: sistemas ready
[2026-09-02 12:06:35 -03:00] Monitor: An error occurred while sending the request.
[2026-09-02 12:06:35 -03:00] Monitor: aguardando servicos... retry em 0,7s
[2026-09-02 12:06:39 -03:00] Monitor: sistemas ready
[2026-09-02 12:06:46 -03:00] Monitor: sistemas ready
[2026-09-02 12:06:54 -03:00] Monitor: sistemas ready
[2026-09-02 12:07:02 -03:00] Monitor: sistemas ready
[2026-09-02 12:07:09 -03:00] Monitor: sistemas ready
[2026-09-02 12:07:17 -03:00] Monitor: sistemas ready
[2026-09-02 12:07:25 -03:00] Monitor: sistemas ready
[2026-09-02 12:07:33 -03:00] Monitor: sistemas ready
[2026-09-02 12:07:40 -03:00] Monitor: sistemas ready
[2026-09-02 12:07:45 -03:00] Monitor: An error occurred while sending the request.
[2026-09-02 12:07:45 -03:00] Monitor: aguardando servicos... retry em 0,8s
[2026-09-02 12:07:49 -03:00] Monitor: sistemas ready
[2026-09-02 12:07:57 -03:00] Monitor: sistemas ready
[2026-09-02 12:08:05 -03:00] Monitor: sistemas ready
[2026-09-02 12:08:12 -03:00] Monitor: sistemas ready
[2026-09-02 12:08:20 -03:00] Monitor: sistemas ready
[2026-09-02 12:08:28 -03:00] Monitor: sistemas ready
[2026-09-02 12:08:35 -03:00] Monitor: sistemas ready
[2026-09-02 12:08:43 -03:00] Monitor: sistemas ready
[2026-09-02 12:08:51 -03:00] Monitor: sistemas ready
[2026-09-02 12:08:59 -03:00] Monitor: sistemas ready
[2026-09-02 12:09:04 -03:00] Monitor: An error occurred while sending the request.
[2026-09-02 12:09:04 -03:00] Monitor: aguardando servicos... retry em 0,6s
[2026-09-02 12:09:08 -03:00] Monitor: sistemas ready
[2026-09-02 12:09:13 -03:00] Monitor: An error occurred while sending the request.
[2026-09-02 12:09:13 -03:00] Monitor: aguardando servicos... retry em 1,8s
[2026-09-02 12:09:19 -03:00] Monitor: sistemas ready
[2026-09-02 12:09:29 -03:00] Monitor: sistemas ready
[2026-09-02 12:09:37 -03:00] Monitor: sistemas ready
[2026-09-02 12:09:45 -03:00] Monitor: sistemas ready
[2026-09-02 12:09:53 -03:00] Monitor: sistemas ready
[2026-09-02 12:09:58 -03:00] Monitor: An error occurred while sending the request.
[2026-09-02 12:09:58 -03:00] Monitor: aguardando servicos... retry em 3,2s
[2026-09-02 12:10:02 -03:00] Monitor: An error occurred while sending the request.
[2026-09-02 12:10:02 -03:00] Monitor: aguardando servicos... retry em 8,0s
[2026-09-02 12:10:13 -03:00] Monitor: sistemas ready
[2026-09-02 12:10:20 -03:00] Monitor: sistemas ready
[2026-09-02 12:10:28 -03:00] Monitor: sistemas ready
[2026-09-02 12:10:35 -03:00] Monitor: sistemas ready
[2026-09-02 12:10:43 -03:00] Monitor: sistemas ready
[2026-09-02 12:10:51 -03:00] Monitor: sistemas ready
[2026-09-02 12:10:58 -03:00] Monitor: sistemas ready
[2026-09-02 12:11:06 -03:00] Monitor: sistemas ready
[2026-09-02 12:11:14 -03:00] Monitor: sistemas ready
[2026-09-02 12:11:22 -03:00] Monitor: sistemas ready
[2026-09-02 12:11:29 -03:00] Monitor: sistemas ready
[2026-09-02 12:11:34 -03:00] Monitor: An error occurred while sending the request.
[2026-09-02 12:11:34 -03:00] Monitor: aguardando servicos... retry em 0,6s
[2026-09-02 12:11:38 -03:00] Monitor: sistemas ready
[2026-09-02 12:11:46 -03:00] Monitor: sistemas ready
[2026-09-02 12:11:51 -03:00] Monitor: An error occurred while sending the request.
[2026-09-02 12:11:51 -03:00] Monitor: aguardando servicos... retry em 1,1s
[2026-09-02 12:11:54 -03:00] Monitor: sistemas ready
[2026-09-02 12:11:59 -03:00] Monitor: An error occurred while sending the request.
[2026-09-02 12:11:59 -03:00] Monitor: aguardando servicos... retry em 4,0s
[2026-09-02 12:12:06 -03:00] Monitor: sistemas ready
[2026-09-02 12:12:14 -03:00] Monitor: sistemas ready
[2026-09-02 12:12:19 -03:00] Monitor: An error occurred while sending the request.
[2026-09-02 12:12:19 -03:00] Monitor: aguardando servicos... retry em 4,6s
[2026-09-02 12:12:26 -03:00] Monitor: sistemas ready
[2026-09-02 12:12:34 -03:00] Monitor: sistemas ready
[2026-09-02 12:12:39 -03:00] Monitor: An error occurred while sending the request.
[2026-09-02 12:12:39 -03:00] Monitor: aguardando servicos... retry em 9,6s
[2026-09-02 12:12:51 -03:00] Monitor: sistemas ready
[2026-09-02 12:12:59 -03:00] Monitor: sistemas ready
[2026-09-02 12:13:06 -03:00] Monitor: sistemas ready
[2026-09-02 12:13:14 -03:00] Monitor: sistemas ready
[2026-09-02 12:13:21 -03:00] Monitor: sistemas ready
[2026-09-02 12:13:29 -03:00] Monitor: sistemas ready
[2026-09-02 12:13:37 -03:00] Monitor: sistemas ready
[2026-09-02 12:13:45 -03:00] Monitor: sistemas ready
[2026-09-02 12:13:52 -03:00] Monitor: sistemas ready
[2026-09-02 12:14:00 -03:00] Monitor: sistemas ready
[2026-09-02 12:14:08 -03:00] Monitor: sistemas ready
[2026-09-02 12:14:15 -03:00] Monitor: sistemas ready
[2026-09-02 12:14:20 -03:00] Monitor: An error occurred while sending the request.
[2026-09-02 12:14:20 -03:00] Monitor: aguardando servicos... retry em 1,0s
[2026-09-02 12:14:24 -03:00] Monitor: sistemas ready
[2026-09-02 12:14:32 -03:00] Monitor: sistemas ready
[2026-09-02 12:14:40 -03:00] Monitor: sistemas ready
[2026-09-02 12:14:47 -03:00] Monitor: sistemas ready
[2026-09-02 12:14:55 -03:00] Monitor: sistemas ready
[2026-09-02 12:15:03 -03:00] Monitor: sistemas ready
[2026-09-02 12:15:10 -03:00] Monitor: sistemas ready
[2026-09-02 12:15:18 -03:00] Monitor: sistemas ready
[2026-09-02 12:15:26 -03:00] Monitor: sistemas ready
[2026-09-02 12:15:34 -03:00] Monitor: sistemas ready
[2026-09-02 12:15:41 -03:00] Monitor: sistemas ready
[2026-09-02 12:15:49 -03:00] Monitor: sistemas ready
[2026-09-02 12:15:57 -03:00] Monitor: sistemas ready
[2026-09-02 12:16:04 -03:00] Monitor: sistemas ready
[2026-09-02 12:16:12 -03:00] Monitor: sistemas ready
[2026-09-02 12:16:20 -03:00] Monitor: sistemas ready
[2026-09-02 12:16:27 -03:00] Monitor: sistemas ready
[2026-09-02 12:16:35 -03:00] Monitor: sistemas ready
[2026-09-02 12:16:43 -03:00] Monitor: sistemas ready
[2026-09-02 12:16:50 -03:00] Monitor: sistemas ready
[2026-09-02 12:16:58 -03:00] Monitor: sistemas ready
[2026-09-02 12:17:05 -03:00] Monitor: sistemas ready
[2026-09-02 12:17:13 -03:00] Monitor: sistemas ready
[2026-09-02 12:17:20 -03:00] Monitor: sistemas ready
[2026-09-02 12:17:28 -03:00] Monitor: sistemas ready
[2026-09-02 12:17:35 -03:00] Monitor: sistemas ready
[2026-09-02 12:17:43 -03:00] Monitor: sistemas ready
[2026-09-02 12:17:51 -03:00] Monitor: sistemas ready
[2026-09-02 12:17:59 -03:00] Monitor: sistemas ready
[2026-09-02 12:18:06 -03:00] Monitor: sistemas ready
[2026-09-02 12:18:14 -03:00] Monitor: sistemas ready
[2026-09-02 12:18:22 -03:00] Monitor: sistemas ready
[2026-09-02 12:18:29 -03:00] Monitor: sistemas ready
[2026-09-02 12:18:37 -03:00] Monitor: sistemas ready
[2026-09-02 12:18:45 -03:00] Monitor: sistemas ready
[2026-09-02 12:33:35 -03:00] Bridge: já estava saudável em http://127.0.0.1:8080/health; nenhuma segunda instância foi iniciada.
[2026-09-02 12:33:35 -03:00] Engine: já estava saudável em http://127.0.0.1:8765/api/health; nenhuma segunda instância foi iniciada.
[2026-09-02 12:33:35 -03:00] Voice: já estava saudável em http://127.0.0.1:8099/api/voice/health; nenhuma segunda instância foi iniciada.
[2026-09-02 12:33:38 -03:00] Monitor: sistemas ready
[2026-09-02 12:33:46 -03:00] Monitor: sistemas ready
[2026-09-02 12:33:51 -03:00] Monitor: An error occurred while sending the request.
[2026-09-02 12:33:51 -03:00] Monitor: aguardando servicos... retry em 0,9s
[2026-09-02 12:33:55 -03:00] Monitor: sistemas ready
[2026-09-02 12:34:02 -03:00] Monitor: sistemas ready
[2026-09-02 12:34:10 -03:00] Monitor: sistemas ready
[2026-09-02 12:34:18 -03:00] Monitor: sistemas ready
[2026-09-02 12:34:25 -03:00] Monitor: sistemas ready
[2026-09-02 12:34:33 -03:00] Monitor: sistemas ready
[2026-09-02 12:34:40 -03:00] Monitor: sistemas ready
[2026-09-02 12:34:48 -03:00] Monitor: sistemas ready
[2026-09-02 12:34:56 -03:00] Monitor: sistemas ready
[2026-09-02 12:35:03 -03:00] Monitor: sistemas ready
[2026-09-02 12:35:08 -03:00] Monitor: An error occurred while sending the request.
[2026-09-02 12:35:08 -03:00] Monitor: aguardando servicos... retry em 1,0s
[2026-09-02 12:35:12 -03:00] Monitor: sistemas ready
[2026-09-02 12:35:19 -03:00] Monitor: sistemas ready
[2026-09-02 12:35:27 -03:00] Monitor: sistemas ready
[2026-09-02 12:35:35 -03:00] Monitor: sistemas ready
[2026-09-02 12:35:42 -03:00] Monitor: sistemas ready
[2026-09-02 12:35:50 -03:00] Monitor: sistemas ready
[2026-09-02 12:35:55 -03:00] Monitor: An error occurred while sending the request.
[2026-09-02 12:35:55 -03:00] Monitor: aguardando servicos... retry em 1,9s
[2026-09-02 12:35:59 -03:00] Monitor: sistemas ready
[2026-09-02 12:36:07 -03:00] Monitor: sistemas ready
[2026-09-02 12:36:14 -03:00] Monitor: sistemas ready
[2026-09-02 12:36:22 -03:00] Monitor: sistemas ready
[2026-09-02 12:36:33 -03:00] Monitor: sistemas ready
[2026-09-02 12:36:42 -03:00] Monitor: sistemas ready
[2026-09-02 12:36:51 -03:00] Monitor: sistemas ready
[2026-09-02 12:36:59 -03:00] Monitor: sistemas ready
[2026-09-02 12:37:08 -03:00] Monitor: sistemas ready
[2026-09-02 12:37:16 -03:00] Monitor: sistemas ready
[2026-09-02 12:37:24 -03:00] Monitor: sistemas ready
[2026-09-02 12:37:32 -03:00] Monitor: sistemas ready
[2026-09-02 12:37:40 -03:00] Monitor: sistemas ready
[2026-09-02 12:37:47 -03:00] Monitor: sistemas ready
[2026-09-02 12:37:52 -03:00] Monitor: An error occurred while sending the request.
[2026-09-02 12:37:52 -03:00] Monitor: aguardando servicos... retry em 0,7s
[2026-09-02 12:37:56 -03:00] Monitor: sistemas ready
[2026-09-02 12:38:04 -03:00] Monitor: sistemas ready
[2026-09-02 12:40:15 -03:00] Bridge: já estava saudável em http://127.0.0.1:8080/health; nenhuma segunda instância foi iniciada.
[2026-09-02 12:40:15 -03:00] Engine: já estava saudável em http://127.0.0.1:8765/api/health; nenhuma segunda instância foi iniciada.
[2026-09-02 12:40:15 -03:00] Voice: já estava saudável em http://127.0.0.1:8099/api/voice/health; nenhuma segunda instância foi iniciada.
[2026-09-02 12:40:19 -03:00] Monitor: sistemas ready
[2026-09-02 12:40:26 -03:00] Monitor: sistemas ready
[2026-09-02 12:40:34 -03:00] Monitor: sistemas ready
[2026-09-02 12:40:41 -03:00] Monitor: sistemas ready
[2026-09-02 12:40:49 -03:00] Monitor: sistemas ready
[2026-09-02 12:40:54 -03:00] Monitor: An error occurred while sending the request.
[2026-09-02 12:40:54 -03:00] Monitor: aguardando servicos... retry em 0,8s
[2026-09-02 12:40:58 -03:00] Monitor: sistemas ready
[2026-09-02 12:41:03 -03:00] Monitor: An error occurred while sending the request.
[2026-09-02 12:41:03 -03:00] Monitor: aguardando servicos... retry em 1,2s
[2026-09-02 12:41:06 -03:00] Monitor: sistemas ready
[2026-09-02 12:41:14 -03:00] Monitor: sistemas ready
[2026-09-02 12:41:19 -03:00] Monitor: An error occurred while sending the request.
[2026-09-02 12:41:19 -03:00] Monitor: aguardando servicos... retry em 3,0s
[2026-09-02 12:41:25 -03:00] Monitor: sistemas ready
[2026-09-02 12:41:32 -03:00] Monitor: sistemas ready
[2026-09-02 12:41:40 -03:00] Monitor: sistemas ready
[2026-09-02 12:41:45 -03:00] Monitor: An error occurred while sending the request.
[2026-09-02 12:41:45 -03:00] Monitor: aguardando servicos... retry em 5,5s
[2026-09-02 12:41:53 -03:00] Monitor: sistemas ready
[2026-09-02 12:42:01 -03:00] Monitor: sistemas ready
[2026-09-02 12:42:09 -03:00] Monitor: sistemas ready
[2026-09-02 12:42:17 -03:00] Monitor: sistemas ready
[2026-09-02 12:42:24 -03:00] Monitor: sistemas ready
[2026-09-02 12:42:32 -03:00] Monitor: sistemas ready
[2026-09-02 12:42:40 -03:00] Monitor: sistemas ready
[2026-09-02 12:42:45 -03:00] Monitor: An error occurred while sending the request.
[2026-09-02 12:42:45 -03:00] Monitor: aguardando servicos... retry em 8,6s
[2026-09-02 12:42:57 -03:00] Monitor: sistemas ready
[2026-09-02 12:43:04 -03:00] Monitor: sistemas ready
[2026-09-02 12:43:12 -03:00] Monitor: sistemas ready
[2026-09-02 12:43:20 -03:00] Monitor: sistemas ready
[2026-09-02 12:43:27 -03:00] Monitor: sistemas ready
[2026-09-02 12:43:33 -03:00] Monitor: An error occurred while sending the request.
[2026-09-02 12:43:33 -03:00] Monitor: aguardando servicos... retry em 19,4s
[2026-09-02 12:43:54 -03:00] Monitor: sistemas ready
[2026-09-02 12:44:02 -03:00] Monitor: sistemas ready
[2026-09-02 12:44:10 -03:00] Monitor: sistemas ready
[2026-09-02 12:44:17 -03:00] Monitor: sistemas ready
[2026-09-02 12:44:25 -03:00] Monitor: sistemas ready
[2026-09-02 12:44:32 -03:00] Monitor: sistemas ready
[2026-09-02 12:44:40 -03:00] Monitor: sistemas ready
[2026-09-02 12:44:48 -03:00] Monitor: sistemas ready
[2026-09-02 12:44:56 -03:00] Monitor: sistemas ready
[2026-09-02 12:45:03 -03:00] Monitor: sistemas ready
[2026-09-02 12:45:11 -03:00] Monitor: sistemas ready
[2026-09-02 12:45:19 -03:00] Monitor: sistemas ready
[2026-09-02 12:45:27 -03:00] Monitor: sistemas ready
[2026-09-02 12:45:34 -03:00] Monitor: sistemas ready
[2026-09-02 12:45:39 -03:00] Monitor: An error occurred while sending the request.
[2026-09-02 12:45:39 -03:00] Monitor: aguardando servicos... retry em 0,7s
[2026-09-02 12:45:43 -03:00] Monitor: sistemas ready
[2026-09-02 12:45:50 -03:00] Monitor: sistemas ready
[2026-09-02 12:45:58 -03:00] Monitor: sistemas ready
[2026-09-02 12:46:03 -03:00] Monitor: An error occurred while sending the request.
[2026-09-02 12:46:03 -03:00] Monitor: aguardando servicos... retry em 1,9s
[2026-09-02 12:46:08 -03:00] Monitor: sistemas ready
[2026-09-02 12:46:16 -03:00] Monitor: sistemas ready
[2026-09-02 12:46:23 -03:00] Monitor: sistemas ready
[2026-09-02 12:46:31 -03:00] Monitor: sistemas ready
[2026-09-02 12:46:39 -03:00] Monitor: sistemas ready
[2026-09-02 12:46:48 -03:00] Monitor: sistemas ready
[2026-09-02 12:46:56 -03:00] Monitor: sistemas ready
[2026-09-02 12:47:04 -03:00] Monitor: sistemas ready
[2026-09-02 12:47:11 -03:00] Monitor: sistemas ready
[2026-09-02 12:47:19 -03:00] Monitor: sistemas ready
[2026-09-02 12:47:26 -03:00] Monitor: sistemas ready
[2026-09-02 12:47:31 -03:00] Monitor: An error occurred while sending the request.
[2026-09-02 12:47:31 -03:00] Monitor: aguardando servicos... retry em 0,6s
[2026-09-02 12:47:35 -03:00] Monitor: sistemas ready
[2026-09-02 12:47:42 -03:00] Monitor: sistemas ready
[2026-09-02 12:47:50 -03:00] Monitor: sistemas ready
[2026-09-02 12:47:57 -03:00] Monitor: sistemas ready
[2026-09-02 12:48:05 -03:00] Monitor: sistemas ready
[2026-09-02 12:48:13 -03:00] Monitor: sistemas ready
[2026-09-02 12:48:20 -03:00] Monitor: sistemas ready
[2026-09-02 12:48:28 -03:00] Monitor: sistemas ready
[2026-09-02 12:48:36 -03:00] Monitor: sistemas ready
[2026-09-02 12:48:43 -03:00] Monitor: sistemas ready
[2026-09-02 12:48:48 -03:00] Monitor: An error occurred while sending the request.
[2026-09-02 12:48:48 -03:00] Monitor: aguardando servicos... retry em 0,6s
[2026-09-02 12:48:52 -03:00] Monitor: sistemas ready
[2026-09-02 12:49:00 -03:00] Monitor: sistemas ready
[2026-09-02 12:49:08 -03:00] Monitor: sistemas ready
[2026-09-02 12:49:16 -03:00] Monitor: sistemas ready
[2026-09-02 12:49:24 -03:00] Monitor: sistemas ready
[2026-09-02 12:49:31 -03:00] Monitor: sistemas ready
[2026-09-02 12:49:39 -03:00] Monitor: sistemas ready
[2026-09-02 12:49:44 -03:00] Monitor: An error occurred while sending the request.
[2026-09-02 12:49:44 -03:00] Monitor: aguardando servicos... retry em 1,9s
[2026-09-02 12:49:49 -03:00] Monitor: sistemas ready
[2026-09-02 12:49:57 -03:00] Monitor: sistemas ready
[2026-09-02 12:50:05 -03:00] Monitor: sistemas ready
[2026-09-02 12:50:12 -03:00] Monitor: sistemas ready
[2026-09-02 12:50:17 -03:00] Monitor: An error occurred while sending the request.
[2026-09-02 12:50:17 -03:00] Monitor: aguardando servicos... retry em 2,9s
[2026-09-02 12:50:23 -03:00] Monitor: sistemas ready
[2026-09-02 12:50:31 -03:00] Monitor: sistemas ready
[2026-09-02 12:50:38 -03:00] Monitor: sistemas ready
[2026-09-02 12:50:46 -03:00] Monitor: sistemas ready
[2026-09-02 12:50:54 -03:00] Monitor: sistemas ready
[2026-09-02 12:51:02 -03:00] Monitor: sistemas ready
[2026-09-02 12:51:09 -03:00] Monitor: sistemas ready
[2026-09-02 12:51:17 -03:00] Monitor: sistemas ready
[2026-09-02 12:51:25 -03:00] Monitor: sistemas ready
[2026-09-02 12:51:32 -03:00] Monitor: sistemas ready
[2026-09-02 12:51:40 -03:00] Monitor: sistemas ready
[2026-09-02 12:51:48 -03:00] Monitor: sistemas ready
[2026-09-02 12:51:56 -03:00] Monitor: sistemas ready
[2026-09-02 12:52:03 -03:00] Monitor: sistemas ready
[2026-09-02 12:52:11 -03:00] Monitor: sistemas ready
[2026-09-02 12:52:16 -03:00] Monitor: An error occurred while sending the request.
[2026-09-02 12:52:16 -03:00] Monitor: aguardando servicos... retry em 1,0s
[2026-09-02 12:52:20 -03:00] Monitor: sistemas ready
[2026-09-02 12:52:25 -03:00] Monitor: An error occurred while sending the request.
[2026-09-02 12:52:25 -03:00] Monitor: aguardando servicos... retry em 1,3s
[2026-09-02 12:52:29 -03:00] Monitor: sistemas ready
[2026-09-02 12:52:34 -03:00] Monitor: An error occurred while sending the request.
[2026-09-02 12:52:34 -03:00] Monitor: aguardando servicos... retry em 3,1s
[2026-09-02 12:52:40 -03:00] Monitor: sistemas ready
[2026-09-02 12:52:48 -03:00] Monitor: sistemas ready
[2026-09-02 12:52:53 -03:00] Monitor: An error occurred while sending the request.
[2026-09-02 12:52:53 -03:00] Monitor: aguardando servicos... retry em 7,1s
[2026-09-02 12:53:03 -03:00] Monitor: sistemas ready
[2026-09-02 12:53:10 -03:00] Monitor: sistemas ready
[2026-09-02 12:53:18 -03:00] Monitor: sistemas ready
[2026-09-02 12:53:26 -03:00] Monitor: sistemas ready
[2026-09-02 12:53:31 -03:00] Monitor: An error occurred while sending the request.
[2026-09-02 12:53:31 -03:00] Monitor: aguardando servicos... retry em 13,3s
[2026-09-02 12:53:47 -03:00] Monitor: sistemas ready
[2026-09-02 12:53:54 -03:00] Monitor: sistemas ready
[2026-09-02 12:54:02 -03:00] Monitor: sistemas ready
[2026-09-02 12:54:10 -03:00] Monitor: sistemas ready
[2026-09-02 12:54:18 -03:00] Monitor: sistemas ready
[2026-09-02 12:54:23 -03:00] Monitor: An error occurred while sending the request.
[2026-09-02 12:54:23 -03:00] Monitor: aguardando servicos... retry em 15,8s
[2026-09-02 12:54:48 -03:00] Monitor: aguardando servicos... retry em 18,6s
[2026-09-02 12:55:09 -03:00] Monitor: sistemas ready
[2026-09-02 12:55:17 -03:00] Monitor: sistemas ready
[2026-09-02 12:55:25 -03:00] Monitor: sistemas ready
[2026-09-02 12:55:32 -03:00] Monitor: sistemas ready
[2026-09-02 12:55:40 -03:00] Monitor: sistemas ready
[2026-09-02 12:55:48 -03:00] Monitor: sistemas ready
[2026-09-02 12:55:53 -03:00] Monitor: An error occurred while sending the request.
[2026-09-02 12:55:53 -03:00] Monitor: aguardando servicos... retry em 19,5s
[2026-09-02 12:56:15 -03:00] Monitor: sistemas ready
[2026-09-02 12:56:23 -03:00] Monitor: sistemas ready
[2026-09-02 12:56:30 -03:00] Monitor: sistemas ready
[2026-09-02 12:56:38 -03:00] Monitor: sistemas ready
[2026-09-02 12:56:46 -03:00] Monitor: sistemas ready
[2026-09-02 12:56:53 -03:00] Monitor: sistemas ready
[2026-09-02 12:57:01 -03:00] Monitor: sistemas ready
[2026-09-02 12:57:06 -03:00] Monitor: An error occurred while sending the request.
[2026-09-02 12:57:06 -03:00] Monitor: aguardando servicos... retry em 0,8s
[2026-09-02 12:57:10 -03:00] Monitor: sistemas ready
[2026-09-02 12:57:17 -03:00] Monitor: sistemas ready
[2026-09-02 12:57:25 -03:00] Monitor: sistemas ready
[2026-09-02 12:57:33 -03:00] Monitor: sistemas ready
[2026-09-02 12:57:40 -03:00] Monitor: sistemas ready
[2026-09-02 12:57:48 -03:00] Monitor: sistemas ready
[2026-09-02 12:57:56 -03:00] Monitor: sistemas ready
[2026-09-02 12:58:03 -03:00] Monitor: sistemas ready
[2026-09-02 12:58:11 -03:00] Monitor: sistemas ready
[2026-09-02 12:58:19 -03:00] Monitor: sistemas ready
[2026-09-02 12:58:24 -03:00] Monitor: An error occurred while sending the request.
[2026-09-02 12:58:24 -03:00] Monitor: aguardando servicos... retry em 0,8s
[2026-09-02 12:58:27 -03:00] Monitor: sistemas ready
[2026-09-02 12:58:35 -03:00] Monitor: sistemas ready
[2026-09-02 12:58:42 -03:00] Monitor: sistemas ready
[2026-09-02 12:58:50 -03:00] Monitor: sistemas ready
[2026-09-02 12:58:58 -03:00] Monitor: sistemas ready
[2026-09-02 12:59:03 -03:00] Monitor: An error occurred while sending the request.
[2026-09-02 12:59:03 -03:00] Monitor: aguardando servicos... retry em 1,2s
[2026-09-02 12:59:07 -03:00] Monitor: sistemas ready
[2026-09-02 12:59:12 -03:00] Monitor: An error occurred while sending the request.
[2026-09-02 12:59:12 -03:00] Monitor: aguardando servicos... retry em 3,8s
[2026-09-02 12:59:18 -03:00] Monitor: sistemas ready
[2026-09-02 12:59:26 -03:00] Monitor: sistemas ready
[2026-09-02 12:59:34 -03:00] Monitor: sistemas ready
[2026-09-02 12:59:41 -03:00] Monitor: sistemas ready
[2026-09-02 12:59:49 -03:00] Monitor: sistemas ready
[2026-09-02 12:59:54 -03:00] Monitor: An error occurred while sending the request.
[2026-09-02 12:59:54 -03:00] Monitor: aguardando servicos... retry em 5,9s
[2026-09-02 13:00:03 -03:00] Monitor: sistemas ready
[2026-09-02 13:00:08 -03:00] Monitor: An error occurred while sending the request.
[2026-09-02 13:00:08 -03:00] Monitor: aguardando servicos... retry em 9,7s
[2026-09-02 13:00:20 -03:00] Monitor: sistemas ready
[2026-09-02 13:00:28 -03:00] Monitor: sistemas ready
[2026-09-02 13:00:35 -03:00] Monitor: sistemas ready
[2026-09-02 13:00:40 -03:00] Monitor: An error occurred while sending the request.
[2026-09-02 13:00:40 -03:00] Monitor: aguardando servicos... retry em 20,5s
[2026-09-02 13:01:04 -03:00] Monitor: sistemas ready
[2026-09-02 13:01:12 -03:00] Monitor: sistemas ready
[2026-09-02 13:01:19 -03:00] Monitor: sistemas ready
[2026-09-02 13:01:27 -03:00] Monitor: sistemas ready
[2026-09-02 13:01:35 -03:00] Monitor: sistemas ready
[2026-09-02 13:01:43 -03:00] Monitor: sistemas ready
[2026-09-02 13:01:50 -03:00] Monitor: sistemas ready
[2026-09-02 13:01:55 -03:00] Monitor: An error occurred while sending the request.
[2026-09-02 13:01:55 -03:00] Monitor: aguardando servicos... retry em 0,9s
[2026-09-02 13:01:59 -03:00] Monitor: sistemas ready
[2026-09-02 13:02:07 -03:00] Monitor: sistemas ready
[2026-09-02 13:02:15 -03:00] Monitor: sistemas ready
[2026-09-02 13:02:22 -03:00] Monitor: sistemas ready
[2026-09-02 13:02:30 -03:00] Monitor: sistemas ready
[2026-09-02 13:02:38 -03:00] Monitor: sistemas ready
[2026-09-02 13:02:45 -03:00] Monitor: sistemas ready
[2026-09-02 13:02:53 -03:00] Monitor: sistemas ready
[2026-09-02 13:03:01 -03:00] Monitor: sistemas ready
[2026-09-02 13:03:08 -03:00] Monitor: sistemas ready
[2026-09-02 13:03:16 -03:00] Monitor: sistemas ready
[2026-09-02 13:03:24 -03:00] Monitor: sistemas ready
[2026-09-02 13:03:31 -03:00] Monitor: sistemas ready
[2026-09-02 13:03:39 -03:00] Monitor: sistemas ready
[2026-09-02 13:03:47 -03:00] Monitor: sistemas ready
[2026-09-02 13:03:54 -03:00] Monitor: sistemas ready
[2026-09-02 13:03:59 -03:00] Monitor: An error occurred while sending the request.
[2026-09-02 13:03:59 -03:00] Monitor: aguardando servicos... retry em 1,0s
[2026-09-02 13:04:03 -03:00] Monitor: sistemas ready
[2026-09-02 13:04:11 -03:00] Monitor: sistemas ready
[2026-09-02 13:04:18 -03:00] Monitor: sistemas ready
[2026-09-02 13:04:26 -03:00] Monitor: sistemas ready
[2026-09-02 13:04:33 -03:00] Monitor: sistemas ready
[2026-09-02 13:04:41 -03:00] Monitor: sistemas ready
[2026-09-02 13:04:49 -03:00] Monitor: sistemas ready
[2026-09-02 13:04:56 -03:00] Monitor: sistemas ready
[2026-09-02 13:05:04 -03:00] Monitor: sistemas ready
[2026-09-02 13:05:11 -03:00] Monitor: sistemas ready
[2026-09-02 13:05:19 -03:00] Monitor: sistemas ready
[2026-09-02 13:05:26 -03:00] Monitor: sistemas ready
[2026-09-02 13:05:34 -03:00] Monitor: sistemas ready
[2026-09-02 13:05:42 -03:00] Monitor: sistemas ready
[2026-09-02 13:05:49 -03:00] Monitor: sistemas ready
[2026-09-02 13:05:54 -03:00] Monitor: An error occurred while sending the request.
[2026-09-02 13:05:54 -03:00] Monitor: aguardando servicos... retry em 0,8s
[2026-09-02 13:05:58 -03:00] Monitor: sistemas ready
[2026-09-02 13:06:06 -03:00] Monitor: sistemas ready
[2026-09-02 13:06:11 -03:00] Monitor: An error occurred while sending the request.
[2026-09-02 13:06:11 -03:00] Monitor: aguardando servicos... retry em 1,9s
[2026-09-02 13:06:15 -03:00] Monitor: sistemas ready
[2026-09-02 13:06:24 -03:00] Monitor: sistemas ready
[2026-09-02 13:06:31 -03:00] Monitor: sistemas ready
[2026-09-02 13:06:39 -03:00] Monitor: sistemas ready
[2026-09-02 13:06:47 -03:00] Monitor: sistemas ready
[2026-09-02 13:06:52 -03:00] Monitor: An error occurred while sending the request.
[2026-09-02 13:06:52 -03:00] Monitor: aguardando servicos... retry em 3,1s
[2026-09-02 13:06:57 -03:00] Monitor: sistemas ready
[2026-09-02 13:07:05 -03:00] Monitor: sistemas ready
[2026-09-02 13:07:13 -03:00] Monitor: sistemas ready
[2026-09-02 13:07:20 -03:00] Monitor: sistemas ready
[2026-09-02 13:07:25 -03:00] Monitor: An error occurred while sending the request.
[2026-09-02 13:07:25 -03:00] Monitor: aguardando servicos... retry em 4,7s
[2026-09-02 13:07:33 -03:00] Monitor: sistemas ready
[2026-09-02 13:07:40 -03:00] Monitor: sistemas ready
[2026-09-02 13:07:46 -03:00] Monitor: An error occurred while sending the request.
[2026-09-02 13:07:46 -03:00] Monitor: aguardando servicos... retry em 12,6s
[2026-09-02 13:08:01 -03:00] Monitor: sistemas ready
[2026-09-02 13:08:08 -03:00] Monitor: sistemas ready
[2026-09-02 13:08:16 -03:00] Monitor: sistemas ready
[2026-09-02 13:08:24 -03:00] Monitor: sistemas ready
[2026-09-02 13:08:31 -03:00] Monitor: sistemas ready
[2026-09-02 13:08:39 -03:00] Monitor: sistemas ready
[2026-09-02 13:08:47 -03:00] Monitor: sistemas ready
[2026-09-02 13:08:54 -03:00] Monitor: sistemas ready
[2026-09-02 13:09:02 -03:00] Monitor: sistemas ready
[2026-09-02 13:09:10 -03:00] Monitor: sistemas ready
[2026-09-02 13:09:17 -03:00] Monitor: sistemas ready
[2026-09-02 13:09:25 -03:00] Monitor: sistemas ready
[2026-09-02 13:09:32 -03:00] Monitor: sistemas ready
[2026-09-02 13:09:41 -03:00] Monitor: sistemas ready
[2026-09-02 13:09:49 -03:00] Monitor: sistemas ready
[2026-09-02 13:09:56 -03:00] Monitor: sistemas ready
[2026-09-02 13:10:04 -03:00] Monitor: sistemas ready
[2026-09-02 13:10:12 -03:00] Monitor: sistemas ready
[2026-09-02 13:10:17 -03:00] Monitor: An error occurred while sending the request.
[2026-09-02 13:10:17 -03:00] Monitor: aguardando servicos... retry em 0,5s
[2026-09-02 13:10:20 -03:00] Monitor: sistemas ready
[2026-09-02 13:10:29 -03:00] Monitor: sistemas ready
[2026-09-02 13:10:37 -03:00] Monitor: sistemas ready
[2026-09-02 13:10:46 -03:00] Monitor: sistemas ready
[2026-09-02 13:10:51 -03:00] Monitor: An error occurred while sending the request.
[2026-09-02 13:10:51 -03:00] Monitor: aguardando servicos... retry em 1,1s
[2026-09-02 13:10:55 -03:00] Monitor: sistemas ready
[2026-09-02 13:11:02 -03:00] Monitor: sistemas ready
[2026-09-02 13:11:10 -03:00] Monitor: sistemas ready
[2026-09-02 13:11:18 -03:00] Monitor: sistemas ready
[2026-09-02 13:11:23 -03:00] Monitor: An error occurred while sending the request.
[2026-09-02 13:11:23 -03:00] Monitor: aguardando servicos... retry em 3,5s
[2026-09-02 13:11:29 -03:00] Monitor: sistemas ready
[2026-09-02 13:11:37 -03:00] Monitor: sistemas ready
[2026-09-02 13:11:45 -03:00] Monitor: sistemas ready
[2026-09-02 13:11:53 -03:00] Monitor: sistemas ready
[2026-09-02 13:12:00 -03:00] Monitor: sistemas ready
[2026-09-02 13:12:08 -03:00] Monitor: sistemas ready
[2026-09-02 13:12:16 -03:00] Monitor: sistemas ready
[2026-09-02 13:12:21 -03:00] Monitor: An error occurred while sending the request.
[2026-09-02 13:12:21 -03:00] Monitor: aguardando servicos... retry em 6,3s
[2026-09-02 13:12:30 -03:00] Monitor: sistemas ready
[2026-09-02 13:12:37 -03:00] Monitor: sistemas ready
[2026-09-02 13:12:46 -03:00] Monitor: sistemas ready
[2026-09-02 13:12:55 -03:00] Monitor: sistemas ready
[2026-09-02 13:13:03 -03:00] Monitor: sistemas ready
[2026-09-02 13:13:11 -03:00] Monitor: sistemas ready
[2026-09-02 13:13:19 -03:00] Monitor: sistemas ready
[2026-09-02 13:13:24 -03:00] Monitor: An error occurred while sending the request.
[2026-09-02 13:13:24 -03:00] Monitor: aguardando servicos... retry em 15,1s
[2026-09-02 13:13:42 -03:00] Monitor: sistemas ready
[2026-09-02 13:13:50 -03:00] Monitor: sistemas ready
[2026-09-02 13:13:59 -03:00] Monitor: sistemas ready
[2026-09-02 13:14:08 -03:00] Monitor: sistemas ready
[2026-09-02 13:14:16 -03:00] Monitor: sistemas ready
[2026-09-02 13:14:24 -03:00] Monitor: sistemas ready
[2026-09-02 13:14:31 -03:00] Monitor: sistemas ready
[2026-09-02 13:14:39 -03:00] Monitor: sistemas ready
[2026-09-02 13:14:47 -03:00] Monitor: sistemas ready
[2026-09-02 13:14:55 -03:00] Monitor: sistemas ready
[2026-09-02 13:15:03 -03:00] Monitor: sistemas ready
[2026-09-02 13:15:10 -03:00] Monitor: sistemas ready
[2026-09-02 13:15:15 -03:00] Monitor: An error occurred while sending the request.
[2026-09-02 13:15:15 -03:00] Monitor: aguardando servicos... retry em 0,8s
[2026-09-02 13:15:19 -03:00] Monitor: sistemas ready
[2026-09-02 13:15:27 -03:00] Monitor: sistemas ready
[2026-09-02 13:15:32 -03:00] Monitor: An error occurred while sending the request.
[2026-09-02 13:15:32 -03:00] Monitor: aguardando servicos... retry em 1,3s
[2026-09-02 13:15:36 -03:00] Monitor: sistemas ready
[2026-09-02 13:15:44 -03:00] Monitor: sistemas ready
[2026-09-02 13:15:52 -03:00] Monitor: sistemas ready
[2026-09-02 13:15:57 -03:00] Monitor: An error occurred while sending the request.
[2026-09-02 13:15:57 -03:00] Monitor: aguardando servicos... retry em 2,4s
[2026-09-02 13:16:08 -03:00] Monitor: aguardando servicos... retry em 5,4s
[2026-09-02 13:16:16 -03:00] Monitor: sistemas ready
[2026-09-02 13:16:24 -03:00] Monitor: sistemas ready
[2026-09-02 13:16:32 -03:00] Monitor: sistemas ready
[2026-09-02 13:16:40 -03:00] Monitor: sistemas ready
[2026-09-02 13:16:48 -03:00] Monitor: sistemas ready
[2026-09-02 13:16:53 -03:00] Monitor: An error occurred while sending the request.
[2026-09-02 13:16:53 -03:00] Monitor: aguardando servicos... retry em 12,0s
[2026-09-02 13:17:08 -03:00] Monitor: sistemas ready
[2026-09-02 13:17:16 -03:00] Monitor: sistemas ready
[2026-09-02 13:17:24 -03:00] Monitor: sistemas ready
[2026-09-02 13:17:32 -03:00] Monitor: sistemas ready
[2026-09-02 13:17:40 -03:00] Monitor: sistemas ready
[2026-09-02 13:17:47 -03:00] Monitor: sistemas ready
[2026-09-02 13:17:55 -03:00] Monitor: sistemas ready
[2026-09-02 13:18:03 -03:00] Monitor: sistemas ready
[2026-09-02 13:18:11 -03:00] Monitor: sistemas ready
[2026-09-02 13:18:19 -03:00] Monitor: sistemas ready
[2026-09-02 13:18:24 -03:00] Monitor: An error occurred while sending the request.
[2026-09-02 13:18:24 -03:00] Monitor: aguardando servicos... retry em 0,6s
[2026-09-02 13:18:27 -03:00] Monitor: sistemas ready
[2026-09-02 13:18:35 -03:00] Monitor: sistemas ready
[2026-09-02 13:18:43 -03:00] Monitor: sistemas ready
[2026-09-02 13:18:51 -03:00] Monitor: sistemas ready
[2026-09-02 13:18:56 -03:00] Monitor: An error occurred while sending the request.
[2026-09-02 13:18:56 -03:00] Monitor: aguardando servicos... retry em 1,6s
[2026-09-02 13:19:01 -03:00] Monitor: sistemas ready
[2026-09-02 13:19:08 -03:00] Monitor: sistemas ready
[2026-09-02 13:19:16 -03:00] Monitor: sistemas ready
[2026-09-02 13:19:24 -03:00] Monitor: sistemas ready
[2026-09-02 13:19:32 -03:00] Monitor: sistemas ready
[2026-09-02 13:19:40 -03:00] Monitor: sistemas ready
[2026-09-02 13:19:48 -03:00] Monitor: sistemas ready
[2026-09-02 13:19:56 -03:00] Monitor: sistemas ready
[2026-09-02 13:20:04 -03:00] Monitor: sistemas ready
[2026-09-02 13:20:12 -03:00] Monitor: sistemas ready
[2026-09-02 13:20:20 -03:00] Monitor: sistemas ready
[2026-09-02 13:20:28 -03:00] Monitor: sistemas ready
[2026-09-02 13:20:36 -03:00] Monitor: sistemas ready
[2026-09-02 13:20:44 -03:00] Monitor: sistemas ready
[2026-09-02 13:20:52 -03:00] Monitor: sistemas ready
[2026-09-02 13:20:57 -03:00] Monitor: An error occurred while sending the request.
[2026-09-02 13:20:57 -03:00] Monitor: aguardando servicos... retry em 0,6s
[2026-09-02 13:21:00 -03:00] Monitor: sistemas ready
[2026-09-02 13:21:08 -03:00] Monitor: sistemas ready
[2026-09-02 13:21:16 -03:00] Monitor: sistemas ready
[2026-09-02 13:21:24 -03:00] Monitor: sistemas ready
[2026-09-02 13:21:31 -03:00] Monitor: sistemas ready
[2026-09-02 13:21:39 -03:00] Monitor: sistemas ready
[2026-09-02 13:21:47 -03:00] Monitor: sistemas ready
[2026-09-02 13:21:55 -03:00] Monitor: sistemas ready
[2026-09-02 13:22:03 -03:00] Monitor: sistemas ready
[2026-09-02 13:22:10 -03:00] Monitor: sistemas ready
[2026-09-02 13:22:18 -03:00] Monitor: sistemas ready
[2026-09-02 13:22:26 -03:00] Monitor: sistemas ready
[2026-09-02 13:22:34 -03:00] Monitor: sistemas ready
[2026-09-02 13:22:39 -03:00] Monitor: An error occurred while sending the request.
[2026-09-02 13:22:39 -03:00] Monitor: aguardando servicos... retry em 0,7s
[2026-09-02 13:22:42 -03:00] Monitor: sistemas ready
[2026-09-02 13:22:47 -03:00] Monitor: An error occurred while sending the request.
[2026-09-02 13:22:47 -03:00] Monitor: aguardando servicos... retry em 1,3s
[2026-09-02 13:22:51 -03:00] Monitor: sistemas ready
[2026-09-02 13:22:59 -03:00] Monitor: sistemas ready
[2026-09-02 13:23:07 -03:00] Monitor: sistemas ready
[2026-09-02 13:23:15 -03:00] Monitor: sistemas ready
[2026-09-02 13:23:23 -03:00] Monitor: sistemas ready
[2026-09-02 13:23:31 -03:00] Monitor: sistemas ready
[2026-09-02 13:23:39 -03:00] Monitor: sistemas ready
[2026-09-02 13:23:47 -03:00] Monitor: sistemas ready
[2026-09-02 13:23:55 -03:00] Monitor: sistemas ready
[2026-09-02 13:24:03 -03:00] Monitor: sistemas ready
[2026-09-02 13:24:11 -03:00] Monitor: sistemas ready
[2026-09-02 13:24:19 -03:00] Monitor: sistemas ready
[2026-09-02 13:24:26 -03:00] Monitor: sistemas ready
[2026-09-02 13:24:34 -03:00] Monitor: sistemas ready
[2026-09-02 13:24:42 -03:00] Monitor: sistemas ready
[2026-09-02 13:24:50 -03:00] Monitor: sistemas ready
[2026-09-02 13:24:58 -03:00] Monitor: sistemas ready
[2026-09-02 13:25:06 -03:00] Monitor: sistemas ready
[2026-09-02 13:25:14 -03:00] Monitor: sistemas ready
[2026-09-02 13:25:22 -03:00] Monitor: sistemas ready
[2026-09-02 13:25:29 -03:00] Monitor: sistemas ready
[2026-09-02 13:25:34 -03:00] Monitor: An error occurred while sending the request.
[2026-09-02 13:25:34 -03:00] Monitor: aguardando servicos... retry em 0,6s
[2026-09-02 13:25:38 -03:00] Monitor: sistemas ready
[2026-09-02 13:25:46 -03:00] Monitor: sistemas ready
[2026-09-02 13:25:54 -03:00] Monitor: sistemas ready
[2026-09-02 13:26:02 -03:00] Monitor: sistemas ready
[2026-09-02 13:26:09 -03:00] Monitor: sistemas ready
[2026-09-02 13:26:17 -03:00] Monitor: sistemas ready
[2026-09-02 13:26:22 -03:00] Monitor: An error occurred while sending the request.
[2026-09-02 13:26:22 -03:00] Monitor: aguardando servicos... retry em 1,5s
[2026-09-02 13:26:27 -03:00] Monitor: sistemas ready
[2026-09-02 13:26:35 -03:00] Monitor: sistemas ready
[2026-09-02 13:26:42 -03:00] Monitor: sistemas ready
[2026-09-02 13:26:50 -03:00] Monitor: sistemas ready
[2026-09-02 13:26:55 -03:00] Monitor: An error occurred while sending the request.
[2026-09-02 13:26:55 -03:00] Monitor: aguardando servicos... retry em 3,1s
[2026-09-02 13:27:02 -03:00] Monitor: sistemas ready
[2026-09-02 13:27:10 -03:00] Monitor: sistemas ready
[2026-09-02 13:27:17 -03:00] Monitor: sistemas ready
[2026-09-02 13:27:25 -03:00] Monitor: sistemas ready
[2026-09-02 13:27:33 -03:00] Monitor: sistemas ready
[2026-09-02 13:27:41 -03:00] Monitor: sistemas ready
[2026-09-02 13:27:49 -03:00] Monitor: sistemas ready
[2026-09-02 13:27:57 -03:00] Monitor: sistemas ready
[2026-09-02 13:28:05 -03:00] Monitor: sistemas ready
[2026-09-02 13:28:13 -03:00] Monitor: sistemas ready
[2026-09-02 13:28:21 -03:00] Monitor: sistemas ready
[2026-09-02 13:28:28 -03:00] Monitor: sistemas ready
[2026-09-02 13:28:36 -03:00] Monitor: sistemas ready
[2026-09-02 13:28:44 -03:00] Monitor: sistemas ready
[2026-09-02 13:28:49 -03:00] Monitor: An error occurred while sending the request.
[2026-09-02 13:28:49 -03:00] Monitor: aguardando servicos... retry em 0,9s
[2026-09-02 13:28:53 -03:00] Monitor: sistemas ready
[2026-09-02 13:29:01 -03:00] Monitor: sistemas ready
[2026-09-02 13:29:08 -03:00] Monitor: sistemas ready
[2026-09-02 13:29:16 -03:00] Monitor: sistemas ready
[2026-09-02 13:29:25 -03:00] Monitor: sistemas ready
[2026-09-02 13:29:32 -03:00] Monitor: sistemas ready
[2026-09-02 13:29:40 -03:00] Monitor: sistemas ready
[2026-09-02 13:29:48 -03:00] Monitor: sistemas ready
[2026-09-02 13:29:53 -03:00] Monitor: An error occurred while sending the request.
[2026-09-02 13:29:53 -03:00] Monitor: aguardando servicos... retry em 1,6s
[2026-09-02 13:29:58 -03:00] Monitor: sistemas ready
[2026-09-02 13:30:06 -03:00] Monitor: sistemas ready
[2026-09-02 13:30:14 -03:00] Monitor: sistemas ready
[2026-09-02 13:30:21 -03:00] Monitor: sistemas ready
[2026-09-02 13:30:29 -03:00] Monitor: sistemas ready
[2026-09-02 13:30:37 -03:00] Monitor: sistemas ready
[2026-09-02 13:30:45 -03:00] Monitor: sistemas ready
[2026-09-02 13:30:53 -03:00] Monitor: sistemas ready
[2026-09-02 13:31:01 -03:00] Monitor: sistemas ready
[2026-09-02 13:31:09 -03:00] Monitor: sistemas ready
[2026-09-02 13:31:18 -03:00] Monitor: sistemas ready
[2026-09-02 13:31:26 -03:00] Monitor: sistemas ready
[2026-09-02 13:31:33 -03:00] Monitor: sistemas ready
[2026-09-02 13:31:43 -03:00] Monitor: sistemas ready
[2026-09-02 13:31:52 -03:00] Monitor: sistemas ready
[2026-09-02 13:31:57 -03:00] Monitor: An error occurred while sending the request.
[2026-09-02 13:31:57 -03:00] Monitor: aguardando servicos... retry em 0,7s
[2026-09-02 13:32:01 -03:00] Monitor: sistemas ready
[2026-09-02 13:32:10 -03:00] Monitor: sistemas ready
[2026-09-02 13:32:19 -03:00] Monitor: sistemas ready
[2026-09-02 13:32:24 -03:00] Monitor: An error occurred while sending the request.
[2026-09-02 13:32:24 -03:00] Monitor: aguardando servicos... retry em 2,0s
[2026-09-02 13:32:30 -03:00] Monitor: sistemas ready
[2026-09-02 13:32:37 -03:00] Monitor: sistemas ready
[2026-09-02 13:32:42 -03:00] Monitor: An error occurred while sending the request.
[2026-09-02 13:32:42 -03:00] Monitor: aguardando servicos... retry em 3,4s
[2026-09-02 13:32:48 -03:00] Monitor: sistemas ready
[2026-09-02 13:32:53 -03:00] Monitor: An error occurred while sending the request.
[2026-09-02 13:32:53 -03:00] Monitor: aguardando servicos... retry em 7,5s
[2026-09-02 13:33:05 -03:00] Monitor: sistemas ready
[2026-09-02 13:33:13 -03:00] Monitor: sistemas ready
[2026-09-02 13:33:22 -03:00] Monitor: sistemas ready
[2026-09-02 13:33:27 -03:00] Monitor: An error occurred while sending the request.
[2026-09-02 13:33:27 -03:00] Monitor: aguardando servicos... retry em 13,3s
[2026-09-02 13:33:43 -03:00] Monitor: sistemas ready
[2026-09-02 13:33:51 -03:00] Monitor: sistemas ready
[2026-09-02 13:33:58 -03:00] Monitor: sistemas ready
[2026-09-02 13:34:06 -03:00] Monitor: sistemas ready
[2026-09-02 13:34:14 -03:00] Monitor: sistemas ready
[2026-09-02 13:34:22 -03:00] Monitor: sistemas ready
[2026-09-02 13:34:30 -03:00] Monitor: sistemas ready
[2026-09-02 13:34:38 -03:00] Monitor: sistemas ready
[2026-09-02 13:34:46 -03:00] Monitor: sistemas ready
[2026-09-02 13:34:53 -03:00] Monitor: sistemas ready
[2026-09-02 13:35:01 -03:00] Monitor: sistemas ready
[2026-09-02 13:35:09 -03:00] Monitor: sistemas ready
[2026-09-02 13:35:18 -03:00] Monitor: sistemas ready
[2026-09-02 13:35:25 -03:00] Monitor: sistemas ready
[2026-09-02 13:35:33 -03:00] Monitor: sistemas ready
[2026-09-02 13:35:41 -03:00] Monitor: sistemas ready
[2026-09-02 13:35:49 -03:00] Monitor: sistemas ready
[2026-09-02 13:35:57 -03:00] Monitor: sistemas ready
[2026-09-02 13:36:05 -03:00] Monitor: sistemas ready
[2026-09-02 13:36:13 -03:00] Monitor: sistemas ready
[2026-09-02 13:36:21 -03:00] Monitor: sistemas ready
[2026-09-02 13:36:29 -03:00] Monitor: sistemas ready
[2026-09-02 13:36:37 -03:00] Monitor: sistemas ready
[2026-09-02 13:36:42 -03:00] Monitor: An error occurred while sending the request.
[2026-09-02 13:36:42 -03:00] Monitor: aguardando servicos... retry em 0,8s
[2026-09-02 13:36:46 -03:00] Monitor: sistemas ready
[2026-09-02 13:36:54 -03:00] Monitor: sistemas ready
[2026-09-02 13:37:02 -03:00] Monitor: sistemas ready
[2026-09-02 13:37:09 -03:00] Monitor: sistemas ready
[2026-09-02 13:37:17 -03:00] Monitor: sistemas ready
[2026-09-02 13:37:25 -03:00] Monitor: sistemas ready
[2026-09-02 13:37:33 -03:00] Monitor: sistemas ready
[2026-09-02 13:37:43 -03:00] Monitor: sistemas ready
[2026-09-02 13:37:51 -03:00] Monitor: sistemas ready
[2026-09-02 13:37:59 -03:00] Monitor: sistemas ready
[2026-09-02 13:38:07 -03:00] Monitor: sistemas ready
[2026-09-02 13:38:12 -03:00] Monitor: An error occurred while sending the request.
[2026-09-02 13:38:12 -03:00] Monitor: aguardando servicos... retry em 0,9s
[2026-09-02 13:38:16 -03:00] Monitor: sistemas ready
[2026-09-02 13:38:24 -03:00] Monitor: sistemas ready
[2026-09-02 13:38:31 -03:00] Monitor: sistemas ready
[2026-09-02 13:38:39 -03:00] Monitor: sistemas ready
[2026-09-02 13:38:47 -03:00] Monitor: sistemas ready
[2026-09-02 13:38:55 -03:00] Monitor: sistemas ready
[2026-09-02 13:39:03 -03:00] Monitor: sistemas ready
[2026-09-02 13:39:11 -03:00] Monitor: sistemas ready
[2026-09-02 13:39:19 -03:00] Monitor: sistemas ready
[2026-09-02 13:39:27 -03:00] Monitor: sistemas ready
[2026-09-02 13:39:35 -03:00] Monitor: sistemas ready
[2026-09-02 13:39:40 -03:00] Monitor: An error occurred while sending the request.
[2026-09-02 13:39:40 -03:00] Monitor: aguardando servicos... retry em 0,9s
[2026-09-02 13:39:43 -03:00] Monitor: sistemas ready
[2026-09-02 13:39:51 -03:00] Monitor: sistemas ready
[2026-09-02 13:39:59 -03:00] Monitor: sistemas ready
[2026-09-02 13:40:04 -03:00] Monitor: An error occurred while sending the request.
[2026-09-02 13:40:04 -03:00] Monitor: aguardando servicos... retry em 1,4s
[2026-09-02 13:40:08 -03:00] Monitor: sistemas ready
[2026-09-02 13:40:16 -03:00] Monitor: sistemas ready
[2026-09-02 13:40:24 -03:00] Monitor: sistemas ready
[2026-09-02 13:40:32 -03:00] Monitor: sistemas ready
[2026-09-02 13:40:37 -03:00] Monitor: An error occurred while sending the request.
[2026-09-02 13:40:37 -03:00] Monitor: aguardando servicos... retry em 3,6s
[2026-09-02 13:40:43 -03:00] Monitor: sistemas ready
[2026-09-02 13:40:51 -03:00] Monitor: sistemas ready
[2026-09-02 13:40:59 -03:00] Monitor: sistemas ready
[2026-09-02 13:41:07 -03:00] Monitor: sistemas ready
[2026-09-02 13:41:14 -03:00] Monitor: sistemas ready
[2026-09-02 13:41:22 -03:00] Monitor: sistemas ready
[2026-09-02 13:41:27 -03:00] Monitor: An error occurred while sending the request.
[2026-09-02 13:41:27 -03:00] Monitor: aguardando servicos... retry em 5,1s
[2026-09-02 13:41:35 -03:00] Monitor: sistemas ready
[2026-09-02 13:41:43 -03:00] Monitor: sistemas ready
[2026-09-02 13:41:51 -03:00] Monitor: sistemas ready
[2026-09-02 13:41:59 -03:00] Monitor: sistemas ready
[2026-09-02 13:42:07 -03:00] Monitor: sistemas ready
[2026-09-02 13:42:15 -03:00] Monitor: sistemas ready
[2026-09-02 13:42:23 -03:00] Monitor: sistemas ready
[2026-09-02 13:42:31 -03:00] Monitor: sistemas ready
[2026-09-02 13:42:39 -03:00] Monitor: sistemas ready
[2026-09-02 13:42:47 -03:00] Monitor: sistemas ready
[2026-09-02 13:42:55 -03:00] Monitor: sistemas ready
[2026-09-02 13:43:03 -03:00] Monitor: sistemas ready
[2026-09-02 13:43:10 -03:00] Monitor: sistemas ready
[2026-09-02 13:43:15 -03:00] Monitor: An error occurred while sending the request.
[2026-09-02 13:43:15 -03:00] Monitor: aguardando servicos... retry em 0,8s
[2026-09-02 13:43:19 -03:00] Monitor: sistemas ready
[2026-09-02 13:43:27 -03:00] Monitor: sistemas ready
[2026-09-02 13:43:35 -03:00] Monitor: sistemas ready
[2026-09-02 13:43:43 -03:00] Monitor: sistemas ready
[2026-09-02 13:43:48 -03:00] Monitor: An error occurred while sending the request.
[2026-09-02 13:43:48 -03:00] Monitor: aguardando servicos... retry em 2,0s
[2026-09-02 13:43:52 -03:00] Monitor: sistemas ready
[2026-09-02 13:44:00 -03:00] Monitor: sistemas ready
[2026-09-02 13:44:08 -03:00] Monitor: sistemas ready
[2026-09-02 13:44:16 -03:00] Monitor: sistemas ready
[2026-09-02 13:44:24 -03:00] Monitor: sistemas ready
[2026-09-02 13:44:32 -03:00] Monitor: sistemas ready
[2026-09-02 13:44:40 -03:00] Monitor: sistemas ready
[2026-09-02 13:44:48 -03:00] Monitor: sistemas ready
[2026-09-02 13:44:56 -03:00] Monitor: sistemas ready
[2026-09-02 13:45:04 -03:00] Monitor: sistemas ready
[2026-09-02 13:45:11 -03:00] Monitor: Nenhuma ligação pôde ser feita porque o computador de destino
as recusou ativamente. (127.0.0.1:8765)
[2026-09-02 13:45:11 -03:00] Monitor: aguardando servicos... retry em 0,5s
[2026-09-02 16:59:59 -03:00] Bridge: já estava saudável em http://127.0.0.1:8080/health; nenhuma segunda instância foi iniciada.
[2026-09-02 16:59:59 -03:00] Engine: já estava saudável em http://127.0.0.1:8765/api/health; nenhuma segunda instância foi iniciada.
[2026-09-02 16:59:59 -03:00] Voice: já estava saudável em http://127.0.0.1:8099/api/voice/health; nenhuma segunda instância foi iniciada.
[2026-09-02 17:00:03 -03:00] Monitor: sistemas ready
[2026-09-02 17:00:11 -03:00] Monitor: sistemas ready
[2026-09-02 17:00:19 -03:00] Monitor: sistemas ready
[2026-09-02 17:00:27 -03:00] Monitor: sistemas ready
[2026-09-02 17:00:36 -03:00] Monitor: sistemas ready
[2026-09-02 17:22:23 -03:00] Bridge: já estava saudável em http://127.0.0.1:8080/health; nenhuma segunda instância foi iniciada.
[2026-09-02 17:22:23 -03:00] Engine: já estava saudável em http://127.0.0.1:8765/api/health; nenhuma segunda instância foi iniciada.
[2026-09-02 17:22:23 -03:00] Voice: já estava saudável em http://127.0.0.1:8099/api/voice/health; nenhuma segunda instância foi iniciada.
[2026-09-02 17:22:25 -03:00] Monitor: sistemas ready
[2026-09-02 17:22:31 -03:00] Monitor: sistemas ready
[2026-09-02 17:22:38 -03:00] Monitor: sistemas ready
[2026-09-02 17:22:45 -03:00] Monitor: sistemas ready
[2026-09-02 17:22:51 -03:00] Monitor: sistemas ready
[2026-09-02 17:22:58 -03:00] Monitor: sistemas ready
[2026-09-02 17:58:02 -03:00] Bridge: já estava saudável em http://127.0.0.1:8080/health; nenhuma segunda instância foi iniciada.
[2026-09-02 17:58:02 -03:00] Engine: já estava saudável em http://127.0.0.1:8765/api/health; nenhuma segunda instância foi iniciada.
[2026-09-02 17:58:02 -03:00] Voice: já estava saudável em http://127.0.0.1:8099/api/voice/health; nenhuma segunda instância foi iniciada.
[2026-09-02 17:58:06 -03:00] Monitor: sistemas ready
[2026-09-02 17:58:13 -03:00] Monitor: sistemas ready
[2026-09-02 17:58:18 -03:00] Monitor: An error occurred while sending the request.
[2026-09-02 17:58:18 -03:00] Monitor: aguardando servicos... retry em 1,0s
[2026-09-02 17:58:22 -03:00] Monitor: sistemas ready
[2026-09-02 17:58:27 -03:00] Monitor: An error occurred while sending the request.
[2026-09-02 17:58:27 -03:00] Monitor: aguardando servicos... retry em 1,1s
[2026-09-02 17:58:31 -03:00] Monitor: sistemas ready
[2026-09-02 17:58:36 -03:00] Monitor: An error occurred while sending the request.
[2026-09-02 17:58:36 -03:00] Monitor: aguardando servicos... retry em 2,8s
[2026-09-02 17:58:42 -03:00] Monitor: sistemas ready
[2026-09-02 17:58:50 -03:00] Monitor: sistemas ready
[2026-09-02 17:58:57 -03:00] Monitor: sistemas ready
[2026-09-02 17:59:05 -03:00] Monitor: sistemas ready
[2026-09-02 17:59:13 -03:00] Monitor: sistemas ready
[2026-09-02 17:59:21 -03:00] Monitor: sistemas ready
[2026-09-02 17:59:28 -03:00] Monitor: sistemas ready
[2026-09-02 17:59:33 -03:00] Monitor: An error occurred while sending the request.
[2026-09-02 17:59:33 -03:00] Monitor: aguardando servicos... retry em 6,5s
[2026-09-02 17:59:43 -03:00] Monitor: sistemas ready
[2026-09-02 17:59:52 -03:00] Monitor: sistemas ready
[2026-09-02 18:00:00 -03:00] Monitor: sistemas ready
[2026-09-02 18:00:07 -03:00] Monitor: sistemas ready
[2026-09-02 18:00:15 -03:00] Monitor: sistemas ready
[2026-09-03 01:35:41 -03:00] Bridge: já estava saudável em http://127.0.0.1:8080/health; nenhuma segunda instância foi iniciada.
[2026-09-03 01:35:41 -03:00] Engine: já estava saudável em http://127.0.0.1:8765/api/health; nenhuma segunda instância foi iniciada.
[2026-09-03 01:35:41 -03:00] Voice: já estava saudável em http://127.0.0.1:8099/api/voice/health; nenhuma segunda instância foi iniciada.
[2026-09-03 01:35:45 -03:00] Monitor: sistemas ready
[2026-09-03 01:35:57 -03:00] Monitor: sistemas ready
[2026-09-03 01:36:05 -03:00] Monitor: sistemas ready
[2026-09-03 01:36:12 -03:00] Monitor: sistemas ready
[2026-09-03 01:36:20 -03:00] Monitor: sistemas ready
[2026-09-03 01:36:28 -03:00] Monitor: sistemas ready
[2026-09-03 01:36:36 -03:00] Monitor: sistemas ready
[2026-09-03 01:36:41 -03:00] Monitor: An error occurred while sending the request.
[2026-09-03 01:36:41 -03:00] Monitor: aguardando servicos... retry em 0,9s
[2026-09-03 01:36:44 -03:00] Monitor: sistemas ready
[2026-09-03 01:36:53 -03:00] Monitor: sistemas ready
[2026-09-03 01:36:58 -03:00] Monitor: An error occurred while sending the request.
[2026-09-03 01:36:58 -03:00] Monitor: aguardando servicos... retry em 1,5s
[2026-09-03 01:37:02 -03:00] Monitor: sistemas ready
[2026-09-03 01:37:10 -03:00] Monitor: sistemas ready
[2026-09-03 01:37:15 -03:00] Monitor: An error occurred while sending the request.
[2026-09-03 01:37:15 -03:00] Monitor: aguardando servicos... retry em 3,3s
[2026-09-03 01:37:21 -03:00] Monitor: sistemas ready
[2026-09-03 01:37:29 -03:00] Monitor: sistemas ready
[2026-09-03 01:37:36 -03:00] Monitor: sistemas ready
[2026-09-03 01:37:45 -03:00] Monitor: sistemas ready
[2026-09-03 01:37:52 -03:00] Monitor: sistemas ready
[2026-09-03 01:38:00 -03:00] Monitor: sistemas ready
[2026-09-03 01:38:08 -03:00] Monitor: sistemas ready
[2026-09-03 01:38:16 -03:00] Monitor: sistemas ready
[2026-09-03 01:38:24 -03:00] Monitor: sistemas ready
[2026-09-03 01:38:32 -03:00] Monitor: sistemas ready
[2026-09-03 01:38:41 -03:00] Monitor: sistemas ready
[2026-09-03 01:38:48 -03:00] Monitor: sistemas ready
[2026-09-03 01:38:56 -03:00] Monitor: sistemas ready
[2026-09-03 01:39:04 -03:00] Monitor: sistemas ready
[2026-09-03 01:39:12 -03:00] Monitor: sistemas ready
[2026-09-03 01:39:20 -03:00] Monitor: sistemas ready
[2026-09-03 01:39:28 -03:00] Monitor: sistemas ready
[2026-09-03 01:39:35 -03:00] Monitor: sistemas ready
[2026-09-03 01:39:43 -03:00] Monitor: sistemas ready
[2026-09-03 01:39:52 -03:00] Monitor: sistemas ready
[2026-09-03 01:40:00 -03:00] Monitor: sistemas ready
[2026-09-03 01:40:09 -03:00] Monitor: sistemas ready
[2026-09-03 01:40:17 -03:00] Monitor: sistemas ready
[2026-09-03 01:40:25 -03:00] Monitor: sistemas ready
[2026-09-03 01:40:32 -03:00] Monitor: sistemas ready
[2026-09-03 01:40:40 -03:00] Monitor: sistemas ready
[2026-09-03 01:40:45 -03:00] Monitor: An error occurred while sending the request.
[2026-09-03 01:40:45 -03:00] Monitor: aguardando servicos... retry em 0,8s
[2026-09-03 01:40:48 -03:00] Monitor: sistemas ready
[2026-09-03 01:40:56 -03:00] Monitor: sistemas ready
[2026-09-03 01:41:03 -03:00] Monitor: sistemas ready
[2026-09-03 01:41:11 -03:00] Monitor: sistemas ready
[2026-09-03 01:41:19 -03:00] Monitor: sistemas ready
[2026-09-03 01:41:26 -03:00] Monitor: sistemas ready
[2026-09-03 01:41:31 -03:00] Monitor: An error occurred while sending the request.
[2026-09-03 01:41:31 -03:00] Monitor: aguardando servicos... retry em 1,1s
[2026-09-03 01:41:35 -03:00] Monitor: sistemas ready
[2026-09-03 01:41:42 -03:00] Monitor: sistemas ready
[2026-09-03 01:41:50 -03:00] Monitor: sistemas ready
[2026-09-03 01:41:57 -03:00] Monitor: sistemas ready
[2026-09-03 01:42:05 -03:00] Monitor: sistemas ready
[2026-09-03 01:42:13 -03:00] Monitor: sistemas ready
[2026-09-03 01:42:18 -03:00] Monitor: An error occurred while sending the request.
[2026-09-03 01:42:18 -03:00] Monitor: aguardando servicos... retry em 2,1s
[2026-09-03 01:42:22 -03:00] Monitor: sistemas ready
[2026-09-03 01:42:30 -03:00] Monitor: sistemas ready
[2026-09-03 01:42:37 -03:00] Monitor: sistemas ready
[2026-09-03 01:42:45 -03:00] Monitor: sistemas ready
[2026-09-03 01:42:50 -03:00] Monitor: An error occurred while sending the request.
[2026-09-03 01:42:50 -03:00] Monitor: aguardando servicos... retry em 7,0s
[2026-09-03 01:43:00 -03:00] Monitor: sistemas ready
[2026-09-03 01:43:08 -03:00] Monitor: sistemas ready
[2026-09-03 01:43:15 -03:00] Monitor: sistemas ready
[2026-09-03 01:43:20 -03:00] Monitor: An error occurred while sending the request.
[2026-09-03 01:43:20 -03:00] Monitor: aguardando servicos... retry em 11,1s
[2026-09-03 01:43:34 -03:00] Monitor: sistemas ready
[2026-09-03 01:43:42 -03:00] Monitor: sistemas ready
[2026-09-03 01:43:49 -03:00] Monitor: sistemas ready
[2026-09-03 01:43:57 -03:00] Monitor: sistemas ready
[2026-09-03 01:44:05 -03:00] Monitor: sistemas ready
[2026-09-03 01:44:13 -03:00] Monitor: sistemas ready
[2026-09-03 01:44:22 -03:00] Monitor: sistemas ready
[2026-09-03 01:44:29 -03:00] Monitor: sistemas ready
[2026-09-03 01:44:34 -03:00] Monitor: An error occurred while sending the request.
[2026-09-03 01:44:34 -03:00] Monitor: aguardando servicos... retry em 0,7s
[2026-09-03 01:44:38 -03:00] Monitor: sistemas ready
[2026-09-03 01:44:43 -03:00] Monitor: An error occurred while sending the request.
[2026-09-03 01:44:43 -03:00] Monitor: aguardando servicos... retry em 2,0s
[2026-09-03 01:44:48 -03:00] Monitor: sistemas ready
[2026-09-03 01:44:56 -03:00] Monitor: sistemas ready
[2026-09-03 01:45:04 -03:00] Monitor: sistemas ready
[2026-09-03 01:45:13 -03:00] Monitor: sistemas ready
[2026-09-03 01:45:21 -03:00] Monitor: sistemas ready
[2026-09-03 01:45:29 -03:00] Monitor: sistemas ready
[2026-09-03 01:45:37 -03:00] Monitor: sistemas ready
[2026-09-03 01:45:44 -03:00] Monitor: sistemas ready
[2026-09-03 01:45:53 -03:00] Monitor: sistemas ready
[2026-09-03 01:45:58 -03:00] Monitor: An error occurred while sending the request.
[2026-09-03 01:45:58 -03:00] Monitor: aguardando servicos... retry em 0,6s
[2026-09-03 01:46:01 -03:00] Monitor: sistemas ready
[2026-09-03 01:46:08 -03:00] Monitor: sistemas ready
[2026-09-03 01:46:16 -03:00] Monitor: sistemas ready
[2026-09-03 01:46:23 -03:00] Monitor: sistemas ready
[2026-09-03 01:46:31 -03:00] Monitor: sistemas ready
[2026-09-03 01:46:38 -03:00] Monitor: sistemas ready
[2026-09-03 01:46:46 -03:00] Monitor: sistemas ready
[2026-09-03 01:46:54 -03:00] Monitor: sistemas ready
[2026-09-03 01:47:02 -03:00] Monitor: sistemas ready
[2026-09-03 01:47:10 -03:00] Monitor: sistemas ready
[2026-09-03 01:47:18 -03:00] Monitor: sistemas ready
[2026-09-03 01:47:25 -03:00] Monitor: sistemas ready
[2026-09-03 01:47:31 -03:00] Monitor: An error occurred while sending the request.
[2026-09-03 01:47:31 -03:00] Monitor: aguardando servicos... retry em 0,5s
[2026-09-03 01:47:34 -03:00] Monitor: sistemas ready
[2026-09-03 01:47:43 -03:00] Monitor: sistemas ready
[2026-09-03 01:47:52 -03:00] Monitor: sistemas ready
[2026-09-03 01:48:00 -03:00] Monitor: sistemas ready
[2026-09-03 01:48:08 -03:00] Monitor: sistemas ready
[2026-09-03 01:48:15 -03:00] Monitor: sistemas ready
[2026-09-03 01:48:23 -03:00] Monitor: sistemas ready
[2026-09-03 01:48:31 -03:00] Monitor: sistemas ready
[2026-09-03 01:48:38 -03:00] Monitor: sistemas ready
[2026-09-03 01:48:46 -03:00] Monitor: sistemas ready
[2026-09-03 01:48:53 -03:00] Monitor: sistemas ready
[2026-09-03 01:48:58 -03:00] Monitor: An error occurred while sending the request.
[2026-09-03 01:48:58 -03:00] Monitor: aguardando servicos... retry em 0,5s
[2026-09-03 01:49:01 -03:00] Monitor: sistemas ready
[2026-09-03 01:49:09 -03:00] Monitor: sistemas ready
[2026-09-03 01:49:14 -03:00] Monitor: An error occurred while sending the request.
[2026-09-03 01:49:14 -03:00] Monitor: aguardando servicos... retry em 1,8s
[2026-09-03 01:49:18 -03:00] Monitor: sistemas ready
[2026-09-03 01:49:26 -03:00] Monitor: sistemas ready
[2026-09-03 01:49:34 -03:00] Monitor: sistemas ready
[2026-09-03 01:49:42 -03:00] Monitor: sistemas ready
[2026-09-03 01:49:49 -03:00] Monitor: sistemas ready
[2026-09-03 01:49:58 -03:00] Monitor: sistemas ready
[2026-09-03 15:29:19 -03:00] Bridge: já estava saudável em http://127.0.0.1:8080/health; nenhuma segunda instância foi iniciada.
[2026-09-03 15:29:19 -03:00] Engine: já estava saudável em http://127.0.0.1:8765/api/health; nenhuma segunda instância foi iniciada.
[2026-09-03 15:29:19 -03:00] Voice: já estava saudável em http://127.0.0.1:8099/api/voice/health; nenhuma segunda instância foi iniciada.
[2026-09-03 15:29:23 -03:00] Monitor: sistemas ready
[2026-09-03 15:29:33 -03:00] Monitor: sistemas ready
[2026-09-03 15:29:38 -03:00] Monitor: An error occurred while sending the request.
[2026-09-03 15:29:38 -03:00] Monitor: aguardando servicos... retry em 0,6s
[2026-09-03 15:29:42 -03:00] Monitor: sistemas ready
[2026-09-03 15:29:49 -03:00] Monitor: sistemas ready
[2026-09-03 15:29:57 -03:00] Monitor: sistemas ready
[2026-09-03 15:30:05 -03:00] Monitor: sistemas ready
[2026-09-03 15:30:13 -03:00] Monitor: sistemas ready
[2026-09-03 15:30:20 -03:00] Monitor: sistemas ready
[2026-09-03 15:30:28 -03:00] Monitor: sistemas ready
[2026-09-03 15:30:36 -03:00] Monitor: sistemas ready
[2026-09-03 15:30:43 -03:00] Monitor: sistemas ready
[2026-09-03 15:30:51 -03:00] Monitor: sistemas ready
[2026-09-03 15:30:58 -03:00] Monitor: sistemas ready
[2026-09-03 15:31:06 -03:00] Monitor: sistemas ready
[2026-09-03 15:31:14 -03:00] Monitor: sistemas ready
[2026-09-03 15:31:22 -03:00] Monitor: sistemas ready
[2026-09-03 15:31:29 -03:00] Monitor: sistemas ready
[2026-09-03 15:31:37 -03:00] Monitor: sistemas ready
[2026-09-03 15:31:45 -03:00] Monitor: sistemas ready
[2026-09-03 15:31:52 -03:00] Monitor: sistemas ready
[2026-09-03 15:32:00 -03:00] Monitor: sistemas ready
[2026-09-03 15:32:05 -03:00] Monitor: An error occurred while sending the request.
[2026-09-03 15:32:05 -03:00] Monitor: aguardando servicos... retry em 0,5s
[2026-09-03 15:32:08 -03:00] Monitor: sistemas ready
[2026-09-03 15:32:15 -03:00] Monitor: sistemas ready
[2026-09-03 15:32:23 -03:00] Monitor: sistemas ready
[2026-09-03 15:32:30 -03:00] Monitor: sistemas ready
[2026-09-03 15:32:37 -03:00] Monitor: sistemas ready
[2026-09-03 15:32:45 -03:00] Monitor: sistemas ready
[2026-09-03 15:32:53 -03:00] Monitor: sistemas ready
[2026-09-03 15:33:00 -03:00] Monitor: sistemas ready
[2026-09-03 15:33:08 -03:00] Monitor: sistemas ready
[2026-09-03 15:33:15 -03:00] Monitor: sistemas ready
[2026-09-03 15:33:23 -03:00] Monitor: sistemas ready
[2026-09-03 15:33:30 -03:00] Monitor: sistemas ready
[2026-09-03 15:33:38 -03:00] Monitor: sistemas ready
[2026-09-03 15:33:45 -03:00] Monitor: sistemas ready
[2026-09-03 15:33:53 -03:00] Monitor: sistemas ready
[2026-09-03 15:34:00 -03:00] Monitor: sistemas ready
[2026-09-03 15:34:08 -03:00] Monitor: sistemas ready
[2026-09-03 15:34:16 -03:00] Monitor: sistemas ready
[2026-09-03 15:34:23 -03:00] Monitor: sistemas ready
[2026-09-03 15:34:30 -03:00] Monitor: sistemas ready
[2026-09-03 15:34:35 -03:00] Monitor: An error occurred while sending the request.
[2026-09-03 15:34:35 -03:00] Monitor: aguardando servicos... retry em 0,8s
[2026-09-03 15:34:39 -03:00] Monitor: sistemas ready
[2026-09-03 15:34:47 -03:00] Monitor: sistemas ready
[2026-09-03 15:34:54 -03:00] Monitor: sistemas ready
[2026-09-03 15:35:02 -03:00] Monitor: sistemas ready
[2026-09-03 15:35:10 -03:00] Monitor: sistemas ready
[2026-09-03 15:35:18 -03:00] Monitor: sistemas ready
[2026-09-03 15:35:25 -03:00] Monitor: sistemas ready
[2026-09-03 15:35:34 -03:00] Monitor: sistemas ready
[2026-09-03 15:35:39 -03:00] Monitor: An error occurred while sending the request.
[2026-09-03 15:35:39 -03:00] Monitor: aguardando servicos... retry em 1,9s
[2026-09-03 15:35:43 -03:00] Monitor: sistemas ready
[2026-09-03 15:35:51 -03:00] Monitor: sistemas ready
[2026-09-03 15:35:58 -03:00] Monitor: sistemas ready
[2026-09-03 15:36:06 -03:00] Monitor: sistemas ready
[2026-09-03 15:36:13 -03:00] Monitor: sistemas ready
[2026-09-03 15:36:21 -03:00] Monitor: sistemas ready
[2026-09-03 15:36:35 -03:00] Monitor: aguardando servicos... retry em 2,3s
[2026-09-03 15:36:46 -03:00] Monitor: aguardando servicos... retry em 5,5s
[2026-09-03 15:37:00 -03:00] Monitor: aguardando servicos... retry em 14,7s
[2026-09-03 15:37:20 -03:00] Monitor: sistemas ready
[2026-09-03 15:37:31 -03:00] Monitor: sistemas ready
[2026-09-03 15:37:41 -03:00] Monitor: sistemas ready
[2026-09-03 15:37:48 -03:00] Monitor: sistemas ready
[2026-09-03 15:37:56 -03:00] Monitor: sistemas ready
[2026-09-03 15:38:04 -03:00] Monitor: sistemas ready
[2026-09-03 15:38:09 -03:00] Monitor: An error occurred while sending the request.
[2026-09-03 15:38:09 -03:00] Monitor: aguardando servicos... retry em 0,5s
[2026-09-03 15:38:12 -03:00] Monitor: sistemas ready
[2026-09-03 15:38:20 -03:00] Monitor: sistemas ready
[2026-09-03 15:38:27 -03:00] Monitor: sistemas ready
[2026-09-03 15:38:35 -03:00] Monitor: sistemas ready
[2026-09-03 15:38:43 -03:00] Monitor: sistemas ready
[2026-09-03 15:38:51 -03:00] Monitor: sistemas ready
[2026-09-03 15:38:59 -03:00] Monitor: sistemas ready
[2026-09-03 15:39:08 -03:00] Monitor: sistemas ready
[2026-09-03 15:39:16 -03:00] Monitor: sistemas ready
[2026-09-03 15:39:21 -03:00] Monitor: An error occurred while sending the request.
[2026-09-03 15:39:21 -03:00] Monitor: aguardando servicos... retry em 0,5s
[2026-09-03 15:39:25 -03:00] Monitor: sistemas ready
[2026-09-03 15:39:34 -03:00] Monitor: sistemas ready
[2026-09-03 15:39:43 -03:00] Monitor: sistemas ready
[2026-09-03 15:39:51 -03:00] Monitor: sistemas ready
[2026-09-03 15:40:00 -03:00] Monitor: sistemas ready
[2026-09-03 15:40:09 -03:00] Monitor: sistemas ready
[2026-09-03 15:40:14 -03:00] Monitor: An error occurred while sending the request.
[2026-09-03 15:40:14 -03:00] Monitor: aguardando servicos... retry em 1,8s
[2026-09-03 15:40:19 -03:00] Monitor: sistemas ready
[2026-09-03 15:40:27 -03:00] Monitor: sistemas ready
[2026-09-03 15:40:36 -03:00] Monitor: sistemas ready
[2026-09-03 15:40:44 -03:00] Monitor: sistemas ready
[2026-09-03 15:40:53 -03:00] Monitor: sistemas ready
[2026-09-03 15:41:01 -03:00] Monitor: sistemas ready
[2026-09-03 15:41:06 -03:00] Monitor: An error occurred while sending the request.
[2026-09-03 15:41:06 -03:00] Monitor: aguardando servicos... retry em 2,8s
[2026-09-03 15:41:11 -03:00] Monitor: sistemas ready
[2026-09-03 15:41:19 -03:00] Monitor: sistemas ready
[2026-09-03 15:41:24 -03:00] Monitor: An error occurred while sending the request.
[2026-09-03 15:41:24 -03:00] Monitor: aguardando servicos... retry em 7,8s
[2026-09-03 15:41:34 -03:00] Monitor: sistemas ready
[2026-09-03 15:41:41 -03:00] Monitor: sistemas ready
[2026-09-03 15:41:49 -03:00] Monitor: sistemas ready
[2026-09-03 15:41:56 -03:00] Monitor: sistemas ready
[2026-09-03 15:42:04 -03:00] Monitor: sistemas ready
[2026-09-03 15:42:11 -03:00] Monitor: sistemas ready
[2026-09-03 15:42:19 -03:00] Monitor: sistemas ready
[2026-09-03 15:42:24 -03:00] Monitor: An error occurred while sending the request.
[2026-09-03 15:42:24 -03:00] Monitor: aguardando servicos... retry em 11,0s
[2026-09-03 15:42:37 -03:00] Monitor: sistemas ready
[2026-09-03 15:42:44 -03:00] Monitor: sistemas ready
[2026-09-03 15:42:52 -03:00] Monitor: sistemas ready
[2026-09-03 15:42:59 -03:00] Monitor: sistemas ready
[2026-09-03 15:43:06 -03:00] Monitor: sistemas ready
[2026-09-03 15:43:14 -03:00] Monitor: sistemas ready
[2026-09-03 15:43:21 -03:00] Monitor: sistemas ready
[2026-09-03 15:43:29 -03:00] Monitor: sistemas ready
[2026-09-03 15:43:36 -03:00] Monitor: sistemas ready
[2026-09-03 15:43:44 -03:00] Monitor: sistemas ready
[2026-09-03 15:43:51 -03:00] Monitor: sistemas ready
[2026-09-03 15:43:58 -03:00] Monitor: sistemas ready
[2026-09-03 15:44:06 -03:00] Monitor: sistemas ready
[2026-09-03 15:44:14 -03:00] Monitor: sistemas ready
[2026-09-03 15:44:21 -03:00] Monitor: sistemas ready
[2026-09-03 15:44:28 -03:00] Monitor: sistemas ready
[2026-09-03 15:44:36 -03:00] Monitor: sistemas ready
[2026-09-03 15:44:44 -03:00] Monitor: sistemas ready
[2026-09-03 15:44:51 -03:00] Monitor: sistemas ready
[2026-09-03 15:44:59 -03:00] Monitor: sistemas ready
[2026-09-03 15:45:06 -03:00] Monitor: sistemas ready
[2026-09-03 15:45:14 -03:00] Monitor: sistemas ready
[2026-09-03 15:45:21 -03:00] Monitor: sistemas ready
[2026-09-03 15:45:29 -03:00] Monitor: sistemas ready
[2026-09-03 15:45:36 -03:00] Monitor: sistemas ready
[2026-09-03 15:45:44 -03:00] Monitor: sistemas ready
[2026-09-03 15:45:51 -03:00] Monitor: sistemas ready
[2026-09-03 15:45:58 -03:00] Monitor: sistemas ready
[2026-09-03 15:46:06 -03:00] Monitor: sistemas ready
[2026-09-03 15:46:13 -03:00] Monitor: sistemas ready
[2026-09-03 15:46:21 -03:00] Monitor: sistemas ready
[2026-09-03 15:46:28 -03:00] Monitor: sistemas ready
[2026-09-03 15:46:36 -03:00] Monitor: sistemas ready
[2026-09-03 15:46:43 -03:00] Monitor: sistemas ready
[2026-09-03 15:46:51 -03:00] Monitor: sistemas ready
[2026-09-03 15:46:58 -03:00] Monitor: sistemas ready
[2026-09-03 15:47:06 -03:00] Monitor: sistemas ready
[2026-09-03 15:47:13 -03:00] Monitor: sistemas ready
[2026-09-03 15:47:21 -03:00] Monitor: sistemas ready
[2026-09-03 15:47:29 -03:00] Monitor: sistemas ready
[2026-09-03 15:47:36 -03:00] Monitor: sistemas ready
[2026-09-03 15:47:44 -03:00] Monitor: sistemas ready
[2026-09-03 15:47:51 -03:00] Monitor: sistemas ready
[2026-09-03 15:47:59 -03:00] Monitor: sistemas ready
[2026-09-03 15:48:06 -03:00] Monitor: sistemas ready
[2026-09-03 15:48:13 -03:00] Monitor: sistemas ready
[2026-09-03 15:48:21 -03:00] Monitor: sistemas ready
[2026-09-03 15:48:28 -03:00] Monitor: sistemas ready
[2026-09-03 15:48:36 -03:00] Monitor: sistemas ready
[2026-09-03 15:48:43 -03:00] Monitor: sistemas ready
[2026-09-03 15:48:51 -03:00] Monitor: sistemas ready
[2026-09-03 15:48:58 -03:00] Monitor: sistemas ready
[2026-09-03 15:49:06 -03:00] Monitor: sistemas ready
[2026-09-03 15:49:13 -03:00] Monitor: sistemas ready
[2026-09-03 15:49:21 -03:00] Monitor: sistemas ready
[2026-09-03 15:49:28 -03:00] Monitor: sistemas ready
[2026-09-03 15:49:36 -03:00] Monitor: sistemas ready
[2026-09-03 15:49:44 -03:00] Monitor: sistemas ready
[2026-09-03 15:49:51 -03:00] Monitor: sistemas ready
[2026-09-03 15:49:59 -03:00] Monitor: sistemas ready
[2026-09-03 15:50:06 -03:00] Monitor: sistemas ready
[2026-09-03 15:50:14 -03:00] Monitor: sistemas ready
[2026-09-03 15:50:21 -03:00] Monitor: sistemas ready
[2026-09-03 15:50:29 -03:00] Monitor: sistemas ready
[2026-09-03 15:50:36 -03:00] Monitor: sistemas ready
[2026-09-03 15:50:44 -03:00] Monitor: sistemas ready
[2026-09-03 15:50:51 -03:00] Monitor: sistemas ready
[2026-09-03 15:50:59 -03:00] Monitor: sistemas ready
[2026-09-03 15:51:06 -03:00] Monitor: sistemas ready
[2026-09-03 15:51:14 -03:00] Monitor: sistemas ready
[2026-09-03 15:51:21 -03:00] Monitor: sistemas ready
[2026-09-03 15:51:29 -03:00] Monitor: sistemas ready
[2026-09-03 15:51:36 -03:00] Monitor: sistemas ready
[2026-09-03 15:51:44 -03:00] Monitor: sistemas ready
[2026-09-03 15:51:51 -03:00] Monitor: sistemas ready
[2026-09-03 15:51:59 -03:00] Monitor: sistemas ready
[2026-09-03 15:52:06 -03:00] Monitor: sistemas ready
[2026-09-03 15:52:13 -03:00] Monitor: sistemas ready
[2026-09-03 15:52:21 -03:00] Monitor: sistemas ready
[2026-09-03 15:52:28 -03:00] Monitor: sistemas ready
[2026-09-03 15:52:37 -03:00] Monitor: sistemas ready
[2026-09-03 15:52:44 -03:00] Monitor: sistemas ready
[2026-09-03 15:52:52 -03:00] Monitor: sistemas ready
[2026-09-03 15:52:59 -03:00] Monitor: sistemas ready
[2026-09-03 15:53:06 -03:00] Monitor: sistemas ready
[2026-09-03 15:53:14 -03:00] Monitor: sistemas ready
[2026-09-03 15:53:21 -03:00] Monitor: sistemas ready
[2026-09-03 15:53:29 -03:00] Monitor: sistemas ready
[2026-09-03 15:53:36 -03:00] Monitor: sistemas ready
[2026-09-03 15:53:44 -03:00] Monitor: sistemas ready
[2026-09-03 15:53:51 -03:00] Monitor: sistemas ready
[2026-09-03 15:53:58 -03:00] Monitor: sistemas ready
[2026-09-03 15:54:06 -03:00] Monitor: sistemas ready
[2026-09-03 15:54:14 -03:00] Monitor: sistemas ready
[2026-09-03 15:54:21 -03:00] Monitor: sistemas ready
[2026-09-03 15:54:29 -03:00] Monitor: sistemas ready
[2026-09-03 15:54:37 -03:00] Monitor: sistemas ready
[2026-09-03 15:54:44 -03:00] Monitor: sistemas ready
[2026-09-03 15:54:51 -03:00] Monitor: sistemas ready
[2026-09-03 15:54:59 -03:00] Monitor: sistemas ready
[2026-09-03 15:55:06 -03:00] Monitor: sistemas ready
[2026-09-03 15:55:14 -03:00] Monitor: sistemas ready
[2026-09-03 15:55:21 -03:00] Monitor: sistemas ready
[2026-09-03 15:55:29 -03:00] Monitor: sistemas ready
[2026-09-03 15:55:37 -03:00] Monitor: sistemas ready
[2026-09-03 15:55:44 -03:00] Monitor: sistemas ready
[2026-09-03 15:55:52 -03:00] Monitor: sistemas ready
[2026-09-03 15:56:00 -03:00] Monitor: sistemas ready
[2026-09-03 15:56:07 -03:00] Monitor: sistemas ready
[2026-09-03 15:56:15 -03:00] Monitor: sistemas ready
[2026-09-03 15:56:23 -03:00] Monitor: sistemas ready
[2026-09-03 15:56:30 -03:00] Monitor: sistemas ready
[2026-09-03 15:56:37 -03:00] Monitor: sistemas ready
[2026-09-03 15:56:45 -03:00] Monitor: sistemas ready
[2026-09-03 15:56:52 -03:00] Monitor: sistemas ready
[2026-09-03 15:57:00 -03:00] Monitor: sistemas ready
[2026-09-03 15:57:08 -03:00] Monitor: sistemas ready
[2026-09-03 15:57:16 -03:00] Monitor: sistemas ready
[2026-09-03 15:57:23 -03:00] Monitor: sistemas ready
[2026-09-03 15:57:30 -03:00] Monitor: sistemas ready
[2026-09-03 15:57:39 -03:00] Monitor: sistemas ready
[2026-09-03 15:57:46 -03:00] Monitor: sistemas ready
[2026-09-03 15:57:51 -03:00] Monitor: An error occurred while sending the request.
[2026-09-03 15:57:51 -03:00] Monitor: aguardando servicos... retry em 0,8s
[2026-09-03 15:57:54 -03:00] Monitor: sistemas ready
[2026-09-03 15:58:02 -03:00] Monitor: sistemas ready
[2026-09-03 15:58:09 -03:00] Monitor: sistemas ready
[2026-09-03 15:58:16 -03:00] Monitor: sistemas ready
[2026-09-03 15:58:24 -03:00] Monitor: sistemas ready
[2026-09-03 15:58:31 -03:00] Monitor: sistemas ready
[2026-09-03 15:58:39 -03:00] Monitor: sistemas ready
[2026-09-03 15:58:47 -03:00] Monitor: sistemas ready
[2026-09-03 15:58:54 -03:00] Monitor: sistemas ready
[2026-09-03 15:59:02 -03:00] Monitor: sistemas ready
[2026-09-03 15:59:09 -03:00] Monitor: sistemas ready
[2026-09-03 15:59:17 -03:00] Monitor: sistemas ready
[2026-09-03 15:59:24 -03:00] Monitor: sistemas ready
[2026-09-03 15:59:31 -03:00] Monitor: sistemas ready
[2026-09-03 15:59:36 -03:00] Monitor: An error occurred while sending the request.
[2026-09-03 15:59:36 -03:00] Monitor: aguardando servicos... retry em 0,8s
[2026-09-03 15:59:40 -03:00] Monitor: sistemas ready
[2026-09-03 15:59:47 -03:00] Monitor: sistemas ready
[2026-09-03 15:59:55 -03:00] Monitor: sistemas ready
[2026-09-03 16:00:02 -03:00] Monitor: sistemas ready
[2026-09-03 16:00:09 -03:00] Monitor: sistemas ready
[2026-09-03 16:00:17 -03:00] Monitor: sistemas ready
[2026-09-03 16:00:24 -03:00] Monitor: sistemas ready
[2026-09-03 16:00:32 -03:00] Monitor: sistemas ready
[2026-09-03 16:00:40 -03:00] Monitor: sistemas ready
[2026-09-03 16:00:48 -03:00] Monitor: sistemas ready
[2026-09-03 16:00:56 -03:00] Monitor: sistemas ready
[2026-09-03 16:01:05 -03:00] Monitor: sistemas ready
[2026-09-03 16:01:10 -03:00] Monitor: An error occurred while sending the request.
[2026-09-03 16:01:10 -03:00] Monitor: aguardando servicos... retry em 0,7s
[2026-09-03 16:01:14 -03:00] Monitor: sistemas ready
[2026-09-03 16:01:24 -03:00] Monitor: sistemas ready
[2026-09-03 16:01:33 -03:00] Monitor: sistemas ready
[2026-09-03 16:01:38 -03:00] Monitor: An error occurred while sending the request.
[2026-09-03 16:01:38 -03:00] Monitor: aguardando servicos... retry em 1,8s
[2026-09-03 16:01:44 -03:00] Monitor: sistemas ready
[2026-09-03 16:01:53 -03:00] Monitor: sistemas ready
[2026-09-03 16:01:58 -03:00] Monitor: An error occurred while sending the request.
[2026-09-03 16:01:58 -03:00] Monitor: aguardando servicos... retry em 2,7s
[2026-09-03 16:02:04 -03:00] Monitor: sistemas ready
[2026-09-03 16:02:12 -03:00] Monitor: sistemas ready
[2026-09-03 16:02:17 -03:00] Monitor: An error occurred while sending the request.
[2026-09-03 16:02:17 -03:00] Monitor: aguardando servicos... retry em 6,4s
[2026-09-03 16:02:27 -03:00] Monitor: sistemas ready
[2026-09-03 16:02:36 -03:00] Monitor: sistemas ready
[2026-09-03 16:02:45 -03:00] Monitor: sistemas ready
[2026-09-03 16:02:53 -03:00] Monitor: sistemas ready
[2026-09-03 16:03:02 -03:00] Monitor: sistemas ready
[2026-09-03 16:03:11 -03:00] Monitor: sistemas ready
[2026-09-03 16:03:18 -03:00] Monitor: sistemas ready
[2026-09-03 16:03:26 -03:00] Monitor: sistemas ready
[2026-09-03 16:03:33 -03:00] Monitor: sistemas ready
[2026-09-03 16:03:41 -03:00] Monitor: sistemas ready
[2026-09-03 16:03:48 -03:00] Monitor: sistemas ready
[2026-09-03 16:03:55 -03:00] Monitor: sistemas ready
[2026-09-03 16:04:03 -03:00] Monitor: sistemas ready
[2026-09-03 16:04:10 -03:00] Monitor: sistemas ready
[2026-09-03 16:04:18 -03:00] Monitor: sistemas ready
[2026-09-03 16:04:23 -03:00] Monitor: An error occurred while sending the request.
[2026-09-03 16:04:23 -03:00] Monitor: aguardando servicos... retry em 0,6s
[2026-09-03 16:04:26 -03:00] Monitor: sistemas ready
[2026-09-03 16:04:33 -03:00] Monitor: sistemas ready
[2026-09-03 16:04:41 -03:00] Monitor: sistemas ready
[2026-09-03 16:04:48 -03:00] Monitor: sistemas ready
[2026-09-03 16:04:56 -03:00] Monitor: sistemas ready
[2026-09-03 16:05:03 -03:00] Monitor: sistemas ready
[2026-09-03 16:05:11 -03:00] Monitor: sistemas ready
[2026-09-03 16:05:18 -03:00] Monitor: sistemas ready
[2026-09-03 16:05:26 -03:00] Monitor: sistemas ready
[2026-09-03 16:05:33 -03:00] Monitor: sistemas ready
[2026-09-03 16:05:41 -03:00] Monitor: sistemas ready
[2026-09-03 16:05:50 -03:00] Monitor: sistemas ready
[2026-09-03 16:05:59 -03:00] Monitor: sistemas ready
[2026-09-03 16:06:07 -03:00] Monitor: sistemas ready
[2026-09-03 16:06:17 -03:00] Monitor: sistemas ready
[2026-09-03 16:06:24 -03:00] Monitor: sistemas ready
[2026-09-03 16:06:32 -03:00] Monitor: sistemas ready
[2026-09-03 16:06:39 -03:00] Monitor: sistemas ready
[2026-09-03 16:06:46 -03:00] Monitor: sistemas ready
[2026-09-03 16:06:54 -03:00] Monitor: sistemas ready
[2026-09-03 16:07:01 -03:00] Monitor: sistemas ready
[2026-09-03 16:07:06 -03:00] Monitor: An error occurred while sending the request.
[2026-09-03 16:07:06 -03:00] Monitor: aguardando servicos... retry em 0,5s
[2026-09-03 16:07:10 -03:00] Monitor: sistemas ready
[2026-09-03 16:07:17 -03:00] Monitor: sistemas ready
[2026-09-03 16:07:25 -03:00] Monitor: sistemas ready
[2026-09-03 16:07:32 -03:00] Monitor: sistemas ready
[2026-09-03 16:07:41 -03:00] Monitor: sistemas ready
[2026-09-03 16:07:48 -03:00] Monitor: sistemas ready
[2026-09-03 16:08:01 -03:00] Monitor: sistemas ready
[2026-09-03 16:08:09 -03:00] Monitor: sistemas ready
[2026-09-03 16:08:19 -03:00] Monitor: sistemas ready
[2026-09-03 16:08:27 -03:00] Monitor: sistemas ready
[2026-09-03 16:08:34 -03:00] Monitor: sistemas ready
[2026-09-03 16:08:45 -03:00] Monitor: sistemas ready
[2026-09-03 16:08:58 -03:00] Monitor: aguardando servicos... retry em 0,6s
[2026-09-03 16:09:16 -03:00] Monitor: sistemas ready
[2026-09-03 16:09:24 -03:00] Monitor: sistemas ready
[2026-09-03 16:09:32 -03:00] Monitor: sistemas ready
[2026-09-03 16:09:39 -03:00] Monitor: sistemas ready
[2026-09-03 16:09:47 -03:00] Monitor: sistemas ready
[2026-09-03 16:09:54 -03:00] Monitor: sistemas ready
[2026-09-03 16:09:59 -03:00] Monitor: An error occurred while sending the request.
[2026-09-03 16:09:59 -03:00] Monitor: aguardando servicos... retry em 1,6s
[2026-09-03 16:10:04 -03:00] Monitor: sistemas ready
[2026-09-03 16:10:11 -03:00] Monitor: sistemas ready
[2026-09-03 16:10:19 -03:00] Monitor: sistemas ready
[2026-09-03 16:10:31 -03:00] Monitor: sistemas ready
[2026-09-03 16:10:39 -03:00] Monitor: sistemas ready
[2026-09-03 16:10:47 -03:00] Monitor: sistemas ready
[2026-09-03 16:10:54 -03:00] Monitor: sistemas ready
[2026-09-03 16:11:02 -03:00] Monitor: sistemas ready
[2026-09-03 16:11:09 -03:00] Monitor: sistemas ready
[2026-09-03 16:11:17 -03:00] Monitor: sistemas ready
[2026-09-03 16:11:24 -03:00] Monitor: sistemas ready
[2026-09-03 16:11:32 -03:00] Monitor: sistemas ready
[2026-09-03 16:11:39 -03:00] Monitor: sistemas ready
[2026-09-03 16:11:47 -03:00] Monitor: sistemas ready
[2026-09-03 16:11:54 -03:00] Monitor: sistemas ready
[2026-09-03 16:12:02 -03:00] Monitor: sistemas ready
[2026-09-03 16:12:09 -03:00] Monitor: sistemas ready
[2026-09-03 16:12:17 -03:00] Monitor: sistemas ready
[2026-09-03 16:12:24 -03:00] Monitor: sistemas ready
[2026-09-03 16:12:32 -03:00] Monitor: sistemas ready
[2026-09-03 16:12:39 -03:00] Monitor: sistemas ready
[2026-09-03 16:12:46 -03:00] Monitor: sistemas ready
[2026-09-03 16:12:54 -03:00] Monitor: sistemas ready
[2026-09-03 16:13:01 -03:00] Monitor: sistemas ready
[2026-09-03 16:13:09 -03:00] Monitor: sistemas ready
[2026-09-03 16:13:16 -03:00] Monitor: sistemas ready
[2026-09-03 16:13:24 -03:00] Monitor: sistemas ready
[2026-09-03 16:13:32 -03:00] Monitor: sistemas ready
[2026-09-03 16:13:39 -03:00] Monitor: sistemas ready
[2026-09-03 16:13:46 -03:00] Monitor: sistemas ready
[2026-09-03 16:13:54 -03:00] Monitor: sistemas ready
[2026-09-03 16:14:01 -03:00] Monitor: sistemas ready
[2026-09-03 16:14:09 -03:00] Monitor: sistemas ready
[2026-09-03 16:14:16 -03:00] Monitor: sistemas ready
[2026-09-03 16:14:24 -03:00] Monitor: sistemas ready
[2026-09-03 16:14:31 -03:00] Monitor: sistemas ready
[2026-09-03 16:14:39 -03:00] Monitor: sistemas ready
[2026-09-03 16:14:46 -03:00] Monitor: sistemas ready
[2026-09-03 16:14:54 -03:00] Monitor: sistemas ready
[2026-09-03 16:15:01 -03:00] Monitor: sistemas ready
[2026-09-03 16:15:08 -03:00] Monitor: sistemas ready
[2026-09-03 16:15:16 -03:00] Monitor: sistemas ready
[2026-09-03 16:15:23 -03:00] Monitor: sistemas ready
[2026-09-03 16:15:31 -03:00] Monitor: sistemas ready
[2026-09-03 16:15:38 -03:00] Monitor: sistemas ready
[2026-09-03 16:15:46 -03:00] Monitor: sistemas ready
[2026-09-03 16:15:53 -03:00] Monitor: sistemas ready
[2026-09-03 16:16:01 -03:00] Monitor: sistemas ready
[2026-09-03 16:16:10 -03:00] Monitor: sistemas ready
[2026-09-03 16:16:18 -03:00] Monitor: sistemas ready
[2026-09-03 16:16:25 -03:00] Monitor: sistemas ready
[2026-09-03 16:16:33 -03:00] Monitor: sistemas ready
[2026-09-03 16:16:41 -03:00] Monitor: sistemas ready
[2026-09-03 16:16:48 -03:00] Monitor: sistemas ready
[2026-09-03 16:16:56 -03:00] Monitor: sistemas ready
[2026-09-03 16:17:03 -03:00] Monitor: sistemas ready
[2026-09-03 16:17:11 -03:00] Monitor: sistemas ready
[2026-09-03 16:17:19 -03:00] Monitor: sistemas ready
[2026-09-03 16:17:28 -03:00] Monitor: sistemas ready
[2026-09-03 16:17:36 -03:00] Monitor: sistemas ready
[2026-09-03 16:17:44 -03:00] Monitor: sistemas ready
[2026-09-03 16:17:52 -03:00] Monitor: sistemas ready
[2026-09-03 16:17:57 -03:00] Monitor: An error occurred while sending the request.
[2026-09-03 16:17:57 -03:00] Monitor: aguardando servicos... retry em 0,9s
[2026-09-03 16:18:01 -03:00] Monitor: sistemas ready
[2026-09-03 16:18:10 -03:00] Monitor: sistemas ready
[2026-09-03 16:18:18 -03:00] Monitor: sistemas ready
[2026-09-03 16:18:23 -03:00] Monitor: An error occurred while sending the request.
[2026-09-03 16:18:23 -03:00] Monitor: aguardando servicos... retry em 1,8s
[2026-09-03 16:18:28 -03:00] Monitor: sistemas ready
[2026-09-03 16:18:35 -03:00] Monitor: sistemas ready
[2026-09-03 16:18:43 -03:00] Monitor: sistemas ready
[2026-09-03 16:18:50 -03:00] Monitor: sistemas ready
[2026-09-03 16:18:58 -03:00] Monitor: sistemas ready
[2026-09-03 16:19:06 -03:00] Monitor: sistemas ready
[2026-09-03 16:19:14 -03:00] Monitor: sistemas ready
[2026-09-03 16:19:21 -03:00] Monitor: sistemas ready
[2026-09-03 16:19:29 -03:00] Monitor: sistemas ready
[2026-09-03 16:19:34 -03:00] Monitor: An error occurred while sending the request.
[2026-09-03 16:19:34 -03:00] Monitor: aguardando servicos... retry em 0,6s
[2026-09-03 16:19:37 -03:00] Monitor: sistemas ready
[2026-09-03 16:19:45 -03:00] Monitor: sistemas ready
[2026-09-03 16:19:52 -03:00] Monitor: sistemas ready
[2026-09-03 16:19:57 -03:00] Monitor: An error occurred while sending the request.
[2026-09-03 16:19:57 -03:00] Monitor: aguardando servicos... retry em 1,9s
[2026-09-03 16:20:02 -03:00] Monitor: sistemas ready
[2026-09-03 16:20:07 -03:00] Monitor: An error occurred while sending the request.
[2026-09-03 16:20:07 -03:00] Monitor: aguardando servicos... retry em 2,2s
[2026-09-03 16:20:12 -03:00] Monitor: sistemas ready
[2026-09-03 16:20:20 -03:00] Monitor: sistemas ready
[2026-09-03 16:20:28 -03:00] Monitor: sistemas ready
[2026-09-03 16:20:36 -03:00] Monitor: sistemas ready
[2026-09-03 16:20:44 -03:00] Monitor: sistemas ready
[2026-09-03 16:20:51 -03:00] Monitor: sistemas ready
[2026-09-03 16:20:59 -03:00] Monitor: sistemas ready
[2026-09-03 16:21:07 -03:00] Monitor: sistemas ready
[2026-09-03 16:21:14 -03:00] Monitor: sistemas ready
[2026-09-03 16:21:22 -03:00] Monitor: sistemas ready
[2026-09-03 16:21:29 -03:00] Monitor: sistemas ready
[2026-09-03 16:21:37 -03:00] Monitor: sistemas ready
[2026-09-03 16:21:44 -03:00] Monitor: sistemas ready
[2026-09-03 16:21:52 -03:00] Monitor: sistemas ready
[2026-09-03 16:21:59 -03:00] Monitor: sistemas ready
[2026-09-03 16:22:07 -03:00] Monitor: sistemas ready
[2026-09-03 16:22:14 -03:00] Monitor: sistemas ready
[2026-09-03 16:22:22 -03:00] Monitor: sistemas ready
[2026-09-03 16:22:30 -03:00] Monitor: sistemas ready
[2026-09-03 16:22:37 -03:00] Monitor: sistemas ready
[2026-09-03 16:22:45 -03:00] Monitor: sistemas ready
[2026-09-03 16:22:52 -03:00] Monitor: sistemas ready
[2026-09-03 16:23:00 -03:00] Monitor: sistemas ready
[2026-09-03 16:23:07 -03:00] Monitor: sistemas ready
[2026-09-03 16:23:15 -03:00] Monitor: sistemas ready
[2026-09-03 16:23:22 -03:00] Monitor: sistemas ready
[2026-09-03 16:23:30 -03:00] Monitor: sistemas ready
[2026-09-03 16:23:37 -03:00] Monitor: sistemas ready
[2026-09-03 16:23:45 -03:00] Monitor: sistemas ready
[2026-09-03 16:23:52 -03:00] Monitor: sistemas ready
[2026-09-03 16:24:00 -03:00] Monitor: sistemas ready
[2026-09-03 16:24:07 -03:00] Monitor: sistemas ready
[2026-09-03 16:24:12 -03:00] Monitor: An error occurred while sending the request.
[2026-09-03 16:24:12 -03:00] Monitor: aguardando servicos... retry em 0,7s
[2026-09-03 16:24:15 -03:00] Monitor: sistemas ready
[2026-09-03 16:24:23 -03:00] Monitor: sistemas ready
[2026-09-03 16:24:30 -03:00] Monitor: sistemas ready
[2026-09-03 16:24:38 -03:00] Monitor: sistemas ready
[2026-09-03 16:24:45 -03:00] Monitor: sistemas ready
[2026-09-03 16:24:53 -03:00] Monitor: sistemas ready
[2026-09-03 16:25:00 -03:00] Monitor: sistemas ready
[2026-09-03 16:25:08 -03:00] Monitor: sistemas ready
[2026-09-03 16:25:13 -03:00] Monitor: An error occurred while sending the request.
[2026-09-03 16:25:13 -03:00] Monitor: aguardando servicos... retry em 1,9s
[2026-09-03 16:25:17 -03:00] Monitor: sistemas ready
[2026-09-03 16:25:24 -03:00] Monitor: sistemas ready
[2026-09-03 16:25:32 -03:00] Monitor: sistemas ready
[2026-09-03 16:25:40 -03:00] Monitor: sistemas ready
[2026-09-03 16:25:47 -03:00] Monitor: sistemas ready
[2026-09-03 16:25:55 -03:00] Monitor: sistemas ready
[2026-09-03 16:26:02 -03:00] Monitor: sistemas ready
[2026-09-03 16:26:10 -03:00] Monitor: sistemas ready
[2026-09-03 16:26:17 -03:00] Monitor: sistemas ready
[2026-09-03 16:26:25 -03:00] Monitor: sistemas ready
[2026-09-03 16:26:32 -03:00] Monitor: sistemas ready
[2026-09-03 16:26:40 -03:00] Monitor: sistemas ready
[2026-09-03 16:26:47 -03:00] Monitor: sistemas ready
[2026-09-03 16:26:55 -03:00] Monitor: sistemas ready
[2026-09-03 16:27:02 -03:00] Monitor: sistemas ready
[2026-09-03 16:27:09 -03:00] Monitor: sistemas ready
[2026-09-03 16:27:17 -03:00] Monitor: sistemas ready
[2026-09-03 16:27:24 -03:00] Monitor: sistemas ready
[2026-09-03 16:27:29 -03:00] Monitor: An error occurred while sending the request.
[2026-09-03 16:27:29 -03:00] Monitor: aguardando servicos... retry em 0,8s
[2026-09-03 16:27:33 -03:00] Monitor: sistemas ready
[2026-09-03 16:27:40 -03:00] Monitor: sistemas ready
[2026-09-03 16:27:45 -03:00] Monitor: An error occurred while sending the request.
[2026-09-03 16:27:45 -03:00] Monitor: aguardando servicos... retry em 1,4s
[2026-09-03 16:27:49 -03:00] Monitor: sistemas ready
[2026-09-03 16:27:57 -03:00] Monitor: sistemas ready
[2026-09-03 16:28:05 -03:00] Monitor: sistemas ready
[2026-09-03 16:28:12 -03:00] Monitor: sistemas ready
[2026-09-03 16:28:20 -03:00] Monitor: sistemas ready
[2026-09-03 16:28:27 -03:00] Monitor: sistemas ready
[2026-09-03 16:28:35 -03:00] Monitor: sistemas ready
[2026-09-03 16:28:42 -03:00] Monitor: sistemas ready
[2026-09-03 16:28:49 -03:00] Monitor: sistemas ready
[2026-09-03 16:28:57 -03:00] Monitor: sistemas ready
[2026-09-03 16:29:04 -03:00] Monitor: sistemas ready
[2026-09-03 16:29:12 -03:00] Monitor: sistemas ready
[2026-09-03 16:29:20 -03:00] Monitor: sistemas ready
[2026-09-03 16:29:27 -03:00] Monitor: sistemas ready
[2026-09-03 16:29:35 -03:00] Monitor: sistemas ready
[2026-09-03 16:29:42 -03:00] Monitor: sistemas ready
[2026-09-03 16:29:50 -03:00] Monitor: sistemas ready
[2026-09-03 16:29:57 -03:00] Monitor: sistemas ready
[2026-09-03 16:30:05 -03:00] Monitor: sistemas ready
[2026-09-03 16:30:13 -03:00] Monitor: sistemas ready
[2026-09-03 16:30:20 -03:00] Monitor: sistemas ready
[2026-09-03 16:30:27 -03:00] Monitor: sistemas ready
[2026-09-03 16:30:35 -03:00] Monitor: sistemas ready
[2026-09-03 16:30:42 -03:00] Monitor: sistemas ready
[2026-09-03 16:30:50 -03:00] Monitor: sistemas ready
[2026-09-03 16:30:57 -03:00] Monitor: sistemas ready
[2026-09-03 16:31:05 -03:00] Monitor: sistemas ready
[2026-09-03 16:31:12 -03:00] Monitor: sistemas ready
[2026-09-03 16:31:20 -03:00] Monitor: sistemas ready
[2026-09-03 16:31:27 -03:00] Monitor: sistemas ready
[2026-09-03 16:31:35 -03:00] Monitor: sistemas ready
[2026-09-03 16:31:42 -03:00] Monitor: sistemas ready
[2026-09-03 16:31:49 -03:00] Monitor: sistemas ready
[2026-09-03 16:31:58 -03:00] Monitor: sistemas ready
[2026-09-03 16:32:05 -03:00] Monitor: sistemas ready
[2026-09-03 16:32:13 -03:00] Monitor: sistemas ready
[2026-09-03 16:32:20 -03:00] Monitor: sistemas ready
[2026-09-03 16:32:27 -03:00] Monitor: sistemas ready
[2026-09-03 16:32:35 -03:00] Monitor: sistemas ready
[2026-09-03 16:32:43 -03:00] Monitor: sistemas ready
[2026-09-03 16:32:50 -03:00] Monitor: sistemas ready
[2026-09-03 16:32:58 -03:00] Monitor: sistemas ready
[2026-09-03 16:33:05 -03:00] Monitor: sistemas ready
[2026-09-03 16:33:13 -03:00] Monitor: sistemas ready
[2026-09-03 16:33:20 -03:00] Monitor: sistemas ready
[2026-09-03 16:33:28 -03:00] Monitor: sistemas ready
[2026-09-03 16:33:36 -03:00] Monitor: sistemas ready
[2026-09-03 16:33:43 -03:00] Monitor: sistemas ready
[2026-09-03 16:33:51 -03:00] Monitor: sistemas ready
[2026-09-03 16:33:58 -03:00] Monitor: sistemas ready
[2026-09-03 16:34:06 -03:00] Monitor: sistemas ready
[2026-09-03 16:34:14 -03:00] Monitor: sistemas ready
[2026-09-03 16:34:21 -03:00] Monitor: sistemas ready
[2026-09-03 16:34:29 -03:00] Monitor: sistemas ready
[2026-09-03 16:34:36 -03:00] Monitor: sistemas ready
[2026-09-03 16:34:44 -03:00] Monitor: sistemas ready
[2026-09-03 16:34:51 -03:00] Monitor: sistemas ready
[2026-09-03 16:34:58 -03:00] Monitor: sistemas ready
[2026-09-03 16:35:06 -03:00] Monitor: sistemas ready
[2026-09-03 16:35:13 -03:00] Monitor: sistemas ready
[2026-09-03 16:35:21 -03:00] Monitor: sistemas ready
[2026-09-03 16:35:28 -03:00] Monitor: sistemas ready
[2026-09-03 16:35:36 -03:00] Monitor: sistemas ready
[2026-09-03 16:35:43 -03:00] Monitor: sistemas ready
[2026-09-03 16:35:51 -03:00] Monitor: sistemas ready
[2026-09-03 16:35:58 -03:00] Monitor: sistemas ready
[2026-09-03 16:36:05 -03:00] Monitor: sistemas ready
[2026-09-03 16:36:10 -03:00] Monitor: An error occurred while sending the request.
[2026-09-03 16:36:10 -03:00] Monitor: aguardando servicos... retry em 0,7s
[2026-09-03 16:36:14 -03:00] Monitor: sistemas ready
[2026-09-03 16:36:21 -03:00] Monitor: sistemas ready
[2026-09-03 16:36:28 -03:00] Monitor: sistemas ready
[2026-09-03 16:36:36 -03:00] Monitor: sistemas ready
[2026-09-03 16:36:43 -03:00] Monitor: sistemas ready
[2026-09-03 16:36:51 -03:00] Monitor: sistemas ready
[2026-09-03 16:36:58 -03:00] Monitor: sistemas ready
[2026-09-03 16:37:06 -03:00] Monitor: sistemas ready
[2026-09-03 16:37:13 -03:00] Monitor: sistemas ready
[2026-09-03 16:37:21 -03:00] Monitor: sistemas ready
[2026-09-03 16:37:28 -03:00] Monitor: sistemas ready
[2026-09-03 16:37:35 -03:00] Monitor: sistemas ready
[2026-09-03 16:37:43 -03:00] Monitor: sistemas ready
[2026-09-03 16:37:50 -03:00] Monitor: sistemas ready
[2026-09-03 16:37:58 -03:00] Monitor: sistemas ready
[2026-09-03 16:38:05 -03:00] Monitor: sistemas ready
[2026-09-03 16:38:13 -03:00] Monitor: sistemas ready
[2026-09-03 16:38:20 -03:00] Monitor: sistemas ready
[2026-09-03 16:38:27 -03:00] Monitor: sistemas ready
[2026-09-03 16:38:35 -03:00] Monitor: sistemas ready
[2026-09-03 16:38:43 -03:00] Monitor: sistemas ready
[2026-09-03 16:38:50 -03:00] Monitor: sistemas ready
[2026-09-03 16:38:58 -03:00] Monitor: sistemas ready
[2026-09-03 16:39:05 -03:00] Monitor: sistemas ready
[2026-09-03 16:39:13 -03:00] Monitor: sistemas ready
[2026-09-03 16:39:20 -03:00] Monitor: sistemas ready
[2026-09-03 16:39:27 -03:00] Monitor: sistemas ready
[2026-09-03 16:39:32 -03:00] Monitor: An error occurred while sending the request.
[2026-09-03 16:39:32 -03:00] Monitor: aguardando servicos... retry em 0,9s
[2026-09-03 16:39:36 -03:00] Monitor: sistemas ready
[2026-09-03 16:39:43 -03:00] Monitor: sistemas ready
[2026-09-03 16:39:51 -03:00] Monitor: sistemas ready
[2026-09-03 16:39:59 -03:00] Monitor: sistemas ready
[2026-09-03 16:40:06 -03:00] Monitor: sistemas ready
[2026-09-03 16:40:14 -03:00] Monitor: sistemas ready
[2026-09-03 16:40:21 -03:00] Monitor: sistemas ready
[2026-09-03 16:40:28 -03:00] Monitor: sistemas ready
[2026-09-03 16:40:36 -03:00] Monitor: sistemas ready
[2026-09-03 16:40:43 -03:00] Monitor: sistemas ready
[2026-09-03 16:40:52 -03:00] Monitor: sistemas ready
[2026-09-03 16:40:59 -03:00] Monitor: sistemas ready
[2026-09-03 16:41:07 -03:00] Monitor: sistemas ready
[2026-09-03 16:41:14 -03:00] Monitor: sistemas ready
[2026-09-03 16:41:22 -03:00] Monitor: sistemas ready
[2026-09-03 16:41:29 -03:00] Monitor: sistemas ready
[2026-09-03 16:41:37 -03:00] Monitor: sistemas ready
[2026-09-03 16:41:44 -03:00] Monitor: sistemas ready
[2026-09-03 16:41:52 -03:00] Monitor: sistemas ready
[2026-09-03 16:41:59 -03:00] Monitor: sistemas ready
[2026-09-03 16:42:07 -03:00] Monitor: sistemas ready
[2026-09-03 16:42:14 -03:00] Monitor: sistemas ready
[2026-09-03 16:42:22 -03:00] Monitor: sistemas ready
[2026-09-03 16:42:29 -03:00] Monitor: sistemas ready
[2026-09-03 16:42:37 -03:00] Monitor: sistemas ready
[2026-09-03 16:42:44 -03:00] Monitor: sistemas ready
[2026-09-03 16:42:51 -03:00] Monitor: sistemas ready
[2026-09-03 16:42:59 -03:00] Monitor: sistemas ready
[2026-09-03 16:43:07 -03:00] Monitor: sistemas ready
[2026-09-03 16:43:14 -03:00] Monitor: sistemas ready
[2026-09-03 16:43:22 -03:00] Monitor: sistemas ready
[2026-09-03 16:43:29 -03:00] Monitor: sistemas ready
[2026-09-03 16:43:36 -03:00] Monitor: sistemas ready
[2026-09-03 16:43:44 -03:00] Monitor: sistemas ready
[2026-09-03 16:43:52 -03:00] Monitor: sistemas ready
[2026-09-03 16:43:59 -03:00] Monitor: sistemas ready
[2026-09-03 16:44:07 -03:00] Monitor: sistemas ready
[2026-09-03 16:44:15 -03:00] Monitor: sistemas ready
[2026-09-03 16:44:22 -03:00] Monitor: sistemas ready
[2026-09-03 16:44:30 -03:00] Monitor: sistemas ready
[2026-09-03 16:44:37 -03:00] Monitor: sistemas ready
[2026-09-03 16:44:45 -03:00] Monitor: sistemas ready
[2026-09-03 16:44:52 -03:00] Monitor: sistemas ready
[2026-09-03 16:45:00 -03:00] Monitor: sistemas ready
[2026-09-03 16:45:07 -03:00] Monitor: sistemas ready
[2026-09-03 16:45:15 -03:00] Monitor: sistemas ready
[2026-09-03 16:45:22 -03:00] Monitor: sistemas ready
[2026-09-03 16:45:30 -03:00] Monitor: sistemas ready
[2026-09-03 16:45:37 -03:00] Monitor: sistemas ready
[2026-09-03 16:45:45 -03:00] Monitor: sistemas ready
[2026-09-03 16:45:52 -03:00] Monitor: sistemas ready
[2026-09-03 16:46:00 -03:00] Monitor: sistemas ready
[2026-09-03 16:46:07 -03:00] Monitor: sistemas ready
[2026-09-03 16:46:14 -03:00] Monitor: sistemas ready
[2026-09-03 16:46:22 -03:00] Monitor: sistemas ready
[2026-09-03 16:46:30 -03:00] Monitor: sistemas ready
[2026-09-03 16:46:38 -03:00] Monitor: sistemas ready
[2026-09-03 16:46:43 -03:00] Monitor: An error occurred while sending the request.
[2026-09-03 16:46:43 -03:00] Monitor: aguardando servicos... retry em 0,8s
[2026-09-03 16:46:46 -03:00] Monitor: sistemas ready
[2026-09-03 16:46:54 -03:00] Monitor: sistemas ready
[2026-09-03 16:46:59 -03:00] Monitor: An error occurred while sending the request.
[2026-09-03 16:46:59 -03:00] Monitor: aguardando servicos... retry em 1,6s
[2026-09-03 16:47:03 -03:00] Monitor: sistemas ready
[2026-09-03 16:47:10 -03:00] Monitor: sistemas ready
[2026-09-03 16:47:18 -03:00] Monitor: sistemas ready
[2026-09-03 16:47:25 -03:00] Monitor: sistemas ready
[2026-09-03 16:47:33 -03:00] Monitor: sistemas ready
[2026-09-03 16:47:40 -03:00] Monitor: sistemas ready
[2026-09-03 16:47:48 -03:00] Monitor: sistemas ready
[2026-09-03 16:47:55 -03:00] Monitor: sistemas ready
[2026-09-03 16:48:03 -03:00] Monitor: sistemas ready
[2026-09-03 16:48:10 -03:00] Monitor: sistemas ready
[2026-09-03 16:48:18 -03:00] Monitor: sistemas ready
[2026-09-03 16:48:25 -03:00] Monitor: sistemas ready
[2026-09-03 16:48:30 -03:00] Monitor: An error occurred while sending the request.
[2026-09-03 16:48:30 -03:00] Monitor: aguardando servicos... retry em 0,5s
[2026-09-03 16:48:33 -03:00] Monitor: sistemas ready
[2026-09-03 16:48:41 -03:00] Monitor: sistemas ready
[2026-09-03 16:48:49 -03:00] Monitor: sistemas ready
[2026-09-03 16:48:56 -03:00] Monitor: sistemas ready
[2026-09-03 16:49:04 -03:00] Monitor: sistemas ready
[2026-09-03 16:49:11 -03:00] Monitor: sistemas ready
[2026-09-03 16:49:19 -03:00] Monitor: sistemas ready
[2026-09-03 16:49:26 -03:00] Monitor: sistemas ready
[2026-09-03 16:49:34 -03:00] Monitor: sistemas ready
[2026-09-03 16:49:42 -03:00] Monitor: sistemas ready
[2026-09-03 16:49:49 -03:00] Monitor: sistemas ready
[2026-09-03 16:49:56 -03:00] Monitor: sistemas ready
[2026-09-03 16:50:04 -03:00] Monitor: sistemas ready
[2026-09-03 16:50:11 -03:00] Monitor: sistemas ready
[2026-09-03 16:50:16 -03:00] Monitor: An error occurred while sending the request.
[2026-09-03 16:50:16 -03:00] Monitor: aguardando servicos... retry em 0,8s
[2026-09-03 16:50:20 -03:00] Monitor: sistemas ready
[2026-09-03 16:50:27 -03:00] Monitor: sistemas ready
[2026-09-03 16:50:34 -03:00] Monitor: sistemas ready
[2026-09-03 16:50:42 -03:00] Monitor: sistemas ready
[2026-09-03 16:50:49 -03:00] Monitor: sistemas ready
[2026-09-03 16:50:57 -03:00] Monitor: sistemas ready
[2026-09-03 16:51:05 -03:00] Monitor: sistemas ready
[2026-09-03 16:51:12 -03:00] Monitor: sistemas ready
[2026-09-03 16:51:19 -03:00] Monitor: sistemas ready
[2026-09-03 16:51:27 -03:00] Monitor: sistemas ready
[2026-09-03 16:51:34 -03:00] Monitor: sistemas ready
[2026-09-03 16:51:42 -03:00] Monitor: sistemas ready
[2026-09-03 16:51:47 -03:00] Monitor: An error occurred while sending the request.
[2026-09-03 16:51:47 -03:00] Monitor: aguardando servicos... retry em 1,0s
[2026-09-03 16:51:51 -03:00] Monitor: sistemas ready
[2026-09-03 16:51:58 -03:00] Monitor: sistemas ready
[2026-09-03 16:52:06 -03:00] Monitor: sistemas ready
[2026-09-03 16:52:13 -03:00] Monitor: sistemas ready
[2026-09-03 16:52:20 -03:00] Monitor: sistemas ready
[2026-09-03 16:52:28 -03:00] Monitor: sistemas ready
[2026-09-03 16:52:36 -03:00] Monitor: sistemas ready
[2026-09-03 16:52:43 -03:00] Monitor: sistemas ready
[2026-09-03 16:52:50 -03:00] Monitor: sistemas ready
[2026-09-03 16:52:58 -03:00] Monitor: sistemas ready
[2026-09-03 16:53:05 -03:00] Monitor: sistemas ready
[2026-09-03 16:53:13 -03:00] Monitor: sistemas ready
[2026-09-03 16:53:20 -03:00] Monitor: sistemas ready
[2026-09-03 16:53:28 -03:00] Monitor: sistemas ready
[2026-09-03 16:53:36 -03:00] Monitor: sistemas ready
[2026-09-03 16:53:44 -03:00] Monitor: sistemas ready
[2026-09-03 16:53:51 -03:00] Monitor: sistemas ready
[2026-09-03 16:53:59 -03:00] Monitor: sistemas ready
[2026-09-03 16:54:06 -03:00] Monitor: sistemas ready
[2026-09-03 16:54:14 -03:00] Monitor: sistemas ready
[2026-09-03 16:54:21 -03:00] Monitor: sistemas ready
[2026-09-03 16:54:28 -03:00] Monitor: sistemas ready
[2026-09-03 16:54:36 -03:00] Monitor: sistemas ready
[2026-09-03 16:54:44 -03:00] Monitor: sistemas ready
[2026-09-03 16:54:51 -03:00] Monitor: sistemas ready
[2026-09-03 16:54:59 -03:00] Monitor: sistemas ready
[2026-09-03 16:55:06 -03:00] Monitor: sistemas ready
[2026-09-03 16:55:11 -03:00] Monitor: An error occurred while sending the request.
[2026-09-03 16:55:11 -03:00] Monitor: aguardando servicos... retry em 0,5s
[2026-09-03 16:55:15 -03:00] Monitor: sistemas ready
[2026-09-03 16:55:22 -03:00] Monitor: sistemas ready
[2026-09-03 16:55:30 -03:00] Monitor: sistemas ready
[2026-09-03 16:55:37 -03:00] Monitor: sistemas ready
[2026-09-03 16:55:45 -03:00] Monitor: sistemas ready
[2026-09-03 16:55:52 -03:00] Monitor: sistemas ready
[2026-09-03 16:55:59 -03:00] Monitor: sistemas ready
[2026-09-03 16:56:07 -03:00] Monitor: sistemas ready
[2026-09-03 16:56:14 -03:00] Monitor: sistemas ready
[2026-09-03 16:56:22 -03:00] Monitor: sistemas ready
[2026-09-03 16:56:29 -03:00] Monitor: sistemas ready
[2026-09-03 16:56:37 -03:00] Monitor: sistemas ready
[2026-09-03 16:56:44 -03:00] Monitor: sistemas ready
[2026-09-03 16:56:52 -03:00] Monitor: sistemas ready
[2026-09-03 16:56:59 -03:00] Monitor: sistemas ready
[2026-09-03 16:57:07 -03:00] Monitor: sistemas ready
[2026-09-03 16:57:15 -03:00] Monitor: sistemas ready
[2026-09-03 16:57:22 -03:00] Monitor: sistemas ready
[2026-09-03 16:57:30 -03:00] Monitor: sistemas ready
[2026-09-03 16:57:37 -03:00] Monitor: sistemas ready
[2026-09-03 16:57:44 -03:00] Monitor: sistemas ready
[2026-09-03 16:57:52 -03:00] Monitor: sistemas ready
[2026-09-03 16:58:00 -03:00] Monitor: sistemas ready
[2026-09-03 16:58:07 -03:00] Monitor: sistemas ready
[2026-09-03 16:58:15 -03:00] Monitor: sistemas ready
[2026-09-03 16:58:23 -03:00] Monitor: sistemas ready
[2026-09-03 16:58:30 -03:00] Monitor: sistemas ready
[2026-09-03 16:58:38 -03:00] Monitor: sistemas ready
[2026-09-03 16:58:45 -03:00] Monitor: sistemas ready
[2026-09-03 16:58:53 -03:00] Monitor: sistemas ready
[2026-09-03 16:59:00 -03:00] Monitor: sistemas ready
[2026-09-03 16:59:08 -03:00] Monitor: sistemas ready
[2026-09-03 16:59:16 -03:00] Monitor: sistemas ready
[2026-09-03 16:59:23 -03:00] Monitor: sistemas ready
[2026-09-03 16:59:28 -03:00] Monitor: An error occurred while sending the request.
[2026-09-03 16:59:28 -03:00] Monitor: aguardando servicos... retry em 0,6s
[2026-09-03 16:59:31 -03:00] Monitor: sistemas ready
[2026-09-03 16:59:39 -03:00] Monitor: sistemas ready
[2026-09-03 16:59:47 -03:00] Monitor: sistemas ready
[2026-09-03 16:59:54 -03:00] Monitor: sistemas ready
[2026-09-03 17:00:02 -03:00] Monitor: sistemas ready
[2026-09-03 17:00:09 -03:00] Monitor: sistemas ready
[2026-09-03 17:00:17 -03:00] Monitor: sistemas ready
[2026-09-03 17:00:24 -03:00] Monitor: sistemas ready
[2026-09-03 17:00:29 -03:00] Monitor: An error occurred while sending the request.
[2026-09-03 17:00:29 -03:00] Monitor: aguardando servicos... retry em 1,2s
[2026-09-03 17:00:33 -03:00] Monitor: sistemas ready
[2026-09-03 17:00:41 -03:00] Monitor: sistemas ready
[2026-09-03 17:00:49 -03:00] Monitor: sistemas ready
[2026-09-03 17:00:54 -03:00] Monitor: An error occurred while sending the request.
[2026-09-03 17:00:54 -03:00] Monitor: aguardando servicos... retry em 3,7s
[2026-09-03 17:01:00 -03:00] Monitor: sistemas ready
[2026-09-03 17:01:07 -03:00] Monitor: sistemas ready
[2026-09-03 17:01:15 -03:00] Monitor: sistemas ready
[2026-09-03 17:01:22 -03:00] Monitor: sistemas ready
[2026-09-03 17:01:30 -03:00] Monitor: sistemas ready
[2026-09-03 17:01:37 -03:00] Monitor: sistemas ready
[2026-09-03 17:01:45 -03:00] Monitor: sistemas ready
[2026-09-03 17:01:52 -03:00] Monitor: sistemas ready
[2026-09-03 17:02:00 -03:00] Monitor: sistemas ready
[2026-09-03 17:02:07 -03:00] Monitor: sistemas ready
[2026-09-03 17:02:15 -03:00] Monitor: sistemas ready
[2026-09-03 17:02:22 -03:00] Monitor: sistemas ready
[2026-09-03 17:02:30 -03:00] Monitor: sistemas ready
[2026-09-03 17:02:37 -03:00] Monitor: sistemas ready
[2026-09-03 17:02:45 -03:00] Monitor: sistemas ready
[2026-09-03 17:02:52 -03:00] Monitor: sistemas ready
[2026-09-03 17:03:00 -03:00] Monitor: sistemas ready
[2026-09-03 17:03:07 -03:00] Monitor: sistemas ready
[2026-09-03 17:03:15 -03:00] Monitor: sistemas ready
[2026-09-03 17:03:22 -03:00] Monitor: sistemas ready
[2026-09-03 17:03:30 -03:00] Monitor: sistemas ready
[2026-09-03 17:03:37 -03:00] Monitor: sistemas ready
[2026-09-03 17:03:45 -03:00] Monitor: sistemas ready
[2026-09-03 17:03:52 -03:00] Monitor: sistemas ready
[2026-09-03 17:04:00 -03:00] Monitor: sistemas ready
[2026-09-03 17:04:08 -03:00] Monitor: sistemas ready
[2026-09-03 17:04:15 -03:00] Monitor: sistemas ready
[2026-09-03 17:04:23 -03:00] Monitor: sistemas ready
[2026-09-03 17:04:30 -03:00] Monitor: sistemas ready
[2026-09-03 17:04:35 -03:00] Monitor: An error occurred while sending the request.
[2026-09-03 17:04:35 -03:00] Monitor: aguardando servicos... retry em 0,5s
[2026-09-03 17:04:38 -03:00] Monitor: sistemas ready
[2026-09-03 17:04:46 -03:00] Monitor: sistemas ready
[2026-09-03 17:04:53 -03:00] Monitor: sistemas ready
[2026-09-03 17:05:01 -03:00] Monitor: sistemas ready
[2026-09-03 17:05:08 -03:00] Monitor: sistemas ready
[2026-09-03 17:05:16 -03:00] Monitor: sistemas ready
[2026-09-03 17:05:24 -03:00] Monitor: sistemas ready
[2026-09-03 17:05:31 -03:00] Monitor: sistemas ready
[2026-09-03 17:05:39 -03:00] Monitor: sistemas ready
[2026-09-03 17:05:46 -03:00] Monitor: sistemas ready
[2026-09-03 17:05:54 -03:00] Monitor: sistemas ready
[2026-09-03 17:06:01 -03:00] Monitor: sistemas ready
[2026-09-03 17:06:09 -03:00] Monitor: sistemas ready
[2026-09-03 17:06:16 -03:00] Monitor: sistemas ready
[2026-09-03 17:06:24 -03:00] Monitor: sistemas ready
[2026-09-03 17:06:32 -03:00] Monitor: sistemas ready
[2026-09-03 17:06:39 -03:00] Monitor: sistemas ready
[2026-09-03 17:06:46 -03:00] Monitor: sistemas ready
[2026-09-03 17:06:54 -03:00] Monitor: sistemas ready
[2026-09-03 17:07:01 -03:00] Monitor: sistemas ready
[2026-09-03 17:07:09 -03:00] Monitor: sistemas ready
[2026-09-03 17:07:16 -03:00] Monitor: sistemas ready
[2026-09-03 17:07:24 -03:00] Monitor: sistemas ready
[2026-09-03 17:07:31 -03:00] Monitor: sistemas ready
[2026-09-03 17:07:39 -03:00] Monitor: sistemas ready
[2026-09-03 17:07:47 -03:00] Monitor: sistemas ready
[2026-09-03 17:07:54 -03:00] Monitor: sistemas ready
[2026-09-03 17:08:02 -03:00] Monitor: sistemas ready
[2026-09-03 17:08:09 -03:00] Monitor: sistemas ready
[2026-09-03 17:08:17 -03:00] Monitor: sistemas ready
[2026-09-03 17:08:24 -03:00] Monitor: sistemas ready
[2026-09-03 17:08:29 -03:00] Monitor: An error occurred while sending the request.
[2026-09-03 17:08:29 -03:00] Monitor: aguardando servicos... retry em 0,5s
[2026-09-03 17:08:32 -03:00] Monitor: sistemas ready
[2026-09-03 17:08:40 -03:00] Monitor: sistemas ready
[2026-09-03 17:08:48 -03:00] Monitor: sistemas ready
[2026-09-03 17:08:55 -03:00] Monitor: sistemas ready
[2026-09-03 17:09:03 -03:00] Monitor: sistemas ready
[2026-09-03 17:09:11 -03:00] Monitor: sistemas ready
[2026-09-03 17:09:18 -03:00] Monitor: sistemas ready
[2026-09-03 17:09:26 -03:00] Monitor: sistemas ready
[2026-09-03 17:09:31 -03:00] Monitor: An error occurred while sending the request.
[2026-09-03 17:09:31 -03:00] Monitor: aguardando servicos... retry em 1,6s
[2026-09-03 17:09:35 -03:00] Monitor: sistemas ready
[2026-09-03 17:09:43 -03:00] Monitor: sistemas ready
[2026-09-03 17:09:50 -03:00] Monitor: sistemas ready
[2026-09-03 17:09:58 -03:00] Monitor: sistemas ready
[2026-09-03 17:10:05 -03:00] Monitor: sistemas ready
[2026-09-03 17:10:13 -03:00] Monitor: sistemas ready
[2026-09-03 17:10:20 -03:00] Monitor: sistemas ready
[2026-09-03 17:10:28 -03:00] Monitor: sistemas ready
[2026-09-03 17:10:36 -03:00] Monitor: sistemas ready
[2026-09-03 17:10:43 -03:00] Monitor: sistemas ready
[2026-09-03 17:10:51 -03:00] Monitor: sistemas ready
[2026-09-03 17:10:58 -03:00] Monitor: sistemas ready
[2026-09-03 17:11:06 -03:00] Monitor: sistemas ready
[2026-09-03 17:11:14 -03:00] Monitor: sistemas ready
[2026-09-03 17:11:21 -03:00] Monitor: sistemas ready
[2026-09-03 17:11:29 -03:00] Monitor: sistemas ready
[2026-09-03 17:11:36 -03:00] Monitor: sistemas ready
[2026-09-03 17:11:44 -03:00] Monitor: sistemas ready
[2026-09-03 17:11:52 -03:00] Monitor: sistemas ready
[2026-09-03 17:12:00 -03:00] Monitor: sistemas ready
[2026-09-03 17:12:08 -03:00] Monitor: sistemas ready
[2026-09-03 17:12:15 -03:00] Monitor: sistemas ready
[2026-09-03 17:12:23 -03:00] Monitor: sistemas ready
[2026-09-03 17:12:31 -03:00] Monitor: sistemas ready
[2026-09-03 17:12:39 -03:00] Monitor: sistemas ready
[2026-09-03 17:12:44 -03:00] Monitor: An error occurred while sending the request.
[2026-09-03 17:12:44 -03:00] Monitor: aguardando servicos... retry em 0,8s
[2026-09-03 17:12:47 -03:00] Monitor: sistemas ready
[2026-09-03 17:12:54 -03:00] Monitor: sistemas ready
[2026-09-03 17:13:02 -03:00] Monitor: sistemas ready
[2026-09-03 17:13:10 -03:00] Monitor: sistemas ready
[2026-09-03 17:13:15 -03:00] Monitor: An error occurred while sending the request.
[2026-09-03 17:13:15 -03:00] Monitor: aguardando servicos... retry em 1,5s
[2026-09-03 17:13:19 -03:00] Monitor: sistemas ready
[2026-09-03 17:13:26 -03:00] Monitor: sistemas ready
[2026-09-03 17:13:31 -03:00] Monitor: An error occurred while sending the request.
[2026-09-03 17:13:31 -03:00] Monitor: aguardando servicos... retry em 3,5s
[2026-09-03 17:13:38 -03:00] Monitor: sistemas ready
[2026-09-03 17:13:46 -03:00] Monitor: sistemas ready
[2026-09-03 17:13:53 -03:00] Monitor: sistemas ready
[2026-09-03 17:14:01 -03:00] Monitor: sistemas ready
[2026-09-03 17:14:08 -03:00] Monitor: sistemas ready
[2026-09-03 17:14:16 -03:00] Monitor: sistemas ready
[2026-09-03 17:14:23 -03:00] Monitor: sistemas ready
[2026-09-03 17:14:31 -03:00] Monitor: sistemas ready
[2026-09-03 17:14:38 -03:00] Monitor: sistemas ready
[2026-09-03 17:14:46 -03:00] Monitor: sistemas ready
[2026-09-03 17:14:53 -03:00] Monitor: sistemas ready
[2026-09-03 17:15:01 -03:00] Monitor: sistemas ready
[2026-09-03 17:15:09 -03:00] Monitor: sistemas ready
[2026-09-03 17:15:17 -03:00] Monitor: sistemas ready
[2026-09-03 17:15:24 -03:00] Monitor: sistemas ready
[2026-09-03 17:15:29 -03:00] Monitor: An error occurred while sending the request.
[2026-09-03 17:15:29 -03:00] Monitor: aguardando servicos... retry em 0,8s
[2026-09-03 17:15:32 -03:00] Monitor: sistemas ready
[2026-09-03 17:15:41 -03:00] Monitor: sistemas ready
[2026-09-03 17:15:48 -03:00] Monitor: sistemas ready
[2026-09-03 17:15:56 -03:00] Monitor: sistemas ready
[2026-09-03 17:16:04 -03:00] Monitor: sistemas ready
[2026-09-03 17:16:11 -03:00] Monitor: sistemas ready
[2026-09-03 17:16:19 -03:00] Monitor: sistemas ready
[2026-09-03 17:16:26 -03:00] Monitor: sistemas ready
[2026-09-03 17:16:34 -03:00] Monitor: sistemas ready
[2026-09-03 17:16:41 -03:00] Monitor: sistemas ready
[2026-09-03 17:16:49 -03:00] Monitor: sistemas ready
[2026-09-03 17:17:35 -03:00] Monitor: aguardando servicos... retry em 0,6s
[2026-09-03 17:17:58 -03:00] Monitor: aguardando servicos... retry em 1,6s
[2026-09-03 17:18:08 -03:00] Monitor: aguardando servicos... retry em 3,3s
[2026-09-03 17:18:20 -03:00] Monitor: aguardando servicos... retry em 4,5s
[2026-09-03 17:18:33 -03:00] Monitor: sistemas ready
[2026-09-03 17:18:43 -03:00] Monitor: sistemas ready
[2026-09-04 19:05:01 -03:00] Bridge: já estava saudável em http://127.0.0.1:8080/health; nenhuma segunda instância foi iniciada.
[2026-09-04 19:05:01 -03:00] Engine: já estava saudável em http://127.0.0.1:8765/api/health; nenhuma segunda instância foi iniciada.
[2026-09-04 19:05:01 -03:00] Voice: já estava saudável em http://127.0.0.1:8099/api/voice/health; nenhuma segunda instância foi iniciada.
[2026-09-04 19:05:06 -03:00] Monitor: sistemas ready
[2026-09-04 19:05:13 -03:00] Monitor: sistemas ready
[2026-09-04 19:05:21 -03:00] Monitor: sistemas ready
[2026-09-04 19:05:29 -03:00] Monitor: sistemas ready
[2026-09-04 19:05:36 -03:00] Monitor: sistemas ready
[2026-09-04 19:05:44 -03:00] Monitor: sistemas ready
[2026-09-04 19:05:51 -03:00] Monitor: sistemas ready
[2026-09-04 19:05:59 -03:00] Monitor: sistemas ready
[2026-09-04 19:06:06 -03:00] Monitor: sistemas ready
[2026-09-04 19:06:14 -03:00] Monitor: sistemas ready
[2026-09-04 19:06:21 -03:00] Monitor: sistemas ready
[2026-09-04 19:06:26 -03:00] Monitor: An error occurred while sending the request.
[2026-09-04 19:06:26 -03:00] Monitor: aguardando servicos... retry em 0,8s
[2026-09-04 19:06:29 -03:00] Monitor: sistemas ready
[2026-09-04 19:06:37 -03:00] Monitor: sistemas ready
[2026-09-04 19:06:45 -03:00] Monitor: sistemas ready
[2026-09-04 19:06:52 -03:00] Monitor: sistemas ready
[2026-09-04 19:07:00 -03:00] Monitor: sistemas ready
[2026-09-04 19:07:07 -03:00] Monitor: sistemas ready
[2026-09-04 19:07:15 -03:00] Monitor: sistemas ready
[2026-09-04 19:07:22 -03:00] Monitor: sistemas ready
[2026-09-04 19:07:30 -03:00] Monitor: sistemas ready
[2026-09-04 19:07:37 -03:00] Monitor: sistemas ready
[2026-09-04 19:07:45 -03:00] Monitor: sistemas ready
[2026-09-04 19:07:52 -03:00] Monitor: sistemas ready
[2026-09-04 19:08:00 -03:00] Monitor: sistemas ready
[2026-09-04 19:08:07 -03:00] Monitor: sistemas ready
[2026-09-04 19:08:14 -03:00] Monitor: sistemas ready
[2026-09-04 19:08:19 -03:00] Monitor: An error occurred while sending the request.
[2026-09-04 19:08:19 -03:00] Monitor: aguardando servicos... retry em 0,7s
[2026-09-04 19:08:34 -03:00] Bridge: já estava saudável em http://127.0.0.1:8080/health; nenhuma segunda instância foi iniciada.
[2026-09-04 19:08:34 -03:00] Engine: já estava saudável em http://127.0.0.1:8765/api/health; nenhuma segunda instância foi iniciada.
[2026-09-04 19:08:34 -03:00] Voice: já estava saudável em http://127.0.0.1:8099/api/voice/health; nenhuma segunda instância foi iniciada.
[2026-09-04 19:08:37 -03:00] Monitor: sistemas ready
[2026-09-04 19:08:42 -03:00] Monitor: An error occurred while sending the request.
[2026-09-04 19:08:42 -03:00] Monitor: aguardando servicos... retry em 0,6s
[2026-09-04 19:08:46 -03:00] Monitor: sistemas ready
[2026-09-04 19:08:53 -03:00] Monitor: sistemas ready
[2026-09-04 19:09:00 -03:00] Monitor: sistemas ready
[2026-09-04 19:09:08 -03:00] Monitor: sistemas ready
[2026-09-04 19:09:15 -03:00] Monitor: sistemas ready
[2026-09-04 19:09:23 -03:00] Monitor: sistemas ready
[2026-09-04 19:09:30 -03:00] Monitor: sistemas ready
[2026-09-04 19:09:38 -03:00] Monitor: sistemas ready
[2026-09-04 19:09:45 -03:00] Monitor: sistemas ready
[2026-09-04 19:09:53 -03:00] Monitor: sistemas ready
[2026-09-04 19:10:00 -03:00] Monitor: sistemas ready
[2026-09-04 19:10:08 -03:00] Monitor: sistemas ready
[2026-09-04 19:10:15 -03:00] Monitor: sistemas ready
[2026-09-04 19:10:23 -03:00] Monitor: sistemas ready
[2026-09-04 19:10:30 -03:00] Monitor: sistemas ready
[2026-09-04 19:10:38 -03:00] Monitor: sistemas ready
[2026-09-04 19:10:45 -03:00] Monitor: sistemas ready
[2026-09-04 19:10:53 -03:00] Monitor: sistemas ready
[2026-09-04 19:11:00 -03:00] Monitor: sistemas ready
[2026-09-04 19:11:08 -03:00] Monitor: sistemas ready
[2026-09-04 19:11:15 -03:00] Monitor: sistemas ready
[2026-09-04 19:11:23 -03:00] Monitor: sistemas ready
[2026-09-04 19:11:30 -03:00] Monitor: sistemas ready
[2026-09-04 19:11:35 -03:00] Monitor: An error occurred while sending the request.
[2026-09-04 19:11:35 -03:00] Monitor: aguardando servicos... retry em 0,6s
[2026-09-04 19:11:38 -03:00] Monitor: sistemas ready
[2026-09-04 19:11:46 -03:00] Monitor: sistemas ready
[2026-09-04 19:11:53 -03:00] Monitor: sistemas ready
[2026-09-04 19:12:00 -03:00] Monitor: sistemas ready
[2026-09-04 19:12:08 -03:00] Monitor: sistemas ready
[2026-09-04 19:12:15 -03:00] Monitor: sistemas ready
[2026-09-04 19:12:23 -03:00] Monitor: sistemas ready
[2026-09-04 19:12:30 -03:00] Monitor: sistemas ready
[2026-09-04 19:12:38 -03:00] Monitor: sistemas ready
[2026-09-04 19:12:45 -03:00] Monitor: sistemas ready
[2026-09-04 19:12:53 -03:00] Monitor: sistemas ready
[2026-09-04 19:13:00 -03:00] Monitor: sistemas ready
[2026-09-04 19:13:08 -03:00] Monitor: sistemas ready
[2026-09-04 19:13:15 -03:00] Monitor: sistemas ready
[2026-09-04 19:13:23 -03:00] Monitor: sistemas ready
[2026-09-04 19:13:30 -03:00] Monitor: sistemas ready
[2026-09-04 19:13:38 -03:00] Monitor: sistemas ready
[2026-09-04 19:13:45 -03:00] Monitor: sistemas ready
[2026-09-04 19:13:53 -03:00] Monitor: sistemas ready
[2026-09-04 19:14:00 -03:00] Monitor: sistemas ready
[2026-09-04 19:14:08 -03:00] Monitor: sistemas ready
[2026-09-04 19:14:15 -03:00] Monitor: sistemas ready
[2026-09-04 19:14:22 -03:00] Monitor: sistemas ready
[2026-09-04 19:14:30 -03:00] Monitor: sistemas ready
[2026-09-04 19:14:37 -03:00] Monitor: sistemas ready
[2026-09-04 19:14:45 -03:00] Monitor: sistemas ready
[2026-09-04 19:14:53 -03:00] Monitor: sistemas ready
[2026-09-04 19:15:01 -03:00] Monitor: sistemas ready
[2026-09-04 19:15:08 -03:00] Monitor: sistemas ready
[2026-09-04 19:15:16 -03:00] Monitor: sistemas ready
[2026-09-04 19:15:23 -03:00] Monitor: sistemas ready
[2026-09-04 19:15:31 -03:00] Monitor: sistemas ready
[2026-09-04 19:15:38 -03:00] Monitor: sistemas ready
[2026-09-04 19:15:46 -03:00] Monitor: sistemas ready
[2026-09-04 19:15:53 -03:00] Monitor: sistemas ready
[2026-09-04 19:16:00 -03:00] Monitor: sistemas ready
[2026-09-04 19:16:05 -03:00] Monitor: An error occurred while sending the request.
[2026-09-04 19:16:05 -03:00] Monitor: aguardando servicos... retry em 0,9s
[2026-09-04 19:16:09 -03:00] Monitor: sistemas ready
[2026-09-04 19:16:16 -03:00] Monitor: sistemas ready
[2026-09-04 19:16:24 -03:00] Monitor: sistemas ready
[2026-09-04 19:16:31 -03:00] Monitor: sistemas ready
[2026-09-04 19:16:39 -03:00] Monitor: sistemas ready
[2026-09-04 19:16:46 -03:00] Monitor: sistemas ready
[2026-09-04 19:16:54 -03:00] Monitor: sistemas ready
[2026-09-04 19:17:01 -03:00] Monitor: sistemas ready
[2026-09-04 19:17:09 -03:00] Monitor: sistemas ready
[2026-09-04 19:17:16 -03:00] Monitor: sistemas ready
[2026-09-04 19:17:24 -03:00] Monitor: sistemas ready
[2026-09-04 19:17:31 -03:00] Monitor: sistemas ready
[2026-09-04 19:17:38 -03:00] Monitor: sistemas ready
[2026-09-04 19:17:46 -03:00] Monitor: sistemas ready
[2026-09-04 19:17:53 -03:00] Monitor: sistemas ready
[2026-09-04 19:18:01 -03:00] Monitor: sistemas ready
[2026-09-04 19:18:08 -03:00] Monitor: sistemas ready
[2026-09-04 19:18:16 -03:00] Monitor: sistemas ready
[2026-09-04 19:18:23 -03:00] Monitor: sistemas ready
[2026-09-04 19:18:31 -03:00] Monitor: sistemas ready
[2026-09-04 19:18:38 -03:00] Monitor: sistemas ready
[2026-09-04 19:18:46 -03:00] Monitor: sistemas ready
[2026-09-04 19:18:53 -03:00] Monitor: sistemas ready
[2026-09-04 19:19:00 -03:00] Monitor: sistemas ready
[2026-09-04 19:19:08 -03:00] Monitor: sistemas ready
[2026-09-04 19:19:15 -03:00] Monitor: sistemas ready
[2026-09-04 19:19:23 -03:00] Monitor: sistemas ready
[2026-09-04 19:19:30 -03:00] Monitor: sistemas ready
[2026-09-04 19:19:38 -03:00] Monitor: sistemas ready
[2026-09-04 19:19:45 -03:00] Monitor: sistemas ready
[2026-09-04 19:19:53 -03:00] Monitor: sistemas ready
[2026-09-04 19:20:00 -03:00] Monitor: sistemas ready
[2026-09-04 19:20:08 -03:00] Monitor: sistemas ready
[2026-09-04 19:20:15 -03:00] Monitor: sistemas ready
[2026-09-04 19:20:23 -03:00] Monitor: sistemas ready
[2026-09-04 19:20:30 -03:00] Monitor: sistemas ready
[2026-09-04 19:20:38 -03:00] Monitor: sistemas ready
[2026-09-04 19:20:45 -03:00] Monitor: sistemas ready
[2026-09-04 19:20:53 -03:00] Monitor: sistemas ready
[2026-09-04 19:21:00 -03:00] Monitor: sistemas ready
[2026-09-04 19:21:08 -03:00] Monitor: sistemas ready
[2026-09-04 19:21:15 -03:00] Monitor: sistemas ready
[2026-09-04 19:21:23 -03:00] Monitor: sistemas ready
[2026-09-04 19:21:30 -03:00] Monitor: sistemas ready
[2026-09-04 19:21:38 -03:00] Monitor: sistemas ready
[2026-09-04 19:21:45 -03:00] Monitor: sistemas ready
[2026-09-04 19:21:53 -03:00] Monitor: sistemas ready
[2026-09-04 19:22:01 -03:00] Monitor: sistemas ready
[2026-09-04 19:22:08 -03:00] Monitor: sistemas ready
[2026-09-04 19:22:15 -03:00] Monitor: sistemas ready
[2026-09-04 19:22:23 -03:00] Monitor: sistemas ready
[2026-09-04 19:22:30 -03:00] Monitor: sistemas ready
[2026-09-04 19:22:38 -03:00] Monitor: sistemas ready
[2026-09-04 19:22:45 -03:00] Monitor: sistemas ready
[2026-09-04 19:22:50 -03:00] Monitor: An error occurred while sending the request.
[2026-09-04 19:22:50 -03:00] Monitor: aguardando servicos... retry em 0,9s
[2026-09-04 19:22:54 -03:00] Monitor: sistemas ready
[2026-09-04 19:23:01 -03:00] Monitor: sistemas ready
[2026-09-04 19:23:09 -03:00] Monitor: sistemas ready
[2026-09-04 19:23:16 -03:00] Monitor: sistemas ready
[2026-09-04 19:23:24 -03:00] Monitor: sistemas ready
[2026-09-04 19:23:31 -03:00] Monitor: sistemas ready
[2026-09-04 19:23:39 -03:00] Monitor: sistemas ready
[2026-09-04 19:23:46 -03:00] Monitor: sistemas ready
[2026-09-04 19:23:53 -03:00] Monitor: sistemas ready
[2026-09-04 19:24:01 -03:00] Monitor: sistemas ready
[2026-09-04 19:24:09 -03:00] Monitor: sistemas ready
[2026-09-04 19:24:16 -03:00] Monitor: sistemas ready
[2026-09-04 19:24:21 -03:00] Monitor: An error occurred while sending the request.
[2026-09-04 19:24:21 -03:00] Monitor: aguardando servicos... retry em 0,7s
[2026-09-04 19:24:24 -03:00] Monitor: sistemas ready
[2026-09-04 19:24:32 -03:00] Monitor: sistemas ready
[2026-09-04 19:24:39 -03:00] Monitor: sistemas ready
[2026-09-04 19:24:47 -03:00] Monitor: sistemas ready
[2026-09-04 19:24:55 -03:00] Monitor: sistemas ready
[2026-09-04 19:25:02 -03:00] Monitor: sistemas ready
[2026-09-04 19:25:07 -03:00] Monitor: An error occurred while sending the request.
[2026-09-04 19:25:07 -03:00] Monitor: aguardando servicos... retry em 1,8s
[2026-09-04 19:25:11 -03:00] Monitor: sistemas ready
[2026-09-04 19:25:19 -03:00] Monitor: sistemas ready
[2026-09-04 19:25:27 -03:00] Monitor: sistemas ready
[2026-09-04 19:25:34 -03:00] Monitor: sistemas ready
[2026-09-04 19:25:42 -03:00] Monitor: sistemas ready
[2026-09-04 19:25:49 -03:00] Monitor: sistemas ready
[2026-09-04 19:25:57 -03:00] Monitor: sistemas ready
[2026-09-04 19:26:04 -03:00] Monitor: sistemas ready
[2026-09-04 19:26:12 -03:00] Monitor: sistemas ready
[2026-09-04 19:26:20 -03:00] Monitor: sistemas ready
[2026-09-04 19:26:25 -03:00] Monitor: An error occurred while sending the request.
[2026-09-04 19:26:25 -03:00] Monitor: aguardando servicos... retry em 0,7s
[2026-09-04 19:26:28 -03:00] Monitor: sistemas ready
[2026-09-04 19:26:36 -03:00] Monitor: sistemas ready
[2026-09-04 19:26:43 -03:00] Monitor: sistemas ready
[2026-09-04 19:26:51 -03:00] Monitor: sistemas ready
[2026-09-04 19:26:58 -03:00] Monitor: sistemas ready
[2026-09-04 19:27:06 -03:00] Monitor: sistemas ready
[2026-09-04 19:27:11 -03:00] Monitor: An error occurred while sending the request.
[2026-09-04 19:27:11 -03:00] Monitor: aguardando servicos... retry em 1,1s
[2026-09-04 19:30:35 -03:00] Bridge: já estava saudável em http://127.0.0.1:8080/health; nenhuma segunda instância foi iniciada.
[2026-09-04 19:30:35 -03:00] Engine: já estava saudável em http://127.0.0.1:8765/api/health; nenhuma segunda instância foi iniciada.
[2026-09-04 19:30:35 -03:00] Voice: já estava saudável em http://127.0.0.1:8099/api/voice/health; nenhuma segunda instância foi iniciada.
[2026-09-04 19:30:38 -03:00] Monitor: sistemas ready
[2026-09-04 19:30:51 -03:00] Monitor: sistemas ready
[2026-09-04 19:30:56 -03:00] Monitor: An error occurred while sending the request.
[2026-09-04 19:30:56 -03:00] Monitor: aguardando servicos... retry em 0,9s
[2026-09-04 19:31:00 -03:00] Monitor: sistemas ready
[2026-09-04 19:31:05 -03:00] Monitor: An error occurred while sending the request.
[2026-09-04 19:31:05 -03:00] Monitor: aguardando servicos... retry em 1,9s
[2026-09-04 19:31:10 -03:00] Monitor: sistemas ready
[2026-09-04 19:31:19 -03:00] Monitor: sistemas ready
[2026-09-04 19:31:27 -03:00] Monitor: sistemas ready
[2026-09-04 19:31:36 -03:00] Monitor: sistemas ready
[2026-09-04 19:31:46 -03:00] Monitor: sistemas ready
[2026-09-04 19:31:54 -03:00] Monitor: sistemas ready
[2026-09-04 19:32:03 -03:00] Monitor: sistemas ready
[2026-09-04 19:32:12 -03:00] Monitor: sistemas ready
[2026-09-04 19:32:20 -03:00] Monitor: sistemas ready
[2026-09-04 19:32:29 -03:00] Monitor: sistemas ready
[2026-09-04 19:32:40 -03:00] Monitor: sistemas ready
[2026-09-04 19:32:48 -03:00] Monitor: sistemas ready
[2026-09-04 19:32:55 -03:00] Monitor: sistemas ready
[2026-09-04 19:33:04 -03:00] Monitor: sistemas ready
[2026-09-04 19:33:12 -03:00] Monitor: sistemas ready
[2026-09-04 19:33:20 -03:00] Monitor: sistemas ready
[2026-09-04 19:33:28 -03:00] Monitor: sistemas ready
[2026-09-04 19:33:33 -03:00] Monitor: An error occurred while sending the request.
[2026-09-04 19:33:33 -03:00] Monitor: aguardando servicos... retry em 0,8s
[2026-09-04 19:33:37 -03:00] Monitor: sistemas ready
[2026-09-04 19:33:45 -03:00] Monitor: sistemas ready
[2026-09-04 19:33:53 -03:00] Monitor: sistemas ready
[2026-09-04 19:34:00 -03:00] Monitor: sistemas ready
[2026-09-04 19:34:05 -03:00] Monitor: An error occurred while sending the request.
[2026-09-04 19:34:05 -03:00] Monitor: aguardando servicos... retry em 1,2s
[2026-09-04 19:34:09 -03:00] Monitor: sistemas ready
[2026-09-04 19:34:17 -03:00] Monitor: sistemas ready
[2026-09-04 19:34:24 -03:00] Monitor: sistemas ready
[2026-09-04 19:34:32 -03:00] Monitor: sistemas ready
[2026-09-04 19:34:39 -03:00] Monitor: sistemas ready
[2026-09-04 19:34:47 -03:00] Monitor: sistemas ready
[2026-09-04 19:34:54 -03:00] Monitor: sistemas ready
[2026-09-04 19:35:02 -03:00] Monitor: sistemas ready
[2026-09-04 19:35:09 -03:00] Monitor: sistemas ready
[2026-09-04 19:35:17 -03:00] Monitor: sistemas ready
[2026-09-04 19:35:24 -03:00] Monitor: sistemas ready
[2026-09-04 19:35:32 -03:00] Monitor: sistemas ready
[2026-09-04 19:35:41 -03:00] Monitor: sistemas ready
[2026-09-04 19:35:49 -03:00] Monitor: sistemas ready
[2026-09-04 19:35:57 -03:00] Monitor: sistemas ready
[2026-09-04 19:36:02 -03:00] Monitor: An error occurred while sending the request.
[2026-09-04 19:36:02 -03:00] Monitor: aguardando servicos... retry em 0,5s
[2026-09-04 19:36:05 -03:00] Monitor: sistemas ready
[2026-09-04 19:36:14 -03:00] Monitor: sistemas ready
[2026-09-04 19:36:23 -03:00] Monitor: sistemas ready
[2026-09-04 19:36:31 -03:00] Monitor: sistemas ready
[2026-09-04 19:36:40 -03:00] Monitor: sistemas ready
[2026-09-04 19:36:48 -03:00] Monitor: sistemas ready
[2026-09-04 19:36:56 -03:00] Monitor: sistemas ready
[2026-09-04 19:37:04 -03:00] Monitor: sistemas ready
[2026-09-04 19:37:09 -03:00] Monitor: An error occurred while sending the request.
[2026-09-04 19:37:09 -03:00] Monitor: aguardando servicos... retry em 0,8s
[2026-09-04 19:37:13 -03:00] Monitor: sistemas ready
[2026-09-04 19:37:21 -03:00] Monitor: sistemas ready
[2026-09-04 19:37:29 -03:00] Monitor: sistemas ready
[2026-09-04 19:37:34 -03:00] Monitor: An error occurred while sending the request.
[2026-09-04 19:37:34 -03:00] Monitor: aguardando servicos... retry em 1,7s
[2026-09-04 19:37:39 -03:00] Monitor: sistemas ready
[2026-09-04 19:37:47 -03:00] Monitor: sistemas ready
[2026-09-04 19:37:55 -03:00] Monitor: sistemas ready
[2026-09-04 19:38:03 -03:00] Monitor: sistemas ready
[2026-09-04 19:38:10 -03:00] Monitor: sistemas ready
[2026-09-04 19:38:18 -03:00] Monitor: sistemas ready
[2026-09-04 19:38:23 -03:00] Monitor: An error occurred while sending the request.
[2026-09-04 19:38:23 -03:00] Monitor: aguardando servicos... retry em 3,5s
[2026-09-04 19:38:29 -03:00] Monitor: sistemas ready
[2026-09-04 19:38:34 -03:00] Monitor: An error occurred while sending the request.
[2026-09-04 19:38:34 -03:00] Monitor: aguardando servicos... retry em 7,6s
[2026-09-04 19:38:45 -03:00] Monitor: sistemas ready
[2026-09-04 19:38:50 -03:00] Monitor: An error occurred while sending the request.
[2026-09-04 19:38:50 -03:00] Monitor: aguardando servicos... retry em 15,1s
[2026-09-04 19:39:08 -03:00] Monitor: sistemas ready
[2026-09-04 19:39:15 -03:00] Monitor: sistemas ready
[2026-09-04 19:39:23 -03:00] Monitor: sistemas ready
[2026-09-04 19:39:31 -03:00] Monitor: sistemas ready
[2026-09-04 19:39:38 -03:00] Monitor: sistemas ready
[2026-09-04 19:39:46 -03:00] Monitor: sistemas ready
[2026-09-04 19:39:54 -03:00] Monitor: sistemas ready
[2026-09-04 19:40:01 -03:00] Monitor: sistemas ready
[2026-09-04 19:40:09 -03:00] Monitor: sistemas ready
[2026-09-04 19:40:16 -03:00] Monitor: sistemas ready
[2026-09-04 19:40:24 -03:00] Monitor: sistemas ready
[2026-09-04 19:40:32 -03:00] Monitor: sistemas ready
[2026-09-04 19:40:37 -03:00] Monitor: An error occurred while sending the request.
[2026-09-04 19:40:37 -03:00] Monitor: aguardando servicos... retry em 0,9s
[2026-09-04 19:40:40 -03:00] Monitor: sistemas ready
[2026-09-04 19:40:48 -03:00] Monitor: sistemas ready
[2026-09-04 19:40:55 -03:00] Monitor: sistemas ready
[2026-09-04 19:41:03 -03:00] Monitor: sistemas ready
[2026-09-04 19:41:08 -03:00] Monitor: An error occurred while sending the request.
[2026-09-04 19:41:08 -03:00] Monitor: aguardando servicos... retry em 1,9s
[2026-09-04 19:41:12 -03:00] Monitor: sistemas ready
[2026-09-04 19:41:20 -03:00] Monitor: sistemas ready
[2026-09-04 19:41:27 -03:00] Monitor: sistemas ready
[2026-09-04 19:41:35 -03:00] Monitor: sistemas ready
[2026-09-04 19:41:43 -03:00] Monitor: sistemas ready
[2026-09-05 05:23:07 -03:00] Bridge: já estava saudável em http://127.0.0.1:8080/health; nenhuma segunda instância foi iniciada.
[2026-09-05 05:23:07 -03:00] Engine: já estava saudável em http://127.0.0.1:8765/api/health; nenhuma segunda instância foi iniciada.
[2026-09-05 05:23:08 -03:00] Voice: já estava saudável em http://127.0.0.1:8099/api/voice/health; nenhuma segunda instância foi iniciada.
[2026-09-05 05:23:11 -03:00] Monitor: sistemas ready
[2026-09-05 05:23:19 -03:00] Monitor: sistemas ready
[2026-09-05 05:23:27 -03:00] Monitor: sistemas ready
[2026-09-05 05:23:34 -03:00] Monitor: sistemas ready
[2026-09-05 05:23:42 -03:00] Monitor: sistemas ready
[2026-09-05 05:23:50 -03:00] Monitor: sistemas ready
[2026-09-05 05:23:57 -03:00] Monitor: sistemas ready
[2026-09-05 05:24:05 -03:00] Monitor: sistemas ready
[2026-09-05 05:24:10 -03:00] Monitor: An error occurred while sending the request.
[2026-09-05 05:24:10 -03:00] Monitor: aguardando servicos... retry em 0,8s
[2026-09-05 05:24:14 -03:00] Monitor: sistemas ready
[2026-09-05 05:24:21 -03:00] Monitor: sistemas ready
[2026-09-05 05:24:29 -03:00] Monitor: sistemas ready
[2026-09-05 06:59:11 -03:00] Bridge: já estava saudável em http://127.0.0.1:8080/health; nenhuma segunda instância foi iniciada.
[2026-09-05 06:59:11 -03:00] Engine: já estava saudável em http://127.0.0.1:8765/api/health; nenhuma segunda instância foi iniciada.
[2026-09-05 06:59:11 -03:00] Voice: já estava saudável em http://127.0.0.1:8099/api/voice/health; nenhuma segunda instância foi iniciada.
[2026-09-05 06:59:14 -03:00] Monitor: sistemas ready
[2026-09-05 06:59:22 -03:00] Monitor: sistemas ready
[2026-09-05 06:59:27 -03:00] Monitor: An error occurred while sending the request.
[2026-09-05 06:59:27 -03:00] Monitor: aguardando servicos... retry em 1,0s
[2026-09-05 06:59:31 -03:00] Monitor: sistemas ready
[2026-09-05 06:59:39 -03:00] Monitor: sistemas ready
[2026-09-05 06:59:47 -03:00] Monitor: sistemas ready
[2026-09-05 06:59:55 -03:00] Monitor: sistemas ready
[2026-09-05 07:00:02 -03:00] Monitor: sistemas ready
[2026-09-05 07:00:10 -03:00] Monitor: sistemas ready
[2026-09-05 07:00:18 -03:00] Monitor: sistemas ready
[2026-09-05 07:00:26 -03:00] Monitor: sistemas ready
[2026-09-05 07:00:33 -03:00] Monitor: sistemas ready
[2026-09-05 07:00:41 -03:00] Monitor: sistemas ready
[2026-09-05 07:00:48 -03:00] Monitor: sistemas ready
[2026-09-05 07:00:56 -03:00] Monitor: sistemas ready
[2026-09-05 07:01:04 -03:00] Monitor: sistemas ready
[2026-09-05 07:01:11 -03:00] Monitor: sistemas ready
[2026-09-05 07:01:19 -03:00] Monitor: sistemas ready
[2026-09-05 07:01:27 -03:00] Monitor: sistemas ready
[2026-09-05 07:01:35 -03:00] Monitor: sistemas ready
[2026-09-05 07:01:42 -03:00] Monitor: sistemas ready
[2026-09-05 07:01:50 -03:00] Monitor: sistemas ready
[2026-09-05 07:01:58 -03:00] Monitor: sistemas ready
[2026-09-05 07:02:06 -03:00] Monitor: sistemas ready
[2026-09-05 07:02:13 -03:00] Monitor: sistemas ready
[2026-09-05 07:02:21 -03:00] Monitor: sistemas ready
[2026-09-05 07:02:26 -03:00] Monitor: An error occurred while sending the request.
[2026-09-05 07:02:26 -03:00] Monitor: aguardando servicos... retry em 0,8s
[2026-09-05 07:02:30 -03:00] Monitor: sistemas ready
[2026-09-05 07:02:37 -03:00] Monitor: sistemas ready
[2026-09-05 07:02:45 -03:00] Monitor: sistemas ready
[2026-09-05 07:02:53 -03:00] Monitor: sistemas ready
[2026-09-05 07:03:00 -03:00] Monitor: sistemas ready
[2026-09-05 07:03:08 -03:00] Monitor: sistemas ready
[2026-09-05 07:03:17 -03:00] Monitor: sistemas ready
[2026-09-05 07:03:25 -03:00] Monitor: sistemas ready
[2026-09-05 07:03:33 -03:00] Monitor: sistemas ready
[2026-09-05 07:03:41 -03:00] Monitor: sistemas ready
[2026-09-05 07:03:49 -03:00] Monitor: sistemas ready
[2026-09-05 07:03:56 -03:00] Monitor: sistemas ready
[2026-09-05 07:04:04 -03:00] Monitor: sistemas ready
[2026-09-05 07:04:12 -03:00] Monitor: sistemas ready
[2026-09-05 07:04:20 -03:00] Monitor: sistemas ready
[2026-09-05 07:04:25 -03:00] Monitor: An error occurred while sending the request.
[2026-09-05 07:04:25 -03:00] Monitor: aguardando servicos... retry em 0,9s
[2026-09-05 07:04:28 -03:00] Monitor: sistemas ready
[2026-09-05 07:04:36 -03:00] Monitor: sistemas ready
[2026-09-05 07:04:44 -03:00] Monitor: sistemas ready
[2026-09-05 07:04:51 -03:00] Monitor: sistemas ready
[2026-09-05 07:04:59 -03:00] Monitor: sistemas ready
[2026-09-05 07:05:07 -03:00] Monitor: sistemas ready
[2026-09-05 07:05:12 -03:00] Monitor: An error occurred while sending the request.
[2026-09-05 07:05:12 -03:00] Monitor: aguardando servicos... retry em 1,1s
[2026-09-05 07:05:16 -03:00] Monitor: sistemas ready
[2026-09-05 07:05:23 -03:00] Monitor: sistemas ready
[2026-09-05 07:05:31 -03:00] Monitor: sistemas ready
[2026-09-05 07:05:39 -03:00] Monitor: sistemas ready
[2026-09-05 07:05:47 -03:00] Monitor: sistemas ready
[2026-09-05 07:05:54 -03:00] Monitor: sistemas ready
[2026-09-05 07:06:02 -03:00] Monitor: sistemas ready
[2026-09-05 07:06:10 -03:00] Monitor: sistemas ready
[2026-09-05 07:06:18 -03:00] Monitor: sistemas ready
[2026-09-05 07:06:25 -03:00] Monitor: sistemas ready
[2026-09-05 07:06:33 -03:00] Monitor: sistemas ready
[2026-09-05 07:06:41 -03:00] Monitor: sistemas ready
[2026-09-05 07:06:48 -03:00] Monitor: sistemas ready
[2026-09-05 07:06:56 -03:00] Monitor: sistemas ready
[2026-09-05 07:07:04 -03:00] Monitor: sistemas ready
[2026-09-05 07:07:12 -03:00] Monitor: sistemas ready
[2026-09-05 07:07:20 -03:00] Monitor: sistemas ready
[2026-09-05 07:07:27 -03:00] Monitor: sistemas ready
[2026-09-05 07:07:35 -03:00] Monitor: sistemas ready
[2026-09-05 07:07:43 -03:00] Monitor: sistemas ready
[2026-09-05 07:07:50 -03:00] Monitor: sistemas ready
[2026-09-05 07:07:58 -03:00] Monitor: sistemas ready
[2026-09-05 07:08:06 -03:00] Monitor: sistemas ready
[2026-09-05 07:08:14 -03:00] Monitor: sistemas ready
[2026-09-05 07:08:21 -03:00] Monitor: sistemas ready
[2026-09-05 07:08:29 -03:00] Monitor: sistemas ready
[2026-09-05 07:08:37 -03:00] Monitor: sistemas ready
[2026-09-05 07:08:42 -03:00] Monitor: An error occurred while sending the request.
[2026-09-05 07:08:42 -03:00] Monitor: aguardando servicos... retry em 0,8s
[2026-09-05 07:08:46 -03:00] Monitor: sistemas ready
[2026-09-05 07:08:53 -03:00] Monitor: sistemas ready
[2026-09-05 07:09:01 -03:00] Monitor: sistemas ready
[2026-09-05 07:09:09 -03:00] Monitor: sistemas ready
[2026-09-05 07:09:14 -03:00] Monitor: An error occurred while sending the request.
[2026-09-05 07:09:14 -03:00] Monitor: aguardando servicos... retry em 1,5s
[2026-09-05 07:09:18 -03:00] Monitor: sistemas ready
[2026-09-05 07:09:26 -03:00] Monitor: sistemas ready
[2026-09-05 07:09:34 -03:00] Monitor: sistemas ready
[2026-09-05 07:09:41 -03:00] Monitor: sistemas ready
[2026-09-05 07:09:49 -03:00] Monitor: sistemas ready
[2026-09-05 07:09:57 -03:00] Monitor: sistemas ready
[2026-09-05 07:10:05 -03:00] Monitor: sistemas ready
[2026-09-05 07:10:12 -03:00] Monitor: sistemas ready
[2026-09-05 07:10:20 -03:00] Monitor: sistemas ready
[2026-09-05 07:10:25 -03:00] Monitor: An error occurred while sending the request.
[2026-09-05 07:10:25 -03:00] Monitor: aguardando servicos... retry em 0,9s
[2026-09-05 07:10:29 -03:00] Monitor: sistemas ready
[2026-09-05 07:10:37 -03:00] Monitor: sistemas ready
[2026-09-05 07:10:44 -03:00] Monitor: sistemas ready
[2026-09-05 07:10:52 -03:00] Monitor: sistemas ready
[2026-09-05 07:11:00 -03:00] Monitor: sistemas ready
[2026-09-05 07:11:05 -03:00] Monitor: An error occurred while sending the request.
[2026-09-05 07:11:05 -03:00] Monitor: aguardando servicos... retry em 1,3s
[2026-09-05 07:11:09 -03:00] Monitor: sistemas ready
[2026-09-05 07:11:17 -03:00] Monitor: sistemas ready
[2026-09-05 07:11:24 -03:00] Monitor: sistemas ready
[2026-09-05 07:11:29 -03:00] Monitor: An error occurred while sending the request.
[2026-09-05 07:11:29 -03:00] Monitor: aguardando servicos... retry em 2,2s
[2026-09-05 07:11:34 -03:00] Monitor: sistemas ready
[2026-09-05 07:11:42 -03:00] Monitor: sistemas ready
[2026-09-05 07:11:50 -03:00] Monitor: sistemas ready
[2026-09-05 07:11:58 -03:00] Monitor: sistemas ready
[2026-09-05 07:12:06 -03:00] Monitor: sistemas ready
[2026-09-05 07:12:13 -03:00] Monitor: sistemas ready
[2026-09-05 07:12:21 -03:00] Monitor: sistemas ready
[2026-09-05 07:12:29 -03:00] Monitor: sistemas ready
[2026-09-05 07:12:37 -03:00] Monitor: sistemas ready
[2026-09-05 07:12:45 -03:00] Monitor: sistemas ready
[2026-09-05 07:12:53 -03:00] Monitor: sistemas ready
[2026-09-05 07:13:00 -03:00] Monitor: sistemas ready
[2026-09-05 07:13:08 -03:00] Monitor: sistemas ready
[2026-09-05 07:13:16 -03:00] Monitor: sistemas ready
[2026-09-05 07:13:23 -03:00] Monitor: sistemas ready
[2026-09-05 07:13:31 -03:00] Monitor: sistemas ready
[2026-09-05 07:13:39 -03:00] Monitor: sistemas ready
[2026-09-05 07:13:47 -03:00] Monitor: sistemas ready
[2026-09-05 07:13:54 -03:00] Monitor: sistemas ready
[2026-09-05 07:13:59 -03:00] Monitor: An error occurred while sending the request.
[2026-09-05 07:13:59 -03:00] Monitor: aguardando servicos... retry em 0,5s
[2026-09-05 07:14:03 -03:00] Monitor: sistemas ready
[2026-09-05 07:14:08 -03:00] Monitor: An error occurred while sending the request.
[2026-09-05 07:14:08 -03:00] Monitor: aguardando servicos... retry em 1,5s
[2026-09-05 07:14:12 -03:00] Monitor: sistemas ready
[2026-09-05 07:14:20 -03:00] Monitor: sistemas ready
[2026-09-05 07:14:27 -03:00] Monitor: sistemas ready
[2026-09-05 07:14:35 -03:00] Monitor: sistemas ready
[2026-09-05 07:14:43 -03:00] Monitor: sistemas ready
[2026-09-05 07:14:48 -03:00] Monitor: An error occurred while sending the request.
[2026-09-05 07:14:48 -03:00] Monitor: aguardando servicos... retry em 3,8s
[2026-09-05 07:14:54 -03:00] Monitor: sistemas ready
[2026-09-05 07:15:02 -03:00] Monitor: sistemas ready
[2026-09-05 07:15:10 -03:00] Monitor: sistemas ready
[2026-09-05 07:15:18 -03:00] Monitor: sistemas ready
[2026-09-05 07:15:25 -03:00] Monitor: sistemas ready
[2026-09-05 07:15:33 -03:00] Monitor: sistemas ready
