
==== 2026-09-04 19:29:20 ['C:\\aura\\engine\\venv\\Scripts\\python.exe', '-u', 'C:\\aura\\scripts\\aura_serve_matriz.py'] ====
MATRIZ_LISTEN http://127.0.0.1:8766/
PROXY /api/aura/* -> Engine http://127.0.0.1:8765
PROXY /api/chat -> Hermes http://127.0.0.1:8777
UI=C:\aura\desktop\ui\matriz_v22
[matriz8766] "GET /health HTTP/1.1" 200 -
[matriz8766] "GET /health HTTP/1.1" 200 -
[matriz8766] "GET /health HTTP/1.1" 200 -
[matriz8766] "GET /health HTTP/1.1" 200 -
[matriz8766] "GET /health HTTP/1.1" 200 -
[matriz8766] "GET /health HTTP/1.1" 200 -
[matriz8766] "GET /health HTTP/1.1" 200 -
[matriz8766] "GET /health HTTP/1.1" 200 -
[matriz8766] "GET /health HTTP/1.1" 200 -
[matriz8766] "GET /health HTTP/1.1" 200 -
[matriz8766] "GET /health HTTP/1.1" 200 -
[matriz8766] "GET / HTTP/1.1" 200 -
[matriz8766] "GET /assets/index-D39k0n9X.css HTTP/1.1" 200 -
[matriz8766] "GET /assets/aura-ui-fix.css HTTP/1.1" 200 -
[matriz8766] "GET /assets/aura-tools-rail.css HTTP/1.1" 200 -
[matriz8766] "GET /assets/aura-mic.js HTTP/1.1" 200 -
[matriz8766] "GET /assets/aura-api-fallback.js HTTP/1.1" 200 -
[matriz8766] "GET /assets/aura-tools-rail.js HTTP/1.1" 200 -
[matriz8766] "GET /assets/index-2OvrJXuc.js HTTP/1.1" 200 -
[matriz8766] "GET /manus-storage/aura-quant-x-mark_b5517fbd.png HTTP/1.1" 200 -
[matriz8766] "GET /manus-storage/aura-temporal-match-stage_6fe129c0.png HTTP/1.1" 200 -
[matriz8766] "GET /manus-storage/aura-decision-capsule_a20129eb.png HTTP/1.1" 200 -
[matriz8766] "GET /manus-storage/sporting-cp-crest_77b2b829.png HTTP/1.1" 200 -
[matriz8766] "GET /manus-storage/010_brazil_flamengo_053775a7.webp HTTP/1.1" 200 -
[matriz8766] "GET /manus-storage/sc-braga-crest_cff6ce03.png HTTP/1.1" 200 -
[matriz8766] "GET /manus-storage/015_brazil_palmeiras_39ff61df.webp HTTP/1.1" 200 -
[matriz8766] "GET /manus-storage/016_brazil_rb_bragantino_5da23c9e.webp HTTP/1.1" 200 -
[matriz8766] "GET /manus-storage/158_england_arsenal_153f4b2e.webp HTTP/1.1" 200 -
[matriz8766] "GET /manus-storage/162_england_liverpool_78dcadc9.webp HTTP/1.1" 200 -
[matriz8766] "GET /manus-storage/163_england_manchester_city_03b9dc72.webp HTTP/1.1" 200 -
[matriz8766] "GET /manus-storage/aura-command-core_62df8793.png HTTP/1.1" 200 -
[matriz8766] "GET /manus-storage/aura-timeline-arc_5f268e33.png HTTP/1.1" 200 -
[matriz8766] "GET /api/aura/voice HTTP/1.1" 200 -
[matriz8766] "GET /assets/aura-tools-rail.css HTTP/1.1" 200 -
[matriz8766] "GET /favicon.ico HTTP/1.1" 200 -
[matriz8766] "GET /api/trpc/alertCenter.list?batch=1&input=%7B%220%22%3A%7B%22json%22%3A%7B%22fixtureId%22%3A%22%22%2C%22severity%22%3Anull%2C%22limit%22%3A120%7D%2C%22meta%22%3A%7B%22values%22%3A%7B%22severity%22%3A%5B%22undefined%22%5D%7D%7D%7D%7D HTTP/1.1" 200 -
[matriz8766] "POST /api/aura/tools/activate-all HTTP/1.1" 200 -
[matriz8766] "GET /api/aura/bridge HTTP/1.1" 200 -
[matriz8766] "GET /api/aura/health HTTP/1.1" 200 -
[matriz8766] "GET /api/aura/glm HTTP/1.1" 200 -
[matriz8766] "POST /api/aura/tools/probe-all HTTP/1.1" 200 -
[matriz8766] "GET /api/aura/ui-state HTTP/1.1" 200 -
[matriz8766] "GET /api/aura/tools HTTP/1.1" 200 -
[matriz8766] "GET /health HTTP/1.1" 200 -
[matriz8766] "GET /api/aura/agents HTTP/1.1" 200 -
[matriz8766] "POST /api/aura/agents/agents%3Acorner_independent_v7/action HTTP/1.1" 200 -
[matriz8766] "POST /api/aura/agents/bridge%3Aemergency_bridge.py/action HTTP/1.1" 200 -
[matriz8766] "POST /api/aura/agents/bridge%3Agpu_resource_manager.py/action HTTP/1.1" 200 -
[matriz8766] "GET /health HTTP/1.1" 200 -
[matriz8766] "POST /api/aura/agents/bridge%3Ajarvis_cognitive_server.py/action HTTP/1.1" 200 -
[matriz8766] "POST /api/aura/agents/bridge%3Ajarvis_voice_server.py/action HTTP/1.1" 200 -
[matriz8766] "POST /api/aura/agents/bridge%3Amulti_llm_router.py/action HTTP/1.1" 200 -
[matriz8766] "GET /api/aura/voice HTTP/1.1" 200 -
[matriz8766] "GET /api/aura/bridge HTTP/1.1" 200 -
[matriz8766] "GET /api/trpc/alertCenter.list?batch=1&input=%7B%220%22%3A%7B%22json%22%3A%7B%22fixtureId%22%3A%22%22%2C%22severity%22%3Anull%2C%22limit%22%3A120%7D%2C%22meta%22%3A%7B%22values%22%3A%7B%22severity%22%3A%5B%22undefined%22%5D%7D%7D%7D%7D HTTP/1.1" 200 -
[matriz8766] "GET /sw.js HTTP/1.1" 200 -
[matriz8766] "POST /api/aura/agents/bridge%3Aneural_tts.py/action HTTP/1.1" 200 -
[matriz8766] "GET /api/aura/health HTTP/1.1" 200 -
[matriz8766] "POST /api/aura/agents/bridge%3Aserver.py/action HTTP/1.1" 200 -
[matriz8766] "GET /api/aura/glm HTTP/1.1" 200 -
[matriz8766] "GET /api/aura/ui-state HTTP/1.1" 200 -
[matriz8766] "GET /api/aura/voice HTTP/1.1" 200 -
[matriz8766] "GET /api/aura/bridge HTTP/1.1" 200 -
[matriz8766] "GET /api/aura/activation HTTP/1.1" 200 -
[matriz8766] "GET /api/aura/health HTTP/1.1" 200 -
[matriz8766] "GET /api/aura/glm HTTP/1.1" 200 -
[matriz8766] "GET /api/aura/ui-state HTTP/1.1" 200 -
[matriz8766] "GET /api/trpc/alertCenter.list?batch=1&input=%7B%220%22%3A%7B%22json%22%3A%7B%22fixtureId%22%3A%22%22%2C%22severity%22%3Anull%2C%22limit%22%3A120%7D%2C%22meta%22%3A%7B%22values%22%3A%7B%22severity%22%3A%5B%22undefined%22%5D%7D%7D%7D%7D HTTP/1.1" 200 -
[matriz8766] "GET /health HTTP/1.1" 200 -
[matriz8766] "GET /api/aura/health HTTP/1.1" 200 -
[matriz8766] "GET /api/aura/glm HTTP/1.1" 200 -
[matriz8766] "GET /api/aura/ui-state HTTP/1.1" 200 -
[matriz8766] "GET /api/aura/voice HTTP/1.1" 200 -
[matriz8766] "GET /api/aura/bridge HTTP/1.1" 200 -
[matriz8766] "GET /api/aura/ui-state HTTP/1.1" 200 -
[matriz8766] "POST /api/aura/chat HTTP/1.1" 200 -
[matriz8766] "GET /health HTTP/1.1" 200 -
[matriz8766] "GET /health HTTP/1.1" 200 -
[matriz8766] "GET /api/trpc/alertCenter.list?batch=1&input=%7B%220%22%3A%7B%22json%22%3A%7B%22fixtureId%22%3A%22%22%2C%22severity%22%3Anull%2C%22limit%22%3A120%7D%2C%22meta%22%3A%7B%22values%22%3A%7B%22severity%22%3A%5B%22undefined%22%5D%7D%7D%7D%7D HTTP/1.1" 200 -
[matriz8766] "GET /api/aura/voice HTTP/1.1" 200 -
[matriz8766] "GET /api/aura/bridge HTTP/1.1" 200 -
[matriz8766] "GET /health HTTP/1.1" 200 -
[matriz8766] "GET /api/aura/health HTTP/1.1" 200 -
[matriz8766] "GET /api/aura/glm HTTP/1.1" 200 -
[matriz8766] "GET /api/aura/ui-state HTTP/1.1" 200 -
[matriz8766] "GET /api/trpc/alertCenter.list?batch=1&input=%7B%220%22%3A%7B%22json%22%3A%7B%22fixtureId%22%3A%22%22%2C%22severity%22%3Anull%2C%22limit%22%3A120%7D%2C%22meta%22%3A%7B%22values%22%3A%7B%22severity%22%3A%5B%22undefined%22%5D%7D%7D%7D%7D HTTP/1.1" 200 -
[matriz8766] "POST /api/aura/voice-tts HTTP/1.1" 502 -
[matriz8766] "GET /api/aura/voice HTTP/1.1" 200 -
[matriz8766] "GET /api/aura/bridge HTTP/1.1" 200 -
[matriz8766] "GET /api/aura/health HTTP/1.1" 200 -
[matriz8766] "GET /api/aura/glm HTTP/1.1" 200 -
[matriz8766] "GET /health HTTP/1.1" 200 -
[matriz8766] "GET /api/aura/ui-state HTTP/1.1" 200 -
[matriz8766] "GET /api/trpc/alertCenter.list?batch=1&input=%7B%220%22%3A%7B%22json%22%3A%7B%22fixtureId%22%3A%22%22%2C%22severity%22%3Anull%2C%22limit%22%3A120%7D%2C%22meta%22%3A%7B%22values%22%3A%7B%22severity%22%3A%5B%22undefined%22%5D%7D%7D%7D%7D HTTP/1.1" 200 -
[matriz8766] "GET /api/aura/voice HTTP/1.1" 200 -
[matriz8766] "GET /api/aura/bridge HTTP/1.1" 200 -
[matriz8766] "GET /api/aura/health HTTP/1.1" 200 -
----------------------------------------
Exception occurred during processing of request from ('127.0.0.1', 53747)
[matriz8766] "GET /api/aura/glm HTTP/1.1" 200 -
----------------------------------------
Exception occurred during processing of request from ('127.0.0.1', 62711)
[matriz8766] "GET /health HTTP/1.1" 200 -
[matriz8766] "GET /api/aura/ui-state HTTP/1.1" 200 -
----------------------------------------
Exception occurred during processing of request from ('127.0.0.1', 54712)
Traceback (most recent call last):
Traceback (most recent call last):
Traceback (most recent call last):
  File "C:\Users\salaa\AppData\Local\Programs\Python\Python311\Lib\socketserver.py", line 691, in process_request_thread
    self.finish_request(request, client_address)
  File "C:\Users\salaa\AppData\Local\Programs\Python\Python311\Lib\socketserver.py", line 691, in process_request_thread
    self.finish_request(request, client_address)
  File "C:\Users\salaa\AppData\Local\Programs\Python\Python311\Lib\socketserver.py", line 691, in process_request_thread
    self.finish_request(request, client_address)
  File "C:\Users\salaa\AppData\Local\Programs\Python\Python311\Lib\socketserver.py", line 361, in finish_request
    self.RequestHandlerClass(request, client_address, self)
  File "C:\Users\salaa\AppData\Local\Programs\Python\Python311\Lib\socketserver.py", line 361, in finish_request
    self.RequestHandlerClass(request, client_address, self)
  File "C:\aura\scripts\aura_serve_matriz.py", line 165, in __init__
    super().__init__(*args, directory=str(UI), **kwargs)
  File "C:\Users\salaa\AppData\Local\Programs\Python\Python311\Lib\socketserver.py", line 361, in finish_request
    self.RequestHandlerClass(request, client_address, self)
  File "C:\Users\salaa\AppData\Local\Programs\Python\Python311\Lib\http\server.py", line 671, in __init__
    super().__init__(*args, **kwargs)
  File "C:\aura\scripts\aura_serve_matriz.py", line 165, in __init__
    super().__init__(*args, directory=str(UI), **kwargs)
  File "C:\aura\scripts\aura_serve_matriz.py", line 165, in __init__
    super().__init__(*args, directory=str(UI), **kwargs)
  File "C:\Users\salaa\AppData\Local\Programs\Python\Python311\Lib\http\server.py", line 671, in __init__
    super().__init__(*args, **kwargs)
  File "C:\Users\salaa\AppData\Local\Programs\Python\Python311\Lib\socketserver.py", line 755, in __init__
    self.handle()
  File "C:\Users\salaa\AppData\Local\Programs\Python\Python311\Lib\http\server.py", line 436, in handle
    self.handle_one_request()
  File "C:\Users\salaa\AppData\Local\Programs\Python\Python311\Lib\http\server.py", line 424, in handle_one_request
    method()
  File "C:\Users\salaa\AppData\Local\Programs\Python\Python311\Lib\socketserver.py", line 755, in __init__
    self.handle()
  File "C:\aura\scripts\aura_serve_matriz.py", line 306, in do_GET
    if self._proxy_aura("GET"):
       ^^^^^^^^^^^^^^^^^^^^^^^
  File "C:\Users\salaa\AppData\Local\Programs\Python\Python311\Lib\http\server.py", line 671, in __init__
    super().__init__(*args, **kwargs)
  File "C:\Users\salaa\AppData\Local\Programs\Python\Python311\Lib\socketserver.py", line 755, in __init__
    self.handle()
  File "C:\Users\salaa\AppData\Local\Programs\Python\Python311\Lib\http\server.py", line 436, in handle
    self.handle_one_request()
  File "C:\Users\salaa\AppData\Local\Programs\Python\Python311\Lib\http\server.py", line 436, in handle
    self.handle_one_request()
  File "C:\aura\scripts\aura_serve_matriz.py", line 278, in _proxy_aura
    self._send(code, raw, ctype)
  File "C:\aura\scripts\aura_serve_matriz.py", line 184, in _send
    self.wfile.write(raw)
  File "C:\Users\salaa\AppData\Local\Programs\Python\Python311\Lib\http\server.py", line 424, in handle_one_request
    method()
  File "C:\Users\salaa\AppData\Local\Programs\Python\Python311\Lib\socketserver.py", line 834, in write
    self._sock.sendall(b)
ConnectionAbortedError: [WinError 10053] Uma ligação estabelecida foi anulada pelo software no computador anfitrião
  File "C:\Users\salaa\AppData\Local\Programs\Python\Python311\Lib\http\server.py", line 424, in handle_one_request
    method()
  File "C:\aura\scripts\aura_serve_matriz.py", line 306, in do_GET
    if self._proxy_aura("GET"):
       ^^^^^^^^^^^^^^^^^^^^^^^
  File "C:\aura\scripts\aura_serve_matriz.py", line 278, in _proxy_aura
    self._send(code, raw, ctype)
  File "C:\aura\scripts\aura_serve_matriz.py", line 184, in _send
    self.wfile.write(raw)
  File "C:\Users\salaa\AppData\Local\Programs\Python\Python311\Lib\socketserver.py", line 834, in write
    self._sock.sendall(b)
  File "C:\aura\scripts\aura_serve_matriz.py", line 306, in do_GET
    if self._proxy_aura("GET"):
       ^^^^^^^^^^^^^^^^^^^^^^^
ConnectionAbortedError: [WinError 10053] Uma ligação estabelecida foi anulada pelo software no computador anfitrião
  File "C:\aura\scripts\aura_serve_matriz.py", line 234, in _proxy_aura
    self._send(code, raw, ctype)
----------------------------------------  File "C:\aura\scripts\aura_serve_matriz.py", line 184, in _send
    self.wfile.write(raw)

----------------------------------------
  File "C:\Users\salaa\AppData\Local\Programs\Python\Python311\Lib\socketserver.py", line 834, in write
    self._sock.sendall(b)
ConnectionAbortedError: [WinError 10053] Uma ligação estabelecida foi anulada pelo software no computador anfitrião
----------------------------------------
[matriz8766] "GET / HTTP/1.1" 200 -
[matriz8766] "GET /assets/aura-api-fallback.js HTTP/1.1" 200 -
[matriz8766] "GET /assets/aura-mic.js HTTP/1.1" 200 -
[matriz8766] "GET /assets/index-2OvrJXuc.js HTTP/1.1" 200 -
[matriz8766] "GET /assets/index-D39k0n9X.css HTTP/1.1" 200 -
[matriz8766] "GET /assets/aura-tools-rail.css HTTP/1.1" 200 -
[matriz8766] "GET /assets/aura-ui-fix.css HTTP/1.1" 200 -
[matriz8766] "GET /assets/aura-tools-rail.js HTTP/1.1" 200 -
[matriz8766] "GET /manus-storage/aura-quant-x-mark_b5517fbd.png HTTP/1.1" 200 -
[matriz8766] "GET /manus-storage/aura-temporal-match-stage_6fe129c0.png HTTP/1.1" 200 -
[matriz8766] "GET /manus-storage/aura-decision-capsule_a20129eb.png HTTP/1.1" 200 -
[matriz8766] "GET /manus-storage/sporting-cp-crest_77b2b829.png HTTP/1.1" 200 -
[matriz8766] "GET /manus-storage/sc-braga-crest_cff6ce03.png HTTP/1.1" 200 -
[matriz8766] "GET /manus-storage/010_brazil_flamengo_053775a7.webp HTTP/1.1" 200 -
[matriz8766] "GET /manus-storage/015_brazil_palmeiras_39ff61df.webp HTTP/1.1" 200 -
[matriz8766] "GET /manus-storage/016_brazil_rb_bragantino_5da23c9e.webp HTTP/1.1" 200 -
[matriz8766] "GET /manus-storage/158_england_arsenal_153f4b2e.webp HTTP/1.1" 200 -
[matriz8766] "GET /manus-storage/162_england_liverpool_78dcadc9.webp HTTP/1.1" 200 -
[matriz8766] "GET /manus-storage/163_england_manchester_city_03b9dc72.webp HTTP/1.1" 200 -
[matriz8766] "GET /manus-storage/aura-command-core_62df8793.png HTTP/1.1" 200 -
[matriz8766] "GET /manus-storage/aura-timeline-arc_5f268e33.png HTTP/1.1" 200 -
[matriz8766] "GET /api/aura/health HTTP/1.1" 200 -
[matriz8766] "GET /api/aura/glm HTTP/1.1" 200 -
[matriz8766] "GET /assets/aura-tools-rail.css HTTP/1.1" 200 -
[matriz8766] "GET /api/trpc/alertCenter.list?batch=1&input=%7B%220%22%3A%7B%22json%22%3A%7B%22fixtureId%22%3A%22%22%2C%22severity%22%3Anull%2C%22limit%22%3A120%7D%2C%22meta%22%3A%7B%22values%22%3A%7B%22severity%22%3A%5B%22undefined%22%5D%7D%7D%7D%7D HTTP/1.1" 200 -
[matriz8766] "GET /api/aura/ui-state HTTP/1.1" 200 -
[matriz8766] "GET /api/aura/voice HTTP/1.1" 200 -
[matriz8766] "GET /api/aura/bridge HTTP/1.1" 200 -
[matriz8766] "GET /sw.js HTTP/1.1" 200 -
[matriz8766] "GET /health HTTP/1.1" 200 -
[matriz8766] "GET /api/aura/ui-state HTTP/1.1" 200 -
[matriz8766] "POST /api/aura/chat HTTP/1.1" 200 -
[matriz8766] "POST /api/aura/voice-tts HTTP/1.1" 200 -
[matriz8766] "GET /api/aura/status HTTP/1.1" 200 -
[matriz8766] "GET /api/aura/bridge HTTP/1.1" 200 -
[matriz8766] "GET /api/aura/voice HTTP/1.1" 200 -
[matriz8766] "GET /api/aura/diagnostic HTTP/1.1" 200 -
[matriz8766] "GET /api/aura/activation HTTP/1.1" 200 -
[matriz8766] "GET /api/aura/bridge HTTP/1.1" 200 -
[matriz8766] "GET /api/aura/voice HTTP/1.1" 200 -
[matriz8766] "GET /api/aura/glm HTTP/1.1" 200 -
[matriz8766] "GET /api/aura/agents HTTP/1.1" 200 -
[matriz8766] "GET /api/aura/health HTTP/1.1" 200 -
[matriz8766] "GET /api/trpc/alertCenter.list?batch=1&input=%7B%220%22%3A%7B%22json%22%3A%7B%22fixtureId%22%3A%22%22%2C%22severity%22%3Anull%2C%22limit%22%3A120%7D%2C%22meta%22%3A%7B%22values%22%3A%7B%22severity%22%3A%5B%22undefined%22%5D%7D%7D%7D%7D HTTP/1.1" 200 -
[matriz8766] "GET /api/aura/glm HTTP/1.1" 200 -
[matriz8766] "GET /api/aura/health HTTP/1.1" 200 -
[matriz8766] "GET /api/aura/glm HTTP/1.1" 200 -
[matriz8766] "GET /health HTTP/1.1" 200 -
[matriz8766] "GET /api/aura/ui-state HTTP/1.1" 200 -
[matriz8766] "GET /api/aura/health HTTP/1.1" 200 -
[matriz8766] "GET /api/aura/glm HTTP/1.1" 200 -
[matriz8766] "GET /api/aura/ui-state HTTP/1.1" 200 -
[matriz8766] "GET /api/aura/voice HTTP/1.1" 200 -
[matriz8766] "GET /api/aura/bridge HTTP/1.1" 200 -
[matriz8766] "GET /api/trpc/alertCenter.list?batch=1&input=%7B%220%22%3A%7B%22json%22%3A%7B%22fixtureId%22%3A%22%22%2C%22severity%22%3Anull%2C%22limit%22%3A120%7D%2C%22meta%22%3A%7B%22values%22%3A%7B%22severity%22%3A%5B%22undefined%22%5D%7D%7D%7D%7D HTTP/1.1" 200 -
[matriz8766] "GET /api/aura/voice HTTP/1.1" 200 -
[matriz8766] "GET /api/aura/bridge HTTP/1.1" 200 -
[matriz8766] "GET /api/aura/health HTTP/1.1" 200 -
[matriz8766] "GET /api/aura/glm HTTP/1.1" 200 -
[matriz8766] "GET /health HTTP/1.1" 200 -
[matriz8766] "GET /api/aura/ui-state HTTP/1.1" 200 -
[matriz8766] "GET / HTTP/1.1" 200 -
[matriz8766] "GET /assets/aura-api-fallback.js HTTP/1.1" 200 -
[matriz8766] "GET /assets/aura-mic.js HTTP/1.1" 200 -
[matriz8766] "GET /assets/index-2OvrJXuc.js HTTP/1.1" 200 -
[matriz8766] "GET /assets/index-D39k0n9X.css HTTP/1.1" 200 -
[matriz8766] "GET /assets/aura-tools-rail.css HTTP/1.1" 200 -
[matriz8766] "GET /assets/aura-ui-fix.css HTTP/1.1" 200 -
[matriz8766] "GET /assets/aura-tools-rail.js HTTP/1.1" 200 -
[matriz8766] "GET /manus-storage/aura-quant-x-mark_b5517fbd.png HTTP/1.1" 200 -
[matriz8766] "GET /manus-storage/aura-temporal-match-stage_6fe129c0.png HTTP/1.1" 200 -
[matriz8766] "GET /manus-storage/aura-decision-capsule_a20129eb.png HTTP/1.1" 200 -
[matriz8766] "GET /manus-storage/sporting-cp-crest_77b2b829.png HTTP/1.1" 200 -
[matriz8766] "GET /manus-storage/sc-braga-crest_cff6ce03.png HTTP/1.1" 200 -
[matriz8766] "GET /manus-storage/010_brazil_flamengo_053775a7.webp HTTP/1.1" 200 -
[matriz8766] "GET /manus-storage/015_brazil_palmeiras_39ff61df.webp HTTP/1.1" 200 -
[matriz8766] "GET /manus-storage/016_brazil_rb_bragantino_5da23c9e.webp HTTP/1.1" 200 -
[matriz8766] "GET /manus-storage/158_england_arsenal_153f4b2e.webp HTTP/1.1" 200 -
[matriz8766] "GET /manus-storage/162_england_liverpool_78dcadc9.webp HTTP/1.1" 200 -
[matriz8766] "GET /manus-storage/163_england_manchester_city_03b9dc72.webp HTTP/1.1" 200 -
[matriz8766] "GET /manus-storage/aura-command-core_62df8793.png HTTP/1.1" 200 -
[matriz8766] "GET /manus-storage/aura-timeline-arc_5f268e33.png HTTP/1.1" 200 -
[matriz8766] "GET /api/aura/health HTTP/1.1" 200 -
[matriz8766] "GET /api/aura/glm HTTP/1.1" 200 -
[matriz8766] "GET /api/aura/ui-state HTTP/1.1" 200 -
[matriz8766] "GET /api/trpc/alertCenter.list?batch=1&input=%7B%220%22%3A%7B%22json%22%3A%7B%22fixtureId%22%3A%22%22%2C%22severity%22%3Anull%2C%22limit%22%3A120%7D%2C%22meta%22%3A%7B%22values%22%3A%7B%22severity%22%3A%5B%22undefined%22%5D%7D%7D%7D%7D HTTP/1.1" 200 -
[matriz8766] "GET /api/aura/voice HTTP/1.1" 200 -
[matriz8766] "GET /api/aura/bridge HTTP/1.1" 200 -
[matriz8766] "GET /assets/aura-tools-rail.css HTTP/1.1" 200 -
[matriz8766] "GET /sw.js HTTP/1.1" 200 -
[matriz8766] "GET /api/aura/agents HTTP/1.1" 200 -
[matriz8766] "GET /health HTTP/1.1" 200 -
[matriz8766] "GET /api/aura/voice HTTP/1.1" 200 -
[matriz8766] "GET /api/trpc/alertCenter.list?batch=1&input=%7B%220%22%3A%7B%22json%22%3A%7B%22fixtureId%22%3A%22%22%2C%22severity%22%3Anull%2C%22limit%22%3A120%7D%2C%22meta%22%3A%7B%22values%22%3A%7B%22severity%22%3A%5B%22undefined%22%5D%7D%7D%7D%7D HTTP/1.1" 200 -
[matriz8766] "GET /api/aura/bridge HTTP/1.1" 200 -
[matriz8766] "GET /api/aura/tools HTTP/1.1" 200 -
[matriz8766] "GET /api/aura/health HTTP/1.1" 200 -
[matriz8766] "GET /api/aura/glm HTTP/1.1" 200 -
[matriz8766] "GET /api/aura/ui-state HTTP/1.1" 200 -
[matriz8766] "GET /health HTTP/1.1" 200 -
[matriz8766] "GET /health HTTP/1.1" 200 -
[matriz8766] "POST /api/aura/tools/activate-all HTTP/1.1" 200 -
[matriz8766] "GET /api/aura/tools HTTP/1.1" 200 -
[matriz8766] "GET /health HTTP/1.1" 200 -
[matriz8766] "GET /api/aura/health HTTP/1.1" 200 -
[matriz8766] "GET /api/aura/glm HTTP/1.1" 200 -
[matriz8766] "GET /api/aura/ui-state HTTP/1.1" 200 -
[matriz8766] "GET /api/aura/voice HTTP/1.1" 200 -
[matriz8766] "GET /api/trpc/alertCenter.list?batch=1&input=%7B%220%22%3A%7B%22json%22%3A%7B%22fixtureId%22%3A%22%22%2C%22severity%22%3Anull%2C%22limit%22%3A120%7D%2C%22meta%22%3A%7B%22values%22%3A%7B%22severity%22%3A%5B%22undefined%22%5D%7D%7D%7D%7D HTTP/1.1" 200 -
[matriz8766] "GET /api/aura/bridge HTTP/1.1" 200 -
[matriz8766] "GET /health HTTP/1.1" 200 -
[matriz8766] "GET /api/aura/health HTTP/1.1" 200 -
[matriz8766] "GET /api/aura/glm HTTP/1.1" 200 -
[matriz8766] "GET /api/aura/ui-state HTTP/1.1" 200 -
[matriz8766] "GET /api/aura/voice HTTP/1.1" 200 -
[matriz8766] "GET /api/trpc/alertCenter.list?batch=1&input=%7B%220%22%3A%7B%22json%22%3A%7B%22fixtureId%22%3A%22%22%2C%22severity%22%3Anull%2C%22limit%22%3A120%7D%2C%22meta%22%3A%7B%22values%22%3A%7B%22severity%22%3A%5B%22undefined%22%5D%7D%7D%7D%7D HTTP/1.1" 200 -
[matriz8766] "GET /api/aura/bridge HTTP/1.1" 200 -
[matriz8766] "POST /api/aura/tools/activate-all HTTP/1.1" 200 -
[matriz8766] "POST /api/aura/tools/probe-all HTTP/1.1" 200 -
[matriz8766] "GET /api/aura/tools HTTP/1.1" 200 -
[matriz8766] "GET /api/aura/voice HTTP/1.1" 200 -
[matriz8766] "GET /api/trpc/alertCenter.list?batch=1&input=%7B%220%22%3A%7B%22json%22%3A%7B%22fixtureId%22%3A%22%22%2C%22severity%22%3Anull%2C%22limit%22%3A120%7D%2C%22meta%22%3A%7B%22values%22%3A%7B%22severity%22%3A%5B%22undefined%22%5D%7D%7D%7D%7D HTTP/1.1" 200 -
[matriz8766] "GET /api/aura/bridge HTTP/1.1" 200 -
[matriz8766] "GET /api/aura/agents HTTP/1.1" 200 -
[matriz8766] "GET /health HTTP/1.1" 200 -
[matriz8766] "GET /api/aura/health HTTP/1.1" 200 -
[matriz8766] "GET /api/aura/glm HTTP/1.1" 200 -
[matriz8766] "POST /api/aura/agents/agents%3Acorner_independent_v7/action HTTP/1.1" 200 -
[matriz8766] "POST /api/aura/agents/bridge%3Aemergency_bridge.py/action HTTP/1.1" 200 -
[matriz8766] "POST /api/aura/agents/bridge%3Agpu_resource_manager.py/action HTTP/1.1" 200 -
[matriz8766] "GET /api/aura/ui-state HTTP/1.1" 200 -
[matriz8766] "POST /api/aura/agents/bridge%3Ajarvis_cognitive_server.py/action HTTP/1.1" 200 -
[matriz8766] "POST /api/aura/agents/bridge%3Ajarvis_voice_server.py/action HTTP/1.1" 200 -
[matriz8766] "GET /health HTTP/1.1" 200 -
[matriz8766] "GET /api/aura/voice HTTP/1.1" 200 -
[matriz8766] "GET /api/aura/bridge HTTP/1.1" 200 -
[matriz8766] "POST /api/aura/agents/bridge%3Amulti_llm_router.py/action HTTP/1.1" 200 -
[matriz8766] "GET /api/trpc/alertCenter.list?batch=1&input=%7B%220%22%3A%7B%22json%22%3A%7B%22fixtureId%22%3A%22%22%2C%22severity%22%3Anull%2C%22limit%22%3A120%7D%2C%22meta%22%3A%7B%22values%22%3A%7B%22severity%22%3A%5B%22undefined%22%5D%7D%7D%7D%7D HTTP/1.1" 200 -
[matriz8766] "POST /api/aura/agents/bridge%3Aneural_tts.py/action HTTP/1.1" 200 -
[matriz8766] "GET /api/aura/health HTTP/1.1" 200 -
[matriz8766] "POST /api/aura/agents/bridge%3Aserver.py/action HTTP/1.1" 200 -
[matriz8766] "GET /api/aura/glm HTTP/1.1" 200 -
[matriz8766] "GET /api/aura/ui-state HTTP/1.1" 200 -
[matriz8766] "GET /api/aura/activation HTTP/1.1" 200 -
[matriz8766] "GET /api/aura/tools HTTP/1.1" 200 -
[matriz8766] "GET /api/aura/voice HTTP/1.1" 200 -
[matriz8766] "GET /api/aura/bridge HTTP/1.1" 200 -
[matriz8766] "GET /api/aura/health HTTP/1.1" 200 -
[matriz8766] "GET /api/aura/glm HTTP/1.1" 200 -
[matriz8766] "GET /api/aura/ui-state HTTP/1.1" 200 -
[matriz8766] "GET /health HTTP/1.1" 200 -
[matriz8766] "GET /api/aura/voice HTTP/1.1" 200 -
[matriz8766] "GET /api/aura/bridge HTTP/1.1" 200 -
[matriz8766] "GET /api/aura/health HTTP/1.1" 200 -
[matriz8766] "GET /api/aura/glm HTTP/1.1" 200 -
[matriz8766] "GET /api/aura/ui-state HTTP/1.1" 200 -
[matriz8766] "GET /health HTTP/1.1" 200 -
[matriz8766] "GET /api/trpc/alertCenter.list?batch=1&input=%7B%220%22%3A%7B%22json%22%3A%7B%22fixtureId%22%3A%22%22%2C%22severity%22%3Anull%2C%22limit%22%3A120%7D%2C%22meta%22%3A%7B%22values%22%3A%7B%22severity%22%3A%5B%22undefined%22%5D%7D%7D%7D%7D HTTP/1.1" 200 -
[matriz8766] "GET /api/aura/voice HTTP/1.1" 200 -
[matriz8766] "GET /api/aura/bridge HTTP/1.1" 200 -
[matriz8766] "GET /api/aura/health HTTP/1.1" 200 -
[matriz8766] "GET /api/aura/glm HTTP/1.1" 200 -
[matriz8766] "GET /api/aura/ui-state HTTP/1.1" 200 -
[matriz8766] "GET /health HTTP/1.1" 200 -
[matriz8766] "GET /health HTTP/1.1" 200 -
[matriz8766] "GET /health HTTP/1.1" 200 -
[matriz8766] "GET /api/trpc/alertCenter.list?batch=1&input=%7B%220%22%3A%7B%22json%22%3A%7B%22fixtureId%22%3A%22%22%2C%22severity%22%3Anull%2C%22limit%22%3A120%7D%2C%22meta%22%3A%7B%22values%22%3A%7B%22severity%22%3A%5B%22undefined%22%5D%7D%7D%7D%7D HTTP/1.1" 200 -
[matriz8766] "GET /api/aura/voice HTTP/1.1" 200 -
[matriz8766] "GET /api/aura/bridge HTTP/1.1" 200 -
[matriz8766] "GET /api/aura/health HTTP/1.1" 200 -
[matriz8766] "GET /api/aura/glm HTTP/1.1" 200 -
[matriz8766] "GET /api/aura/ui-state HTTP/1.1" 200 -
[matriz8766] "GET /health HTTP/1.1" 200 -
[matriz8766] "GET /api/aura/ui-state HTTP/1.1" 200 -
[matriz8766] "POST /api/aura/chat HTTP/1.1" 200 -
[matriz8766] "GET /api/trpc/alertCenter.list?batch=1&input=%7B%220%22%3A%7B%22json%22%3A%7B%22fixtureId%22%3A%22%22%2C%22severity%22%3Anull%2C%22limit%22%3A120%7D%2C%22meta%22%3A%7B%22values%22%3A%7B%22severity%22%3A%5B%22undefined%22%5D%7D%7D%7D%7D HTTP/1.1" 200 -
[matriz8766] "GET /api/aura/voice HTTP/1.1" 200 -
[matriz8766] "GET /api/aura/bridge HTTP/1.1" 200 -
[matriz8766] "POST /api/aura/voice-tts HTTP/1.1" 200 -
[matriz8766] "GET /api/aura/health HTTP/1.1" 200 -
[matriz8766] "GET /api/aura/glm HTTP/1.1" 200 -
[matriz8766] "GET /api/aura/ui-state HTTP/1.1" 200 -
[matriz8766] "GET /health HTTP/1.1" 200 -
[matriz8766] "GET /api/trpc/alertCenter.list?batch=1&input=%7B%220%22%3A%7B%22json%22%3A%7B%22fixtureId%22%3A%22%22%2C%22severity%22%3Anull%2C%22limit%22%3A120%7D%2C%22meta%22%3A%7B%22values%22%3A%7B%22severity%22%3A%5B%22undefined%22%5D%7D%7D%7D%7D HTTP/1.1" 200 -
[matriz8766] "GET /api/aura/glm HTTP/1.1" 200 -
[matriz8766] "GET /api/aura/health HTTP/1.1" 200 -
[matriz8766] "GET /api/aura/ui-state HTTP/1.1" 200 -
[matriz8766] "GET /api/aura/voice HTTP/1.1" 200 -
[matriz8766] "GET /api/aura/bridge HTTP/1.1" 200 -
[matriz8766] "GET /health HTTP/1.1" 200 -
[matriz8766] "GET / HTTP/1.1" 200 -
[matriz8766] "GET /assets/aura-api-fallback.js HTTP/1.1" 200 -
[matriz8766] "GET /assets/aura-mic.js HTTP/1.1" 200 -
[matriz8766] "GET /assets/index-D39k0n9X.css HTTP/1.1" 200 -
[matriz8766] "GET /assets/aura-ui-fix.css HTTP/1.1" 200 -
[matriz8766] "GET /assets/index-2OvrJXuc.js HTTP/1.1" 200 -
[matriz8766] "GET /assets/aura-tools-rail.css HTTP/1.1" 200 -
[matriz8766] "GET /assets/aura-tools-rail.js HTTP/1.1" 200 -
[matriz8766] "GET /manus-storage/aura-quant-x-mark_b5517fbd.png HTTP/1.1" 200 -
[matriz8766] "GET /manus-storage/aura-temporal-match-stage_6fe129c0.png HTTP/1.1" 200 -
[matriz8766] "GET /manus-storage/aura-decision-capsule_a20129eb.png HTTP/1.1" 200 -
[matriz8766] "GET /manus-storage/sporting-cp-crest_77b2b829.png HTTP/1.1" 200 -
[matriz8766] "GET /manus-storage/sc-braga-crest_cff6ce03.png HTTP/1.1" 200 -
[matriz8766] "GET /manus-storage/010_brazil_flamengo_053775a7.webp HTTP/1.1" 200 -
[matriz8766] "GET /manus-storage/015_brazil_palmeiras_39ff61df.webp HTTP/1.1" 200 -
[matriz8766] "GET /manus-storage/016_brazil_rb_bragantino_5da23c9e.webp HTTP/1.1" 200 -
[matriz8766] "GET /manus-storage/158_england_arsenal_153f4b2e.webp HTTP/1.1" 200 -
[matriz8766] "GET /manus-storage/162_england_liverpool_78dcadc9.webp HTTP/1.1" 200 -
[matriz8766] "GET /manus-storage/163_england_manchester_city_03b9dc72.webp HTTP/1.1" 200 -
[matriz8766] "GET /manus-storage/aura-command-core_62df8793.png HTTP/1.1" 200 -
[matriz8766] "GET /manus-storage/aura-timeline-arc_5f268e33.png HTTP/1.1" 200 -
[matriz8766] "GET /api/aura/glm HTTP/1.1" 200 -
[matriz8766] "GET /api/aura/health HTTP/1.1" 200 -
[matriz8766] "GET /api/trpc/alertCenter.list?batch=1&input=%7B%220%22%3A%7B%22json%22%3A%7B%22fixtureId%22%3A%22%22%2C%22severity%22%3Anull%2C%22limit%22%3A120%7D%2C%22meta%22%3A%7B%22values%22%3A%7B%22severity%22%3A%5B%22undefined%22%5D%7D%7D%7D%7D HTTP/1.1" 200 -
[matriz8766] "GET /api/aura/ui-state HTTP/1.1" 200 -
[matriz8766] "GET /assets/aura-tools-rail.css HTTP/1.1" 200 -
[matriz8766] "GET /api/aura/voice HTTP/1.1" 200 -
[matriz8766] "GET /api/aura/bridge HTTP/1.1" 200 -
[matriz8766] "GET /api/trpc/alertCenter.list?batch=1&input=%7B%220%22%3A%7B%22json%22%3A%7B%22fixtureId%22%3A%2219636660%22%2C%22severity%22%3Anull%2C%22limit%22%3A120%7D%2C%22meta%22%3A%7B%22values%22%3A%7B%22severity%22%3A%5B%22undefined%22%5D%7D%7D%7D%7D HTTP/1.1" 200 -
[matriz8766] "GET /health HTTP/1.1" 200 -
[matriz8766] "GET /sw.js HTTP/1.1" 200 -
[matriz8766] "GET /api/aura/glm HTTP/1.1" 200 -
[matriz8766] "GET /api/aura/ui-state HTTP/1.1" 200 -
[matriz8766] "GET /api/aura/health HTTP/1.1" 200 -
[matriz8766] "GET /api/aura/voice HTTP/1.1" 200 -
[matriz8766] "GET /api/aura/bridge HTTP/1.1" 200 -
[matriz8766] "GET /health HTTP/1.1" 200 -
[matriz8766] "GET /api/aura/health HTTP/1.1" 200 -
[matriz8766] "GET /api/aura/glm HTTP/1.1" 200 -
[matriz8766] "GET /api/aura/ui-state HTTP/1.1" 200 -
[matriz8766] "GET /api/aura/voice HTTP/1.1" 200 -
[matriz8766] "GET /api/aura/bridge HTTP/1.1" 200 -
[matriz8766] "GET /health HTTP/1.1" 200 -
[matriz8766] "GET /api/aura/health HTTP/1.1" 200 -
[matriz8766] "GET /api/aura/glm HTTP/1.1" 200 -
[matriz8766] "GET /api/aura/ui-state HTTP/1.1" 200 -
[matriz8766] "GET /api/aura/voice HTTP/1.1" 200 -
[matriz8766] "GET /api/aura/bridge HTTP/1.1" 200 -
[matriz8766] "GET /health HTTP/1.1" 200 -
[matriz8766] "GET /health HTTP/1.1" 200 -
[matriz8766] "GET /health HTTP/1.1" 200 -
[matriz8766] "GET /api/aura/health HTTP/1.1" 200 -
[matriz8766] "GET /api/aura/glm HTTP/1.1" 200 -
[matriz8766] "GET /api/aura/ui-state HTTP/1.1" 200 -
[matriz8766] "GET /api/aura/voice HTTP/1.1" 200 -
[matriz8766] "GET /api/aura/bridge HTTP/1.1" 200 -
[matriz8766] "GET /health HTTP/1.1" 200 -
[matriz8766] "GET /api/aura/health HTTP/1.1" 200 -
[matriz8766] "GET /api/aura/ui-state HTTP/1.1" 200 -
[matriz8766] "GET /api/aura/glm HTTP/1.1" 200 -
[matriz8766] "GET /api/aura/voice HTTP/1.1" 200 -
[matriz8766] "GET /api/aura/bridge HTTP/1.1" 200 -
[matriz8766] "GET /health HTTP/1.1" 200 -
[matriz8766] "GET /api/aura/health HTTP/1.1" 200 -
[matriz8766] "GET /api/aura/glm HTTP/1.1" 200 -
[matriz8766] "GET /api/aura/ui-state HTTP/1.1" 200 -
[matriz8766] "GET /api/aura/voice HTTP/1.1" 200 -
[matriz8766] "GET /api/aura/bridge HTTP/1.1" 200 -
[matriz8766] "GET /health HTTP/1.1" 200 -
[matriz8766] "GET /api/aura/health HTTP/1.1" 200 -
[matriz8766] "GET /api/aura/glm HTTP/1.1" 200 -
[matriz8766] "GET /api/aura/ui-state HTTP/1.1" 200 -
[matriz8766] "GET /api/aura/voice HTTP/1.1" 200 -
[matriz8766] "GET /api/aura/bridge HTTP/1.1" 200 -
[matriz8766] "GET /health HTTP/1.1" 200 -
[matriz8766] "GET /api/aura/health HTTP/1.1" 200 -
[matriz8766] "GET /api/aura/glm HTTP/1.1" 200 -
[matriz8766] "GET /api/aura/ui-state HTTP/1.1" 200 -
[matriz8766] "GET /api/aura/voice HTTP/1.1" 200 -
[matriz8766] "GET /api/aura/bridge HTTP/1.1" 200 -
[matriz8766] "GET /health HTTP/1.1" 200 -
[matriz8766] "GET /health HTTP/1.1" 200 -
[matriz8766] "GET /api/aura/health HTTP/1.1" 200 -
[matriz8766] "GET /api/aura/glm HTTP/1.1" 200 -
[matriz8766] "GET /api/aura/ui-state HTTP/1.1" 200 -
[matriz8766] "GET /api/aura/voice HTTP/1.1" 200 -
[matriz8766] "GET /api/aura/bridge HTTP/1.1" 200 -
[matriz8766] "GET /health HTTP/1.1" 200 -
[matriz8766] "GET /health HTTP/1.1" 200 -
[matriz8766] "GET /health HTTP/1.1" 200 -
[matriz8766] "GET /health HTTP/1.1" 200 -
[matriz8766] "GET /health HTTP/1.1" 200 -
[matriz8766] "GET /sw.js HTTP/1.1" 200 -
[matriz8766] "GET /health HTTP/1.1" 200 -
[matriz8766] "GET /api/trpc/alertCenter.list?batch=1&input=%7B%220%22%3A%7B%22json%22%3A%7B%22fixtureId%22%3A%2219636660%22%2C%22severity%22%3Anull%2C%22limit%22%3A120%7D%2C%22meta%22%3A%7B%22values%22%3A%7B%22severity%22%3A%5B%22undefined%22%5D%7D%7D%7D%7D HTTP/1.1" 200 -
[matriz8766] "GET /api/aura/voice HTTP/1.1" 200 -
[matriz8766] "GET /api/aura/bridge HTTP/1.1" 200 -
[matriz8766] "GET /api/aura/health HTTP/1.1" 200 -
[matriz8766] "GET /api/aura/glm HTTP/1.1" 200 -
[matriz8766] "GET /api/aura/ui-state HTTP/1.1" 200 -
[matriz8766] "GET /health HTTP/1.1" 200 -
[matriz8766] "GET /api/aura/voice HTTP/1.1" 200 -
[matriz8766] "GET /api/aura/bridge HTTP/1.1" 200 -
[matriz8766] "GET /api/trpc/alertCenter.list?batch=1&input=%7B%220%22%3A%7B%22json%22%3A%7B%22fixtureId%22%3A%2219636660%22%2C%22severity%22%3Anull%2C%22limit%22%3A120%7D%2C%22meta%22%3A%7B%22values%22%3A%7B%22severity%22%3A%5B%22undefined%22%5D%7D%7D%7D%7D HTTP/1.1" 200 -
[matriz8766] "GET /api/aura/health HTTP/1.1" 200 -
[matriz8766] "GET /api/aura/glm HTTP/1.1" 200 -
[matriz8766] "GET /api/aura/agents HTTP/1.1" 200 -
[matriz8766] "GET /api/aura/ui-state HTTP/1.1" 200 -
[matriz8766] "GET /api/aura/tools HTTP/1.1" 200 -
[matriz8766] "GET /health HTTP/1.1" 200 -
[matriz8766] "GET /api/aura/health HTTP/1.1" 200 -
[matriz8766] "GET /api/aura/glm HTTP/1.1" 200 -
[matriz8766] "GET /api/aura/ui-state HTTP/1.1" 200 -
[matriz8766] "GET /api/aura/voice HTTP/1.1" 200 -
[matriz8766] "GET /api/aura/bridge HTTP/1.1" 200 -
[matriz8766] "GET /api/trpc/alertCenter.list?batch=1&input=%7B%220%22%3A%7B%22json%22%3A%7B%22fixtureId%22%3A%2219636660%22%2C%22severity%22%3Anull%2C%22limit%22%3A120%7D%2C%22meta%22%3A%7B%22values%22%3A%7B%22severity%22%3A%5B%22undefined%22%5D%7D%7D%7D%7D HTTP/1.1" 200 -
[matriz8766] "GET /health HTTP/1.1" 200 -
[matriz8766] "GET / HTTP/1.1" 200 -
[matriz8766] "GET /assets/aura-api-fallback.js HTTP/1.1" 200 -
[matriz8766] "GET /assets/aura-mic.js HTTP/1.1" 200 -
[matriz8766] "GET /assets/index-2OvrJXuc.js HTTP/1.1" 200 -
[matriz8766] "GET /assets/index-D39k0n9X.css HTTP/1.1" 200 -
[matriz8766] "GET /assets/aura-ui-fix.css HTTP/1.1" 200 -
[matriz8766] "GET /assets/aura-tools-rail.css HTTP/1.1" 200 -
[matriz8766] "GET /assets/aura-tools-rail.js HTTP/1.1" 200 -
[matriz8766] "GET /manus-storage/aura-quant-x-mark_b5517fbd.png HTTP/1.1" 200 -
[matriz8766] "GET /manus-storage/aura-temporal-match-stage_6fe129c0.png HTTP/1.1" 200 -
[matriz8766] "GET /manus-storage/aura-decision-capsule_a20129eb.png HTTP/1.1" 200 -
[matriz8766] "GET /manus-storage/sporting-cp-crest_77b2b829.png HTTP/1.1" 200 -
[matriz8766] "GET /manus-storage/sc-braga-crest_cff6ce03.png HTTP/1.1" 200 -
[matriz8766] "GET /manus-storage/010_brazil_flamengo_053775a7.webp HTTP/1.1" 200 -
[matriz8766] "GET /manus-storage/015_brazil_palmeiras_39ff61df.webp HTTP/1.1" 200 -
[matriz8766] "GET /manus-storage/016_brazil_rb_bragantino_5da23c9e.webp HTTP/1.1" 200 -
[matriz8766] "GET /manus-storage/158_england_arsenal_153f4b2e.webp HTTP/1.1" 200 -
[matriz8766] "GET /manus-storage/162_england_liverpool_78dcadc9.webp HTTP/1.1" 200 -
[matriz8766] "GET /manus-storage/163_england_manchester_city_03b9dc72.webp HTTP/1.1" 200 -
[matriz8766] "GET /manus-storage/aura-command-core_62df8793.png HTTP/1.1" 200 -
[matriz8766] "GET /manus-storage/aura-timeline-arc_5f268e33.png HTTP/1.1" 200 -
[matriz8766] "GET /api/trpc/alertCenter.list?batch=1&input=%7B%220%22%3A%7B%22json%22%3A%7B%22fixtureId%22%3A%22%22%2C%22severity%22%3Anull%2C%22limit%22%3A120%7D%2C%22meta%22%3A%7B%22values%22%3A%7B%22severity%22%3A%5B%22undefined%22%5D%7D%7D%7D%7D HTTP/1.1" 200 -
[matriz8766] "GET /api/aura/voice HTTP/1.1" 200 -
[matriz8766] "GET /api/aura/bridge HTTP/1.1" 200 -
[matriz8766] "GET /assets/aura-tools-rail.css HTTP/1.1" 200 -
[matriz8766] "GET /api/aura/health HTTP/1.1" 200 -
[matriz8766] "GET /api/aura/glm HTTP/1.1" 200 -
[matriz8766] "GET /api/aura/ui-state HTTP/1.1" 200 -
[matriz8766] "GET /api/trpc/alertCenter.list?batch=1&input=%7B%220%22%3A%7B%22json%22%3A%7B%22fixtureId%22%3A%2219636660%22%2C%22severity%22%3Anull%2C%22limit%22%3A120%7D%2C%22meta%22%3A%7B%22values%22%3A%7B%22severity%22%3A%5B%22undefined%22%5D%7D%7D%7D%7D HTTP/1.1" 200 -
[matriz8766] "GET /sw.js HTTP/1.1" 200 -
[matriz8766] "GET /health HTTP/1.1" 200 -
[matriz8766] "GET /health HTTP/1.1" 200 -
[matriz8766] "GET /health HTTP/1.1" 200 -
[matriz8766] "GET /health HTTP/1.1" 200 -
[matriz8766] "GET /health HTTP/1.1" 200 -
[matriz8766] "GET /health HTTP/1.1" 200 -
[matriz8766] "GET /health HTTP/1.1" 200 -
[matriz8766] "GET /health HTTP/1.1" 200 -
[matriz8766] "GET / HTTP/1.1" 200 -
[matriz8766] "GET /assets/aura-api-fallback.js HTTP/1.1" 200 -
[matriz8766] "GET /assets/aura-mic.js HTTP/1.1" 200 -
[matriz8766] "GET /assets/index-2OvrJXuc.js HTTP/1.1" 200 -
[matriz8766] "GET /assets/index-D39k0n9X.css HTTP/1.1" 200 -
[matriz8766] "GET /assets/aura-ui-fix.css HTTP/1.1" 200 -
[matriz8766] "GET /assets/aura-tools-rail.css HTTP/1.1" 200 -
[matriz8766] "GET /assets/aura-tools-rail.js HTTP/1.1" 200 -
[matriz8766] "GET /manus-storage/aura-quant-x-mark_b5517fbd.png HTTP/1.1" 200 -
[matriz8766] "GET /manus-storage/aura-temporal-match-stage_6fe129c0.png HTTP/1.1" 200 -
[matriz8766] "GET /manus-storage/aura-decision-capsule_a20129eb.png HTTP/1.1" 200 -
[matriz8766] "GET /manus-storage/sporting-cp-crest_77b2b829.png HTTP/1.1" 200 -
[matriz8766] "GET /api/aura/health HTTP/1.1" 200 -
[matriz8766] "GET /manus-storage/sc-braga-crest_cff6ce03.png HTTP/1.1" 200 -
[matriz8766] "GET /api/aura/glm HTTP/1.1" 200 -
[matriz8766] "GET /manus-storage/010_brazil_flamengo_053775a7.webp HTTP/1.1" 200 -
[matriz8766] "GET /manus-storage/015_brazil_palmeiras_39ff61df.webp HTTP/1.1" 200 -
[matriz8766] "GET /api/trpc/alertCenter.list?batch=1&input=%7B%220%22%3A%7B%22json%22%3A%7B%22fixtureId%22%3A%22%22%2C%22severity%22%3Anull%2C%22limit%22%3A120%7D%2C%22meta%22%3A%7B%22values%22%3A%7B%22severity%22%3A%5B%22undefined%22%5D%7D%7D%7D%7D HTTP/1.1" 200 -
[matriz8766] "GET /api/aura/ui-state HTTP/1.1" 200 -
[matriz8766] "GET /api/aura/voice HTTP/1.1" 200 -
[matriz8766] "GET /manus-storage/016_brazil_rb_bragantino_5da23c9e.webp HTTP/1.1" 200 -
[matriz8766] "GET /manus-storage/158_england_arsenal_153f4b2e.webp HTTP/1.1" 200 -
[matriz8766] "GET /manus-storage/162_england_liverpool_78dcadc9.webp HTTP/1.1" 200 -
[matriz8766] "GET /api/aura/bridge HTTP/1.1" 200 -
[matriz8766] "GET /manus-storage/aura-command-core_62df8793.png HTTP/1.1" 200 -
[matriz8766] "GET /manus-storage/163_england_manchester_city_03b9dc72.webp HTTP/1.1" 200 -
[matriz8766] "GET /manus-storage/aura-timeline-arc_5f268e33.png HTTP/1.1" 200 -
[matriz8766] "GET /assets/aura-tools-rail.css HTTP/1.1" 200 -
[matriz8766] "GET /api/trpc/alertCenter.list?batch=1&input=%7B%220%22%3A%7B%22json%22%3A%7B%22fixtureId%22%3A%2219636660%22%2C%22severity%22%3Anull%2C%22limit%22%3A120%7D%2C%22meta%22%3A%7B%22values%22%3A%7B%22severity%22%3A%5B%22undefined%22%5D%7D%7D%7D%7D HTTP/1.1" 200 -
[matriz8766] "GET /favicon.ico HTTP/1.1" 200 -
[matriz8766] "GET /manifest.webmanifest HTTP/1.1" 200 -
[matriz8766] "GET /aura-quant-x-mark.svg HTTP/1.1" 200 -
[matriz8766] "GET /health HTTP/1.1" 200 -
[matriz8766] "GET /sw.js HTTP/1.1" 200 -
[matriz8766] "GET /api/trpc/alertCenter.list?batch=1&input=%7B%220%22%3A%7B%22json%22%3A%7B%22fixtureId%22%3A%2219636660%22%2C%22severity%22%3Anull%2C%22limit%22%3A120%7D%2C%22meta%22%3A%7B%22values%22%3A%7B%22severity%22%3A%5B%22undefined%22%5D%7D%7D%7D%7D HTTP/1.1" 200 -
[matriz8766] "GET /api/aura/voice HTTP/1.1" 200 -
[matriz8766] "GET /api/aura/bridge HTTP/1.1" 200 -
[matriz8766] "GET /api/aura/health HTTP/1.1" 200 -
[matriz8766] "GET /api/aura/glm HTTP/1.1" 200 -
[matriz8766] "GET /api/aura/ui-state HTTP/1.1" 200 -
[matriz8766] "GET /health HTTP/1.1" 200 -
[matriz8766] "GET /api/aura/health HTTP/1.1" 200 -
[matriz8766] "GET /api/aura/glm HTTP/1.1" 200 -
[matriz8766] "GET /api/aura/ui-state HTTP/1.1" 200 -
[matriz8766] "GET /api/aura/voice HTTP/1.1" 200 -
[matriz8766] "GET /api/aura/bridge HTTP/1.1" 200 -
[matriz8766] "GET /health HTTP/1.1" 200 -
[matriz8766] "GET /api/trpc/alertCenter.list?batch=1&input=%7B%220%22%3A%7B%22json%22%3A%7B%22fixtureId%22%3A%2219636660%22%2C%22severity%22%3Anull%2C%22limit%22%3A120%7D%2C%22meta%22%3A%7B%22values%22%3A%7B%22severity%22%3A%5B%22undefined%22%5D%7D%7D%7D%7D HTTP/1.1" 200 -
[matriz8766] "GET /api/aura/voice HTTP/1.1" 200 -
[matriz8766] "GET /api/aura/bridge HTTP/1.1" 200 -
[matriz8766] "GET /api/aura/health HTTP/1.1" 200 -
[matriz8766] "GET /api/aura/glm HTTP/1.1" 200 -
[matriz8766] "GET /api/aura/ui-state HTTP/1.1" 200 -
[matriz8766] "GET /health HTTP/1.1" 200 -
[matriz8766] "GET /api/trpc/alertCenter.list?batch=1&input=%7B%220%22%3A%7B%22json%22%3A%7B%22fixtureId%22%3A%2219636660%22%2C%22severity%22%3Anull%2C%22limit%22%3A120%7D%2C%22meta%22%3A%7B%22values%22%3A%7B%22severity%22%3A%5B%22undefined%22%5D%7D%7D%7D%7D HTTP/1.1" 200 -
[matriz8766] "GET /api/aura/voice HTTP/1.1" 200 -
[matriz8766] "GET /api/aura/bridge HTTP/1.1" 200 -
[matriz8766] "GET /api/aura/health HTTP/1.1" 200 -
[matriz8766] "GET /api/aura/glm HTTP/1.1" 200 -
[matriz8766] "GET /api/aura/ui-state HTTP/1.1" 200 -
[matriz8766] "GET /api/aura/tools HTTP/1.1" 200 -
[matriz8766] "GET /health HTTP/1.1" 200 -
[matriz8766] "POST /api/aura/agents/agents%3Acorner_independent_v7/action HTTP/1.1" 200 -
[matriz8766] "GET /api/trpc/alertCenter.list?batch=1&input=%7B%220%22%3A%7B%22json%22%3A%7B%22fixtureId%22%3A%2219636660%22%2C%22severity%22%3Anull%2C%22limit%22%3A120%7D%2C%22meta%22%3A%7B%22values%22%3A%7B%22severity%22%3A%5B%22undefined%22%5D%7D%7D%7D%7D HTTP/1.1" 200 -
[matriz8766] "GET /api/aura/voice HTTP/1.1" 200 -
[matriz8766] "GET /api/aura/bridge HTTP/1.1" 200 -
[matriz8766] "GET /api/aura/health HTTP/1.1" 200 -
[matriz8766] "GET /api/aura/glm HTTP/1.1" 200 -
[matriz8766] "POST /api/aura/agents/agents%3Acorner_independent_v7/action HTTP/1.1" 200 -
[matriz8766] "GET /api/aura/ui-state HTTP/1.1" 200 -
[matriz8766] "GET /health HTTP/1.1" 200 -
[matriz8766] "GET /api/trpc/alertCenter.list?batch=1&input=%7B%220%22%3A%7B%22json%22%3A%7B%22fixtureId%22%3A%2219636660%22%2C%22severity%22%3Anull%2C%22limit%22%3A120%7D%2C%22meta%22%3A%7B%22values%22%3A%7B%22severity%22%3A%5B%22undefined%22%5D%7D%7D%7D%7D HTTP/1.1" 200 -
[matriz8766] "GET /api/aura/voice HTTP/1.1" 200 -
[matriz8766] "GET /api/aura/bridge HTTP/1.1" 200 -
[matriz8766] "GET /api/aura/health HTTP/1.1" 200 -
[matriz8766] "GET /api/aura/glm HTTP/1.1" 200 -
[matriz8766] "GET /api/aura/ui-state HTTP/1.1" 200 -
[matriz8766] "POST /api/aura/tools/activate-all HTTP/1.1" 200 -
[matriz8766] "GET /api/aura/tools HTTP/1.1" 200 -
[matriz8766] "GET /health HTTP/1.1" 200 -
[matriz8766] "POST /api/aura/tools/activate-all HTTP/1.1" 200 -
[matriz8766] "GET /api/aura/tools HTTP/1.1" 200 -
[matriz8766] "GET /api/aura/voice HTTP/1.1" 200 -
[matriz8766] "GET /api/aura/bridge HTTP/1.1" 200 -
[matriz8766] "GET /api/aura/health HTTP/1.1" 200 -
[matriz8766] "GET /api/aura/glm HTTP/1.1" 200 -
[matriz8766] "GET /api/aura/ui-state HTTP/1.1" 200 -
[matriz8766] "GET /health HTTP/1.1" 200 -
[matriz8766] "GET /api/trpc/alertCenter.list?batch=1&input=%7B%220%22%3A%7B%22json%22%3A%7B%22fixtureId%22%3A%2219636660%22%2C%22severity%22%3Anull%2C%22limit%22%3A120%7D%2C%22meta%22%3A%7B%22values%22%3A%7B%22severity%22%3A%5B%22undefined%22%5D%7D%7D%7D%7D HTTP/1.1" 200 -
[matriz8766] "GET /api/aura/voice HTTP/1.1" 200 -
[matriz8766] "GET /api/aura/bridge HTTP/1.1" 200 -
[matriz8766] "GET /api/trpc/alertCenter.list?batch=1&input=%7B%220%22%3A%7B%22json%22%3A%7B%22fixtureId%22%3A%2219636660%22%2C%22severity%22%3Anull%2C%22limit%22%3A120%7D%2C%22meta%22%3A%7B%22values%22%3A%7B%22severity%22%3A%5B%22undefined%22%5D%7D%7D%7D%7D HTTP/1.1" 200 -
[matriz8766] "GET /manus-storage/aura-command-core_62df8793.png HTTP/1.1" 200 -
[matriz8766] "GET /api/aura/health HTTP/1.1" 200 -
[matriz8766] "GET /api/aura/glm HTTP/1.1" 200 -
[matriz8766] "GET /api/aura/ui-state HTTP/1.1" 200 -
[matriz8766] "GET /health HTTP/1.1" 200 -
[matriz8766] "GET /api/aura/agents HTTP/1.1" 200 -
[matriz8766] "GET /manus-storage/aura-quant-x-mark_b5517fbd.png HTTP/1.1" 200 -
[matriz8766] "GET /api/aura/health HTTP/1.1" 200 -
[matriz8766] "GET /api/aura/glm HTTP/1.1" 200 -
[matriz8766] "GET /api/aura/ui-state HTTP/1.1" 200 -
[matriz8766] "GET /api/aura/voice HTTP/1.1" 200 -
[matriz8766] "GET /api/aura/bridge HTTP/1.1" 200 -
[matriz8766] "GET /api/trpc/alertCenter.list?batch=1&input=%7B%220%22%3A%7B%22json%22%3A%7B%22fixtureId%22%3A%2219636660%22%2C%22severity%22%3Anull%2C%22limit%22%3A120%7D%2C%22meta%22%3A%7B%22values%22%3A%7B%22severity%22%3A%5B%22undefined%22%5D%7D%7D%7D%7D HTTP/1.1" 200 -
[matriz8766] "GET /tools-hub.html HTTP/1.1" 200 -
[matriz8766] "GET /sw.js HTTP/1.1" 200 -
[matriz8766] "GET /ops_status.json HTTP/1.1" 200 -
[matriz8766] "GET /health HTTP/1.1" 200 -
[matriz8766] "GET /health HTTP/1.1" 200 -
[matriz8766] "GET /health HTTP/1.1" 200 -
[matriz8766] "GET /health HTTP/1.1" 200 -
[matriz8766] "GET /ops_status.json HTTP/1.1" 200 -
[matriz8766] "GET /health HTTP/1.1" 200 -
[matriz8766] "GET /ops_status.json HTTP/1.1" 200 -
[matriz8766] "GET /health HTTP/1.1" 200 -
[matriz8766] "GET /index.html HTTP/1.1" 302 -
[matriz8766] "GET / HTTP/1.1" 200 -
[matriz8766] "GET /assets/aura-api-fallback.js HTTP/1.1" 200 -
[matriz8766] "GET /assets/aura-mic.js HTTP/1.1" 200 -
[matriz8766] "GET /assets/index-2OvrJXuc.js HTTP/1.1" 200 -
[matriz8766] "GET /assets/index-D39k0n9X.css HTTP/1.1" 200 -
[matriz8766] "GET /assets/aura-ui-fix.css HTTP/1.1" 200 -
[matriz8766] "GET /assets/aura-tools-rail.css HTTP/1.1" 200 -
[matriz8766] "GET /assets/aura-tools-rail.js HTTP/1.1" 200 -
[matriz8766] "GET /manus-storage/aura-quant-x-mark_b5517fbd.png HTTP/1.1" 200 -
[matriz8766] "GET /manus-storage/aura-temporal-match-stage_6fe129c0.png HTTP/1.1" 200 -
[matriz8766] "GET /manus-storage/aura-decision-capsule_a20129eb.png HTTP/1.1" 200 -
[matriz8766] "GET /manus-storage/sporting-cp-crest_77b2b829.png HTTP/1.1" 200 -
[matriz8766] "GET /manus-storage/sc-braga-crest_cff6ce03.png HTTP/1.1" 200 -
[matriz8766] "GET /manus-storage/010_brazil_flamengo_053775a7.webp HTTP/1.1" 200 -
[matriz8766] "GET /manus-storage/015_brazil_palmeiras_39ff61df.webp HTTP/1.1" 200 -
[matriz8766] "GET /manus-storage/016_brazil_rb_bragantino_5da23c9e.webp HTTP/1.1" 200 -
[matriz8766] "GET /manus-storage/158_england_arsenal_153f4b2e.webp HTTP/1.1" 200 -
[matriz8766] "GET /manus-storage/162_england_liverpool_78dcadc9.webp HTTP/1.1" 200 -
[matriz8766] "GET /manus-storage/163_england_manchester_city_03b9dc72.webp HTTP/1.1" 200 -
[matriz8766] "GET /manus-storage/aura-command-core_62df8793.png HTTP/1.1" 200 -
[matriz8766] "GET /manus-storage/aura-timeline-arc_5f268e33.png HTTP/1.1" 200 -
[matriz8766] "GET /api/aura/health HTTP/1.1" 200 -
[matriz8766] "GET /api/aura/glm HTTP/1.1" 200 -
[matriz8766] "GET /api/aura/ui-state HTTP/1.1" 200 -
[matriz8766] "GET /api/trpc/alertCenter.list?batch=1&input=%7B%220%22%3A%7B%22json%22%3A%7B%22fixtureId%22%3A%22%22%2C%22severity%22%3Anull%2C%22limit%22%3A120%7D%2C%22meta%22%3A%7B%22values%22%3A%7B%22severity%22%3A%5B%22undefined%22%5D%7D%7D%7D%7D HTTP/1.1" 200 -
[matriz8766] "GET /api/aura/voice HTTP/1.1" 200 -
[matriz8766] "GET /api/aura/bridge HTTP/1.1" 200 -
[matriz8766] "GET /assets/aura-tools-rail.css HTTP/1.1" 200 -
[matriz8766] "GET /api/trpc/alertCenter.list?batch=1&input=%7B%220%22%3A%7B%22json%22%3A%7B%22fixtureId%22%3A%2219636660%22%2C%22severity%22%3Anull%2C%22limit%22%3A120%7D%2C%22meta%22%3A%7B%22values%22%3A%7B%22severity%22%3A%5B%22undefined%22%5D%7D%7D%7D%7D HTTP/1.1" 200 -
[matriz8766] "GET /tools-hub.html HTTP/1.1" 200 -
[matriz8766] "GET /sw.js HTTP/1.1" 200 -
[matriz8766] "GET /sw.js HTTP/1.1" 200 -
[matriz8766] "GET /ops_status.json HTTP/1.1" 200 -
[matriz8766] "GET /operator-os.html HTTP/1.1" 200 -
[matriz8766] "GET /assets/aura-api-fallback.js HTTP/1.1" 200 -
[matriz8766] "GET /assets/index-2OvrJXuc.js HTTP/1.1" 200 -
[matriz8766] "GET /assets/index-D39k0n9X.css HTTP/1.1" 200 -
[matriz8766] "GET /assets/aura-ui-fix.css HTTP/1.1" 200 -
[matriz8766] "GET /assets/aura-tools-rail.css HTTP/1.1" 200 -
[matriz8766] "GET /assets/aura-tools-rail.js HTTP/1.1" 200 -
[matriz8766] "GET /health HTTP/1.1" 200 -
[matriz8766] "GET /assets/aura-tools-rail.css HTTP/1.1" 200 -
[matriz8766] "GET /sw.js HTTP/1.1" 200 -
[matriz8766] "GET /api/aura/health HTTP/1.1" 200 -
[matriz8766] "GET /manus-storage/aura-quant-x-mark_b5517fbd.png HTTP/1.1" 200 -
[matriz8766] "GET /api/aura/glm HTTP/1.1" 200 -
[matriz8766] "GET /manus-storage/aura-temporal-match-stage_6fe129c0.png HTTP/1.1" 200 -
[matriz8766] "GET /manus-storage/aura-decision-capsule_a20129eb.png HTTP/1.1" 200 -
[matriz8766] "GET /manus-storage/sporting-cp-crest_77b2b829.png HTTP/1.1" 200 -
[matriz8766] "GET /api/aura/ui-state HTTP/1.1" 200 -
[matriz8766] "GET /manus-storage/sc-braga-crest_cff6ce03.png HTTP/1.1" 200 -
[matriz8766] "GET /manus-storage/010_brazil_flamengo_053775a7.webp HTTP/1.1" 200 -
[matriz8766] "GET /manus-storage/015_brazil_palmeiras_39ff61df.webp HTTP/1.1" 200 -
[matriz8766] "GET /manus-storage/016_brazil_rb_bragantino_5da23c9e.webp HTTP/1.1" 200 -
[matriz8766] "GET /manus-storage/158_england_arsenal_153f4b2e.webp HTTP/1.1" 200 -
[matriz8766] "GET /manus-storage/162_england_liverpool_78dcadc9.webp HTTP/1.1" 200 -
[matriz8766] "GET /manus-storage/163_england_manchester_city_03b9dc72.webp HTTP/1.1" 200 -
[matriz8766] "GET /manus-storage/aura-command-core_62df8793.png HTTP/1.1" 200 -
[matriz8766] "GET /manus-storage/aura-timeline-arc_5f268e33.png HTTP/1.1" 200 -
[matriz8766] "GET /api/aura/voice HTTP/1.1" 200 -
[matriz8766] "GET /api/trpc/alertCenter.list?batch=1&input=%7B%220%22%3A%7B%22json%22%3A%7B%22fixtureId%22%3A%22%22%2C%22severity%22%3Anull%2C%22limit%22%3A120%7D%2C%22meta%22%3A%7B%22values%22%3A%7B%22severity%22%3A%5B%22undefined%22%5D%7D%7D%7D%7D HTTP/1.1" 200 -
[matriz8766] "GET /api/aura/bridge HTTP/1.1" 200 -
[matriz8766] "GET /api/trpc/alertCenter.list?batch=1&input=%7B%220%22%3A%7B%22json%22%3A%7B%22fixtureId%22%3A%2219636660%22%2C%22severity%22%3Anull%2C%22limit%22%3A120%7D%2C%22meta%22%3A%7B%22values%22%3A%7B%22severity%22%3A%5B%22undefined%22%5D%7D%7D%7D%7D HTTP/1.1" 200 -
[matriz8766] "GET /tools-hub.html HTTP/1.1" 200 -
[matriz8766] "GET /health HTTP/1.1" 200 -
[matriz8766] "GET /sw.js HTTP/1.1" 200 -
[matriz8766] "GET /ops_status.json HTTP/1.1" 200 -
[matriz8766] "GET /cockpit.html HTTP/1.1" 200 -
[matriz8766] "GET /assets/aura-ui-fix.css HTTP/1.1" 200 -
[matriz8766] "GET /assets/aura-tools-rail.css HTTP/1.1" 200 -
[matriz8766] "GET /operator-os.html HTTP/1.1" 200 -
[matriz8766] "GET /assets/aura-tools-rail.js HTTP/1.1" 200 -
[matriz8766] "GET /health HTTP/1.1" 200 -
[matriz8766] "GET /assets/aura-api-fallback.js HTTP/1.1" 200 -
[matriz8766] "GET /assets/index-D39k0n9X.css HTTP/1.1" 200 -
[matriz8766] "GET /assets/index-2OvrJXuc.js HTTP/1.1" 200 -
[matriz8766] "GET /assets/aura-ui-fix.css HTTP/1.1" 200 -
[matriz8766] "GET /assets/aura-tools-rail.css HTTP/1.1" 200 -
[matriz8766] "GET /assets/aura-tools-rail.js HTTP/1.1" 200 -
[matriz8766] "GET /api/aura/ui-state HTTP/1.1" 200 -
[matriz8766] "GET /assets/aura-tools-rail.css HTTP/1.1" 200 -
[matriz8766] "GET /assets/aura-tools-rail.css HTTP/1.1" 200 -
[matriz8766] "GET /health HTTP/1.1" 200 -
[matriz8766] "GET /manus-storage/aura-quant-x-mark_b5517fbd.png HTTP/1.1" 200 -
[matriz8766] "GET /manus-storage/aura-temporal-match-stage_6fe129c0.png HTTP/1.1" 200 -
[matriz8766] "GET /manus-storage/aura-decision-capsule_a20129eb.png HTTP/1.1" 200 -
[matriz8766] "GET /manus-storage/sporting-cp-crest_77b2b829.png HTTP/1.1" 200 -
[matriz8766] "GET /manus-storage/sc-braga-crest_cff6ce03.png HTTP/1.1" 200 -
[matriz8766] "GET /manus-storage/010_brazil_flamengo_053775a7.webp HTTP/1.1" 200 -
[matriz8766] "GET /manus-storage/015_brazil_palmeiras_39ff61df.webp HTTP/1.1" 200 -
[matriz8766] "GET /manus-storage/016_brazil_rb_bragantino_5da23c9e.webp HTTP/1.1" 200 -
[matriz8766] "GET /manus-storage/158_england_arsenal_153f4b2e.webp HTTP/1.1" 200 -
[matriz8766] "GET /manus-storage/162_england_liverpool_78dcadc9.webp HTTP/1.1" 200 -
[matriz8766] "GET /manus-storage/163_england_manchester_city_03b9dc72.webp HTTP/1.1" 200 -
[matriz8766] "GET /sw.js HTTP/1.1" 200 -
[matriz8766] "GET /manus-storage/aura-command-core_62df8793.png HTTP/1.1" 200 -
[matriz8766] "GET /api/aura/health HTTP/1.1" 200 -
[matriz8766] "GET /api/aura/glm HTTP/1.1" 200 -
[matriz8766] "GET /api/aura/ui-state HTTP/1.1" 200 -
[matriz8766] "GET /manus-storage/aura-timeline-arc_5f268e33.png HTTP/1.1" 200 -
[matriz8766] "GET /api/aura/voice HTTP/1.1" 200 -
[matriz8766] "GET /api/trpc/alertCenter.list?batch=1&input=%7B%220%22%3A%7B%22json%22%3A%7B%22fixtureId%22%3A%22%22%2C%22severity%22%3Anull%2C%22limit%22%3A120%7D%2C%22meta%22%3A%7B%22values%22%3A%7B%22severity%22%3A%5B%22undefined%22%5D%7D%7D%7D%7D HTTP/1.1" 200 -
[matriz8766] "GET /api/aura/bridge HTTP/1.1" 200 -
[matriz8766] "GET /api/trpc/alertCenter.list?batch=1&input=%7B%220%22%3A%7B%22json%22%3A%7B%22fixtureId%22%3A%2219636660%22%2C%22severity%22%3Anull%2C%22limit%22%3A120%7D%2C%22meta%22%3A%7B%22values%22%3A%7B%22severity%22%3A%5B%22undefined%22%5D%7D%7D%7D%7D HTTP/1.1" 200 -
[matriz8766] "GET /health HTTP/1.1" 200 -
[matriz8766] "GET /api/aura/ui-state HTTP/1.1" 200 -
[matriz8766] "GET /health HTTP/1.1" 200 -
[matriz8766] "GET /health HTTP/1.1" 200 -
[matriz8766] "GET /api/aura/diagnostic HTTP/1.1" 200 -
[matriz8766] "GET /api/aura/ui-state HTTP/1.1" 200 -
[matriz8766] "GET /health HTTP/1.1" 200 -
[matriz8766] "GET /api/aura/diagnostic HTTP/1.1" 200 -
[matriz8766] "GET /health HTTP/1.1" 200 -
[matriz8766] "GET /api/aura/health HTTP/1.1" 200 -
[matriz8766] "GET /api/aura/glm HTTP/1.1" 200 -
[matriz8766] "GET /api/aura/ui-state HTTP/1.1" 200 -
[matriz8766] "GET /api/aura/voice HTTP/1.1" 200 -
[matriz8766] "GET /api/aura/bridge HTTP/1.1" 200 -
[matriz8766] "GET /api/trpc/alertCenter.list?batch=1&input=%7B%220%22%3A%7B%22json%22%3A%7B%22fixtureId%22%3A%2219636660%22%2C%22severity%22%3Anull%2C%22limit%22%3A120%7D%2C%22meta%22%3A%7B%22values%22%3A%7B%22severity%22%3A%5B%22undefined%22%5D%7D%7D%7D%7D HTTP/1.1" 200 -
[matriz8766] "GET /health HTTP/1.1" 200 -
[matriz8766] "GET /api/aura/ui-state HTTP/1.1" 200 -
[matriz8766] "GET /health HTTP/1.1" 200 -
[matriz8766] "GET /api/aura/ui-state HTTP/1.1" 200 -
[matriz8766] "GET /health HTTP/1.1" 200 -
[matriz8766] "GET /api/aura/health HTTP/1.1" 200 -
[matriz8766] "GET /api/aura/glm HTTP/1.1" 200 -
[matriz8766] "GET /api/aura/ui-state HTTP/1.1" 200 -
[matriz8766] "GET /api/aura/voice HTTP/1.1" 200 -
[matriz8766] "GET /api/aura/bridge HTTP/1.1" 200 -
[matriz8766] "GET /api/trpc/alertCenter.list?batch=1&input=%7B%220%22%3A%7B%22json%22%3A%7B%22fixtureId%22%3A%2219636660%22%2C%22severity%22%3Anull%2C%22limit%22%3A120%7D%2C%22meta%22%3A%7B%22values%22%3A%7B%22severity%22%3A%5B%22undefined%22%5D%7D%7D%7D%7D HTTP/1.1" 200 -
[matriz8766] "GET /health HTTP/1.1" 200 -
[matriz8766] "GET /health HTTP/1.1" 200 -
[matriz8766] "GET /api/aura/ui-state HTTP/1.1" 200 -
[matriz8766] "GET /health HTTP/1.1" 200 -
[matriz8766] "GET /health HTTP/1.1" 200 -
[matriz8766] "GET /api/aura/ui-state HTTP/1.1" 200 -
[matriz8766] "GET /health HTTP/1.1" 200 -
[matriz8766] "GET /api/aura/health HTTP/1.1" 200 -
[matriz8766] "GET /api/aura/glm HTTP/1.1" 200 -
[matriz8766] "GET /api/aura/ui-state HTTP/1.1" 200 -
[matriz8766] "GET /api/aura/voice HTTP/1.1" 200 -
[matriz8766] "GET /api/aura/bridge HTTP/1.1" 200 -
[matriz8766] "GET /api/trpc/alertCenter.list?batch=1&input=%7B%220%22%3A%7B%22json%22%3A%7B%22fixtureId%22%3A%2219636660%22%2C%22severity%22%3Anull%2C%22limit%22%3A120%7D%2C%22meta%22%3A%7B%22values%22%3A%7B%22severity%22%3A%5B%22undefined%22%5D%7D%7D%7D%7D HTTP/1.1" 200 -
[matriz8766] "GET /health HTTP/1.1" 200 -
[matriz8766] "GET /api/aura/ui-state HTTP/1.1" 200 -
[matriz8766] "GET /health HTTP/1.1" 200 -
[matriz8766] "GET /api/aura/ui-state HTTP/1.1" 200 -
[matriz8766] "GET /api/aura/health HTTP/1.1" 200 -
[matriz8766] "GET /api/aura/glm HTTP/1.1" 200 -
[matriz8766] "GET /api/aura/ui-state HTTP/1.1" 200 -
[matriz8766] "GET /api/aura/voice HTTP/1.1" 200 -
[matriz8766] "GET /api/aura/bridge HTTP/1.1" 200 -
[matriz8766] "GET /api/trpc/alertCenter.list?batch=1&input=%7B%220%22%3A%7B%22json%22%3A%7B%22fixtureId%22%3A%2219636660%22%2C%22severity%22%3Anull%2C%22limit%22%3A120%7D%2C%22meta%22%3A%7B%22values%22%3A%7B%22severity%22%3A%5B%22undefined%22%5D%7D%7D%7D%7D HTTP/1.1" 200 -
[matriz8766] "GET /health HTTP/1.1" 200 -
[matriz8766] "GET /health HTTP/1.1" 200 -
[matriz8766] "GET /api/aura/ui-state HTTP/1.1" 200 -
[matriz8766] "GET /health HTTP/1.1" 200 -
[matriz8766] "GET /api/aura/ui-state HTTP/1.1" 200 -
[matriz8766] "GET /health HTTP/1.1" 200 -
[matriz8766] "GET /api/aura/health HTTP/1.1" 200 -
[matriz8766] "GET /api/aura/glm HTTP/1.1" 200 -
[matriz8766] "GET /api/aura/ui-state HTTP/1.1" 200 -
[matriz8766] "GET /api/aura/voice HTTP/1.1" 200 -
[matriz8766] "GET /api/aura/bridge HTTP/1.1" 200 -
[matriz8766] "GET /api/trpc/alertCenter.list?batch=1&input=%7B%220%22%3A%7B%22json%22%3A%7B%22fixtureId%22%3A%2219636660%22%2C%22severity%22%3Anull%2C%22limit%22%3A120%7D%2C%22meta%22%3A%7B%22values%22%3A%7B%22severity%22%3A%5B%22undefined%22%5D%7D%7D%7D%7D HTTP/1.1" 200 -
[matriz8766] "GET /health HTTP/1.1" 200 -
[matriz8766] "GET /health HTTP/1.1" 200 -
[matriz8766] "GET /api/aura/ui-state HTTP/1.1" 200 -
[matriz8766] "GET /health HTTP/1.1" 200 -
[matriz8766] "GET /api/aura/ui-state HTTP/1.1" 200 -
[matriz8766] "GET /api/aura/health HTTP/1.1" 200 -
[matriz8766] "GET /api/aura/glm HTTP/1.1" 200 -
[matriz8766] "GET /api/aura/ui-state HTTP/1.1" 200 -
[matriz8766] "GET /api/aura/voice HTTP/1.1" 200 -
[matriz8766] "GET /api/aura/bridge HTTP/1.1" 200 -
[matriz8766] "GET /api/trpc/alertCenter.list?batch=1&input=%7B%220%22%3A%7B%22json%22%3A%7B%22fixtureId%22%3A%2219636660%22%2C%22severity%22%3Anull%2C%22limit%22%3A120%7D%2C%22meta%22%3A%7B%22values%22%3A%7B%22severity%22%3A%5B%22undefined%22%5D%7D%7D%7D%7D HTTP/1.1" 200 -
[matriz8766] "GET /health HTTP/1.1" 200 -
[matriz8766] "GET /health HTTP/1.1" 200 -
[matriz8766] "GET /api/aura/ui-state HTTP/1.1" 200 -
[matriz8766] "GET /health HTTP/1.1" 200 -
[matriz8766] "GET /api/aura/ui-state HTTP/1.1" 200 -
[matriz8766] "GET /api/aura/health HTTP/1.1" 200 -
[matriz8766] "GET /api/aura/glm HTTP/1.1" 200 -
[matriz8766] "GET /api/aura/ui-state HTTP/1.1" 200 -
[matriz8766] "GET /api/aura/voice HTTP/1.1" 200 -
[matriz8766] "GET /api/aura/bridge HTTP/1.1" 200 -
[matriz8766] "GET /api/trpc/alertCenter.list?batch=1&input=%7B%220%22%3A%7B%22json%22%3A%7B%22fixtureId%22%3A%2219636660%22%2C%22severity%22%3Anull%2C%22limit%22%3A120%7D%2C%22meta%22%3A%7B%22values%22%3A%7B%22severity%22%3A%5B%22undefined%22%5D%7D%7D%7D%7D HTTP/1.1" 200 -
[matriz8766] "GET /health HTTP/1.1" 200 -
[matriz8766] "GET /api/aura/ui-state HTTP/1.1" 200 -
[matriz8766] "GET /health HTTP/1.1" 200 -
[matriz8766] "GET /health HTTP/1.1" 200 -
[matriz8766] "GET /api/aura/ui-state HTTP/1.1" 200 -
[matriz8766] "GET /api/aura/voice HTTP/1.1" 200 -
[matriz8766] "GET /api/aura/health HTTP/1.1" 200 -
[matriz8766] "GET /api/aura/glm HTTP/1.1" 200 -
[matriz8766] "GET /api/aura/ui-state HTTP/1.1" 200 -
[matriz8766] "GET /api/aura/bridge HTTP/1.1" 200 -
[matriz8766] "GET /api/trpc/alertCenter.list?batch=1&input=%7B%220%22%3A%7B%22json%22%3A%7B%22fixtureId%22%3A%2219636660%22%2C%22severity%22%3Anull%2C%22limit%22%3A120%7D%2C%22meta%22%3A%7B%22values%22%3A%7B%22severity%22%3A%5B%22undefined%22%5D%7D%7D%7D%7D HTTP/1.1" 200 -
[matriz8766] "GET /health HTTP/1.1" 200 -
[matriz8766] "GET /api/aura/ui-state HTTP/1.1" 200 -
[matriz8766] "GET /health HTTP/1.1" 200 -
[matriz8766] "GET /health HTTP/1.1" 200 -
[matriz8766] "GET /api/aura/ui-state HTTP/1.1" 200 -
[matriz8766] "GET /api/aura/voice HTTP/1.1" 200 -
[matriz8766] "GET /api/aura/bridge HTTP/1.1" 200 -
[matriz8766] "GET /api/trpc/alertCenter.list?batch=1&input=%7B%220%22%3A%7B%22json%22%3A%7B%22fixtureId%22%3A%2219636660%22%2C%22severity%22%3Anull%2C%22limit%22%3A120%7D%2C%22meta%22%3A%7B%22values%22%3A%7B%22severity%22%3A%5B%22undefined%22%5D%7D%7D%7D%7D HTTP/1.1" 200 -
[matriz8766] "GET /health HTTP/1.1" 200 -
[matriz8766] "GET /api/aura/health HTTP/1.1" 200 -
[matriz8766] "GET /api/aura/glm HTTP/1.1" 200 -
[matriz8766] "GET /api/aura/ui-state HTTP/1.1" 200 -
[matriz8766] "GET /api/aura/ui-state HTTP/1.1" 200 -
[matriz8766] "GET /health HTTP/1.1" 200 -
[matriz8766] "GET /health HTTP/1.1" 200 -
[matriz8766] "GET /api/aura/ui-state HTTP/1.1" 200 -
[matriz8766] "GET /api/aura/voice HTTP/1.1" 200 -
[matriz8766] "GET /api/aura/bridge HTTP/1.1" 200 -
[matriz8766] "GET /api/trpc/alertCenter.list?batch=1&input=%7B%220%22%3A%7B%22json%22%3A%7B%22fixtureId%22%3A%2219636660%22%2C%22severity%22%3Anull%2C%22limit%22%3A120%7D%2C%22meta%22%3A%7B%22values%22%3A%7B%22severity%22%3A%5B%22undefined%22%5D%7D%7D%7D%7D HTTP/1.1" 200 -
[matriz8766] "GET /api/aura/health HTTP/1.1" 200 -
[matriz8766] "GET /api/aura/glm HTTP/1.1" 200 -
[matriz8766] "GET /health HTTP/1.1" 200 -
[matriz8766] "GET /api/aura/ui-state HTTP/1.1" 200 -
[matriz8766] "GET /health HTTP/1.1" 200 -
[matriz8766] "GET /health HTTP/1.1" 200 -
[matriz8766] "GET /api/aura/ui-state HTTP/1.1" 200 -
[matriz8766] "GET /health HTTP/1.1" 200 -
[matriz8766] "GET /health HTTP/1.1" 200 -
[matriz8766] "GET /api/aura/ui-state HTTP/1.1" 200 -
[matriz8766] "GET /api/aura/voice HTTP/1.1" 200 -
[matriz8766] "GET /api/aura/bridge HTTP/1.1" 200 -
[matriz8766] "GET /api/trpc/alertCenter.list?batch=1&input=%7B%220%22%3A%7B%22json%22%3A%7B%22fixtureId%22%3A%2219636660%22%2C%22severity%22%3Anull%2C%22limit%22%3A120%7D%2C%22meta%22%3A%7B%22values%22%3A%7B%22severity%22%3A%5B%22undefined%22%5D%7D%7D%7D%7D HTTP/1.1" 200 -
[matriz8766] "GET /api/aura/health HTTP/1.1" 200 -
[matriz8766] "GET /api/aura/glm HTTP/1.1" 200 -
[matriz8766] "GET /api/aura/ui-state HTTP/1.1" 200 -
[matriz8766] "GET /health HTTP/1.1" 200 -
[matriz8766] "GET /api/aura/ui-state HTTP/1.1" 200 -
[matriz8766] "GET /health HTTP/1.1" 200 -
[matriz8766] "GET /health HTTP/1.1" 200 -
[matriz8766] "GET /api/aura/ui-state HTTP/1.1" 200 -
[matriz8766] "GET /api/aura/voice HTTP/1.1" 200 -
[matriz8766] "GET /api/aura/bridge HTTP/1.1" 200 -
[matriz8766] "GET /api/trpc/alertCenter.list?batch=1&input=%7B%220%22%3A%7B%22json%22%3A%7B%22fixtureId%22%3A%2219636660%22%2C%22severity%22%3Anull%2C%22limit%22%3A120%7D%2C%22meta%22%3A%7B%22values%22%3A%7B%22severity%22%3A%5B%22undefined%22%5D%7D%7D%7D%7D HTTP/1.1" 200 -
[matriz8766] "GET /api/aura/health HTTP/1.1" 200 -
[matriz8766] "GET /api/aura/glm HTTP/1.1" 200 -
[matriz8766] "GET /api/aura/ui-state HTTP/1.1" 200 -
[matriz8766] "GET /health HTTP/1.1" 200 -
[matriz8766] "GET /api/aura/ui-state HTTP/1.1" 200 -
[matriz8766] "GET /health HTTP/1.1" 200 -
[matriz8766] "GET /cockpit.html HTTP/1.1" 200 -
[matriz8766] "GET /assets/aura-ui-fix.css HTTP/1.1" 200 -
[matriz8766] "GET /operator-os.html HTTP/1.1" 200 -
[matriz8766] "GET /assets/aura-tools-rail.css HTTP/1.1" 200 -
[matriz8766] "GET /assets/aura-tools-rail.js HTTP/1.1" 200 -
[matriz8766] "GET /health HTTP/1.1" 200 -
[matriz8766] "GET /assets/aura-api-fallback.js HTTP/1.1" 200 -
[matriz8766] "GET /assets/index-D39k0n9X.css HTTP/1.1" 200 -
[matriz8766] "GET /assets/aura-ui-fix.css HTTP/1.1" 200 -
[matriz8766] "GET /assets/index-2OvrJXuc.js HTTP/1.1" 200 -
[matriz8766] "GET /assets/aura-tools-rail.css HTTP/1.1" 200 -
[matriz8766] "GET /assets/aura-tools-rail.js HTTP/1.1" 200 -
[matriz8766] "GET /favicon.ico HTTP/1.1" 200 -
[matriz8766] "GET /assets/aura-tools-rail.css HTTP/1.1" 200 -
[matriz8766] "GET /assets/aura-tools-rail.css HTTP/1.1" 200 -
[matriz8766] "GET /api/aura/ui-state HTTP/1.1" 200 -
[matriz8766] "GET /health HTTP/1.1" 200 -
[matriz8766] "GET /sw.js HTTP/1.1" 200 -
[matriz8766] "GET /api/aura/ui-state HTTP/1.1" 200 -
[matriz8766] "GET /health HTTP/1.1" 200 -
[matriz8766] "GET /health HTTP/1.1" 200 -
[matriz8766] "GET /api/aura/ui-state HTTP/1.1" 200 -
[matriz8766] "GET /health HTTP/1.1" 200 -
[matriz8766] "GET /api/aura/ui-state HTTP/1.1" 200 -
[matriz8766] "GET /health HTTP/1.1" 200 -
[matriz8766] "GET /health HTTP/1.1" 200 -
[matriz8766] "GET /api/aura/ui-state HTTP/1.1" 200 -
[matriz8766] "GET /health HTTP/1.1" 200 -
[matriz8766] "GET /api/aura/ui-state HTTP/1.1" 200 -
[matriz8766] "GET /health HTTP/1.1" 200 -
[matriz8766] "GET /health HTTP/1.1" 200 -
[matriz8766] "GET /api/aura/ui-state HTTP/1.1" 200 -
[matriz8766] "GET /health HTTP/1.1" 200 -
[matriz8766] "GET /api/aura/ui-state HTTP/1.1" 200 -
[matriz8766] "GET /health HTTP/1.1" 200 -
[matriz8766] "GET /health HTTP/1.1" 200 -
[matriz8766] "GET /api/aura/ui-state HTTP/1.1" 200 -
[matriz8766] "GET /health HTTP/1.1" 200 -
[matriz8766] "GET /api/aura/ui-state HTTP/1.1" 200 -
[matriz8766] "GET /health HTTP/1.1" 200 -
[matriz8766] "GET /health HTTP/1.1" 200 -
[matriz8766] "GET /api/aura/ui-state HTTP/1.1" 200 -
[matriz8766] "GET /health HTTP/1.1" 200 -
[matriz8766] "GET /health HTTP/1.1" 200 -
[matriz8766] "GET /health HTTP/1.1" 200 -
[matriz8766] "GET /api/aura/ui-state HTTP/1.1" 200 -
[matriz8766] "GET /health HTTP/1.1" 200 -
[matriz8766] "GET /health HTTP/1.1" 200 -
[matriz8766] "GET /api/aura/ui-state HTTP/1.1" 200 -
[matriz8766] "GET /health HTTP/1.1" 200 -
[matriz8766] "GET /health HTTP/1.1" 200 -
[matriz8766] "GET /health HTTP/1.1" 200 -
[matriz8766] "GET /api/aura/ui-state HTTP/1.1" 200 -
[matriz8766] "GET /health HTTP/1.1" 200 -
[matriz8766] "GET /health HTTP/1.1" 200 -
[matriz8766] "GET /api/aura/ui-state HTTP/1.1" 200 -
[matriz8766] "GET /health HTTP/1.1" 200 -
[matriz8766] "GET /api/aura/ui-state HTTP/1.1" 200 -
[matriz8766] "GET /health HTTP/1.1" 200 -
[matriz8766] "GET /health HTTP/1.1" 200 -
[matriz8766] "GET /api/aura/ui-state HTTP/1.1" 200 -
[matriz8766] "GET /health HTTP/1.1" 200 -
[matriz8766] "GET /api/aura/ui-state HTTP/1.1" 200 -
[matriz8766] "GET /sw.js HTTP/1.1" 200 -
[matriz8766] "GET /health HTTP/1.1" 200 -
[matriz8766] "GET /api/aura/ui-state HTTP/1.1" 200 -
[matriz8766] "GET /health HTTP/1.1" 200 -
[matriz8766] "GET /health HTTP/1.1" 200 -
[matriz8766] "GET /api/aura/ui-state HTTP/1.1" 200 -
[matriz8766] "GET /health HTTP/1.1" 200 -
[matriz8766] "GET /api/aura/ui-state HTTP/1.1" 200 -
[matriz8766] "GET /health HTTP/1.1" 200 -
[matriz8766] "GET /health HTTP/1.1" 200 -
[matriz8766] "GET /api/aura/ui-state HTTP/1.1" 200 -
[matriz8766] "GET /health HTTP/1.1" 200 -
[matriz8766] "GET /api/aura/ui-state HTTP/1.1" 200 -
[matriz8766] "GET /health HTTP/1.1" 200 -
[matriz8766] "GET /health HTTP/1.1" 200 -
[matriz8766] "GET /api/aura/ui-state HTTP/1.1" 200 -
[matriz8766] "GET /health HTTP/1.1" 200 -
[matriz8766] "GET /api/aura/ui-state HTTP/1.1" 200 -
[matriz8766] "GET /health HTTP/1.1" 200 -
[matriz8766] "GET /health HTTP/1.1" 200 -
[matriz8766] "GET /api/aura/ui-state HTTP/1.1" 200 -
[matriz8766] "GET /health HTTP/1.1" 200 -
[matriz8766] "GET /health HTTP/1.1" 200 -
[matriz8766] "GET /health HTTP/1.1" 200 -
[matriz8766] "GET /api/aura/ui-state HTTP/1.1" 200 -
[matriz8766] "GET /health HTTP/1.1" 200 -
[matriz8766] "GET /health HTTP/1.1" 200 -
[matriz8766] "GET /api/aura/ui-state HTTP/1.1" 200 -
[matriz8766] "GET /health HTTP/1.1" 200 -
[matriz8766] "GET /health HTTP/1.1" 200 -
[matriz8766] "GET /api/aura/ui-state HTTP/1.1" 200 -
[matriz8766] "GET /health HTTP/1.1" 200 -
[matriz8766] "GET /health HTTP/1.1" 200 -
[matriz8766] "GET /api/aura/ui-state HTTP/1.1" 200 -
[matriz8766] "GET /health HTTP/1.1" 200 -
[matriz8766] "GET /api/aura/ui-state HTTP/1.1" 200 -
[matriz8766] "GET /health HTTP/1.1" 200 -
[matriz8766] "GET /health HTTP/1.1" 200 -
[matriz8766] "GET /api/aura/ui-state HTTP/1.1" 200 -
[matriz8766] "GET /health HTTP/1.1" 200 -
[matriz8766] "GET /health HTTP/1.1" 200 -
[matriz8766] "GET /api/aura/ui-state HTTP/1.1" 200 -
[matriz8766] "GET /health HTTP/1.1" 200 -
[matriz8766] "GET /health HTTP/1.1" 200 -
[matriz8766] "GET /api/aura/ui-state HTTP/1.1" 200 -
[matriz8766] "GET /health HTTP/1.1" 200 -
[matriz8766] "GET /api/aura/ui-state HTTP/1.1" 200 -
[matriz8766] "GET /health HTTP/1.1" 200 -
[matriz8766] "GET /health HTTP/1.1" 200 -
[matriz8766] "GET /api/aura/ui-state HTTP/1.1" 200 -
[matriz8766] "GET /health HTTP/1.1" 200 -
[matriz8766] "GET /api/aura/ui-state HTTP/1.1" 200 -
[matriz8766] "GET /health HTTP/1.1" 200 -
[matriz8766] "GET /health HTTP/1.1" 200 -
[matriz8766] "GET /api/aura/ui-state HTTP/1.1" 200 -
[matriz8766] "GET /health HTTP/1.1" 200 -
[matriz8766] "GET /api/aura/ui-state HTTP/1.1" 200 -
[matriz8766] "GET /health HTTP/1.1" 200 -
[matriz8766] "GET /health HTTP/1.1" 200 -
[matriz8766] "GET /api/aura/ui-state HTTP/1.1" 200 -
[matriz8766] "GET /health HTTP/1.1" 200 -
[matriz8766] "GET /api/aura/ui-state HTTP/1.1" 200 -
[matriz8766] "GET /health HTTP/1.1" 200 -
[matriz8766] "GET /health HTTP/1.1" 200 -
[matriz8766] "GET /health HTTP/1.1" 200 -
[matriz8766] "GET /health HTTP/1.1" 200 -
[matriz8766] "GET /api/aura/ui-state HTTP/1.1" 200 -
[matriz8766] "GET /health HTTP/1.1" 200 -
[matriz8766] "GET /api/aura/ui-state HTTP/1.1" 200 -
[matriz8766] "GET /health HTTP/1.1" 200 -
[matriz8766] "GET /api/aura/ui-state HTTP/1.1" 200 -
[matriz8766] "GET /health HTTP/1.1" 200 -
[matriz8766] "GET /health HTTP/1.1" 200 -
[matriz8766] "GET /api/aura/ui-state HTTP/1.1" 200 -
[matriz8766] "GET /health HTTP/1.1" 200 -
[matriz8766] "GET /api/aura/ui-state HTTP/1.1" 200 -
[matriz8766] "GET /health HTTP/1.1" 200 -
[matriz8766] "GET /health HTTP/1.1" 200 -
[matriz8766] "GET /api/aura/ui-state HTTP/1.1" 200 -
[matriz8766] "GET /health HTTP/1.1" 200 -
[matriz8766] "GET /api/aura/ui-state HTTP/1.1" 200 -
[matriz8766] "GET /health HTTP/1.1" 200 -
[matriz8766] "GET /health HTTP/1.1" 200 -
[matriz8766] "GET /api/aura/ui-state HTTP/1.1" 200 -
[matriz8766] "GET /health HTTP/1.1" 200 -
[matriz8766] "GET /api/aura/ui-state HTTP/1.1" 200 -
[matriz8766] "GET /health HTTP/1.1" 200 -
[matriz8766] "GET /health HTTP/1.1" 200 -
[matriz8766] "GET /api/aura/ui-state HTTP/1.1" 200 -
[matriz8766] "GET /health HTTP/1.1" 200 -
[matriz8766] "GET /api/aura/ui-state HTTP/1.1" 200 -
[matriz8766] "GET /health HTTP/1.1" 200 -
[matriz8766] "GET /health HTTP/1.1" 200 -
[matriz8766] "GET /api/aura/ui-state HTTP/1.1" 200 -
[matriz8766] "GET /health HTTP/1.1" 200 -
[matriz8766] "GET /api/aura/ui-state HTTP/1.1" 200 -
[matriz8766] "GET /health HTTP/1.1" 200 -
[matriz8766] "GET /health HTTP/1.1" 200 -
[matriz8766] "GET /api/aura/ui-state HTTP/1.1" 200 -
[matriz8766] "GET /health HTTP/1.1" 200 -
[matriz8766] "GET /api/aura/ui-state HTTP/1.1" 200 -
[matriz8766] "GET /health HTTP/1.1" 200 -
[matriz8766] "GET /health HTTP/1.1" 200 -
[matriz8766] "GET /health HTTP/1.1" 200 -
[matriz8766] "GET /api/aura/ui-state HTTP/1.1" 200 -
[matriz8766] "GET /health HTTP/1.1" 200 -
[matriz8766] "GET /health HTTP/1.1" 200 -
[matriz8766] "GET /api/aura/ui-state HTTP/1.1" 200 -
[matriz8766] "GET /health HTTP/1.1" 200 -
[matriz8766] "GET /health HTTP/1.1" 200 -
[matriz8766] "GET /health HTTP/1.1" 200 -
[matriz8766] "GET /api/aura/ui-state HTTP/1.1" 200 -
[matriz8766] "GET /health HTTP/1.1" 200 -
[matriz8766] "GET /api/aura/ui-state HTTP/1.1" 200 -
[matriz8766] "GET /health HTTP/1.1" 200 -
[matriz8766] "GET /health HTTP/1.1" 200 -
[matriz8766] "GET /api/aura/ui-state HTTP/1.1" 200 -
[matriz8766] "GET /health HTTP/1.1" 200 -
[matriz8766] "GET /api/aura/ui-state HTTP/1.1" 200 -
[matriz8766] "GET /health HTTP/1.1" 200 -
[matriz8766] "GET /health HTTP/1.1" 200 -
[matriz8766] "GET /api/aura/ui-state HTTP/1.1" 200 -
[matriz8766] "GET /health HTTP/1.1" 200 -
[matriz8766] "GET /api/aura/ui-state HTTP/1.1" 200 -
[matriz8766] "GET /health HTTP/1.1" 200 -
[matriz8766] "GET /health HTTP/1.1" 200 -
[matriz8766] "GET /api/aura/ui-state HTTP/1.1" 200 -
[matriz8766] "GET /health HTTP/1.1" 200 -
[matriz8766] "GET /api/aura/ui-state HTTP/1.1" 200 -
[matriz8766] "GET /health HTTP/1.1" 200 -
[matriz8766] "GET /health HTTP/1.1" 200 -
[matriz8766] "GET /api/aura/ui-state HTTP/1.1" 200 -
[matriz8766] "GET /health HTTP/1.1" 200 -
[matriz8766] "GET /api/aura/ui-state HTTP/1.1" 200 -
[matriz8766] "GET /health HTTP/1.1" 200 -
[matriz8766] "GET /health HTTP/1.1" 200 -
[matriz8766] "GET /api/aura/ui-state HTTP/1.1" 200 -
[matriz8766] "GET /health HTTP/1.1" 200 -
[matriz8766] "GET /api/aura/ui-state HTTP/1.1" 200 -
[matriz8766] "GET /health HTTP/1.1" 200 -
[matriz8766] "GET /health HTTP/1.1" 200 -
[matriz8766] "GET /api/aura/ui-state HTTP/1.1" 200 -
[matriz8766] "GET /health HTTP/1.1" 200 -
[matriz8766] "GET /api/aura/ui-state HTTP/1.1" 200 -
[matriz8766] "GET /health HTTP/1.1" 200 -
[matriz8766] "GET /health HTTP/1.1" 200 -
[matriz8766] "GET /health HTTP/1.1" 200 -
[matriz8766] "GET /health HTTP/1.1" 200 -
[matriz8766] "GET /api/aura/ui-state HTTP/1.1" 200 -
[matriz8766] "GET /health HTTP/1.1" 200 -
[matriz8766] "GET /api/aura/ui-state HTTP/1.1" 200 -
[matriz8766] "GET /health HTTP/1.1" 200 -
[matriz8766] "GET /health HTTP/1.1" 200 -
[matriz8766] "GET /api/aura/ui-state HTTP/1.1" 200 -
[matriz8766] "GET /health HTTP/1.1" 200 -
[matriz8766] "GET /api/aura/ui-state HTTP/1.1" 200 -
[matriz8766] "GET /health HTTP/1.1" 200 -
[matriz8766] "GET /health HTTP/1.1" 200 -
[matriz8766] "GET /api/aura/ui-state HTTP/1.1" 200 -
[matriz8766] "GET /health HTTP/1.1" 200 -
[matriz8766] "GET /api/aura/ui-state HTTP/1.1" 200 -
[matriz8766] "GET /health HTTP/1.1" 200 -
[matriz8766] "GET /health HTTP/1.1" 200 -
[matriz8766] "GET /api/aura/ui-state HTTP/1.1" 200 -
[matriz8766] "GET /health HTTP/1.1" 200 -
[matriz8766] "GET /api/aura/ui-state HTTP/1.1" 200 -
[matriz8766] "GET /health HTTP/1.1" 200 -
[matriz8766] "GET /health HTTP/1.1" 200 -
[matriz8766] "GET /api/aura/ui-state HTTP/1.1" 200 -
[matriz8766] "GET /health HTTP/1.1" 200 -
[matriz8766] "GET /api/aura/ui-state HTTP/1.1" 200 -
[matriz8766] "GET /health HTTP/1.1" 200 -
[matriz8766] "GET /health HTTP/1.1" 200 -
[matriz8766] "GET /api/aura/ui-state HTTP/1.1" 200 -
[matriz8766] "GET /health HTTP/1.1" 200 -
[matriz8766] "GET /api/aura/ui-state HTTP/1.1" 200 -
[matriz8766] "GET /health HTTP/1.1" 200 -
[matriz8766] "GET /health HTTP/1.1" 200 -
[matriz8766] "GET /api/aura/ui-state HTTP/1.1" 200 -
[matriz8766] "GET /health HTTP/1.1" 200 -
[matriz8766] "GET /api/aura/ui-state HTTP/1.1" 200 -
[matriz8766] "GET /health HTTP/1.1" 200 -
[matriz8766] "GET /api/aura/ui-state HTTP/1.1" 200 -
[matriz8766] "GET /health HTTP/1.1" 200 -
[matriz8766] "GET /health HTTP/1.1" 200 -
[matriz8766] "GET /health HTTP/1.1" 200 -
[matriz8766] "GET /health HTTP/1.1" 200 -
[matriz8766] "GET /api/aura/ui-state HTTP/1.1" 200 -
[matriz8766] "GET /health HTTP/1.1" 200 -
[matriz8766] "GET /api/aura/ui-state HTTP/1.1" 200 -
[matriz8766] "GET /health HTTP/1.1" 200 -
[matriz8766] "GET /health HTTP/1.1" 200 -
[matriz8766] "GET /api/aura/ui-state HTTP/1.1" 200 -
[matriz8766] "GET /health HTTP/1.1" 200 -
[matriz8766] "GET /api/aura/ui-state HTTP/1.1" 200 -
[matriz8766] "GET /health HTTP/1.1" 200 -
[matriz8766] "GET /health HTTP/1.1" 200 -
[matriz8766] "GET /api/aura/ui-state HTTP/1.1" 200 -
[matriz8766] "GET /health HTTP/1.1" 200 -
[matriz8766] "GET /api/aura/ui-state HTTP/1.1" 200 -
[matriz8766] "GET /health HTTP/1.1" 200 -
[matriz8766] "GET /health HTTP/1.1" 200 -
[matriz8766] "GET /api/aura/ui-state HTTP/1.1" 200 -
[matriz8766] "GET /health HTTP/1.1" 200 -
[matriz8766] "GET /api/aura/ui-state HTTP/1.1" 200 -
[matriz8766] "GET /health HTTP/1.1" 200 -
[matriz8766] "GET /health HTTP/1.1" 200 -
[matriz8766] "GET /api/aura/ui-state HTTP/1.1" 200 -
[matriz8766] "GET /health HTTP/1.1" 200 -
[matriz8766] "GET /api/aura/ui-state HTTP/1.1" 200 -
[matriz8766] "GET /health HTTP/1.1" 200 -
[matriz8766] "GET /api/aura/health HTTP/1.1" 200 -
[matriz8766] "GET /api/aura/glm HTTP/1.1" 200 -
[matriz8766] "GET /manus-storage/aura-quant-x-mark_b5517fbd.png HTTP/1.1" 200 -
[matriz8766] "GET /manus-storage/aura-temporal-match-stage_6fe129c0.png HTTP/1.1" 200 -
[matriz8766] "GET /manus-storage/aura-decision-capsule_a20129eb.png HTTP/1.1" 200 -
[matriz8766] "GET /manus-storage/sporting-cp-crest_77b2b829.png HTTP/1.1" 200 -
[matriz8766] "GET /manus-storage/sc-braga-crest_cff6ce03.png HTTP/1.1" 200 -
[matriz8766] "GET /manus-storage/010_brazil_flamengo_053775a7.webp HTTP/1.1" 200 -
[matriz8766] "GET /manus-storage/015_brazil_palmeiras_39ff61df.webp HTTP/1.1" 200 -
[matriz8766] "GET /manus-storage/016_brazil_rb_bragantino_5da23c9e.webp HTTP/1.1" 200 -
[matriz8766] "GET /manus-storage/158_england_arsenal_153f4b2e.webp HTTP/1.1" 200 -
[matriz8766] "GET /manus-storage/162_england_liverpool_78dcadc9.webp HTTP/1.1" 200 -
[matriz8766] "GET /manus-storage/163_england_manchester_city_03b9dc72.webp HTTP/1.1" 200 -
[matriz8766] "GET /api/aura/ui-state HTTP/1.1" 200 -
[matriz8766] "GET /manus-storage/aura-command-core_62df8793.png HTTP/1.1" 200 -
[matriz8766] "GET /api/aura/voice HTTP/1.1" 200 -
[matriz8766] "GET /manus-storage/aura-timeline-arc_5f268e33.png HTTP/1.1" 200 -
[matriz8766] "GET /api/aura/bridge HTTP/1.1" 200 -
[matriz8766] "GET /api/trpc/alertCenter.list?batch=1&input=%7B%220%22%3A%7B%22json%22%3A%7B%22fixtureId%22%3A%22%22%2C%22severity%22%3Anull%2C%22limit%22%3A120%7D%2C%22meta%22%3A%7B%22values%22%3A%7B%22severity%22%3A%5B%22undefined%22%5D%7D%7D%7D%7D HTTP/1.1" 200 -
[matriz8766] "GET /api/trpc/alertCenter.list?batch=1&input=%7B%220%22%3A%7B%22json%22%3A%7B%22fixtureId%22%3A%2219636660%22%2C%22severity%22%3Anull%2C%22limit%22%3A120%7D%2C%22meta%22%3A%7B%22values%22%3A%7B%22severity%22%3A%5B%22undefined%22%5D%7D%7D%7D%7D HTTP/1.1" 200 -
[matriz8766] "GET /health HTTP/1.1" 200 -
[matriz8766] "GET /api/aura/ui-state HTTP/1.1" 200 -
[matriz8766] "GET /health HTTP/1.1" 200 -
[matriz8766] "GET /api/aura/ui-state HTTP/1.1" 200 -
[matriz8766] "GET /health HTTP/1.1" 200 -
[matriz8766] "GET /api/aura/health HTTP/1.1" 200 -
[matriz8766] "GET /api/aura/glm HTTP/1.1" 200 -
[matriz8766] "GET /api/aura/ui-state HTTP/1.1" 200 -
[matriz8766] "GET /api/aura/voice HTTP/1.1" 200 -
[matriz8766] "GET /api/aura/bridge HTTP/1.1" 200 -
[matriz8766] "GET /api/trpc/alertCenter.list?batch=1&input=%7B%220%22%3A%7B%22json%22%3A%7B%22fixtureId%22%3A%2219636660%22%2C%22severity%22%3Anull%2C%22limit%22%3A120%7D%2C%22meta%22%3A%7B%22values%22%3A%7B%22severity%22%3A%5B%22undefined%22%5D%7D%7D%7D%7D HTTP/1.1" 200 -
[matriz8766] "GET /health HTTP/1.1" 200 -
[matriz8766] "GET /api/aura/ui-state HTTP/1.1" 200 -
[matriz8766] "GET /health HTTP/1.1" 200 -
[matriz8766] "GET /api/aura/ui-state HTTP/1.1" 200 -
[matriz8766] "GET /health HTTP/1.1" 200 -
[matriz8766] "GET /api/aura/health HTTP/1.1" 200 -
[matriz8766] "GET /api/aura/glm HTTP/1.1" 200 -
[matriz8766] "GET /api/aura/ui-state HTTP/1.1" 200 -
[matriz8766] "GET /api/aura/voice HTTP/1.1" 200 -
[matriz8766] "GET /api/aura/bridge HTTP/1.1" 200 -
[matriz8766] "GET /api/trpc/alertCenter.list?batch=1&input=%7B%220%22%3A%7B%22json%22%3A%7B%22fixtureId%22%3A%2219636660%22%2C%22severity%22%3Anull%2C%22limit%22%3A120%7D%2C%22meta%22%3A%7B%22values%22%3A%7B%22severity%22%3A%5B%22undefined%22%5D%7D%7D%7D%7D HTTP/1.1" 200 -
[matriz8766] "GET /health HTTP/1.1" 200 -
[matriz8766] "GET /api/aura/ui-state HTTP/1.1" 200 -
[matriz8766] "GET /health HTTP/1.1" 200 -
[matriz8766] "GET /health HTTP/1.1" 200 -
[matriz8766] "GET /health HTTP/1.1" 200 -
[matriz8766] "GET /api/aura/ui-state HTTP/1.1" 200 -
[matriz8766] "GET /health HTTP/1.1" 200 -
[matriz8766] "GET /api/aura/health HTTP/1.1" 200 -
[matriz8766] "GET /api/aura/glm HTTP/1.1" 200 -
[matriz8766] "GET /api/aura/ui-state HTTP/1.1" 200 -
[matriz8766] "GET /api/aura/voice HTTP/1.1" 200 -
[matriz8766] "GET /api/aura/bridge HTTP/1.1" 200 -
[matriz8766] "GET /api/trpc/alertCenter.list?batch=1&input=%7B%220%22%3A%7B%22json%22%3A%7B%22fixtureId%22%3A%2219636660%22%2C%22severity%22%3Anull%2C%22limit%22%3A120%7D%2C%22meta%22%3A%7B%22values%22%3A%7B%22severity%22%3A%5B%22undefined%22%5D%7D%7D%7D%7D HTTP/1.1" 200 -
[matriz8766] "GET /health HTTP/1.1" 200 -
[matriz8766] "GET /api/aura/ui-state HTTP/1.1" 200 -
[matriz8766] "GET /health HTTP/1.1" 200 -
[matriz8766] "GET /api/aura/ui-state HTTP/1.1" 200 -
[matriz8766] "GET /health HTTP/1.1" 200 -
[matriz8766] "GET /api/aura/health HTTP/1.1" 200 -
[matriz8766] "GET /api/aura/glm HTTP/1.1" 200 -
[matriz8766] "GET /api/aura/ui-state HTTP/1.1" 200 -
[matriz8766] "GET /api/aura/voice HTTP/1.1" 200 -
[matriz8766] "GET /api/aura/bridge HTTP/1.1" 200 -
[matriz8766] "GET /api/trpc/alertCenter.list?batch=1&input=%7B%220%22%3A%7B%22json%22%3A%7B%22fixtureId%22%3A%2219636660%22%2C%22severity%22%3Anull%2C%22limit%22%3A120%7D%2C%22meta%22%3A%7B%22values%22%3A%7B%22severity%22%3A%5B%22undefined%22%5D%7D%7D%7D%7D HTTP/1.1" 200 -
[matriz8766] "GET /health HTTP/1.1" 200 -
[matriz8766] "GET /api/aura/ui-state HTTP/1.1" 200 -
[matriz8766] "GET /health HTTP/1.1" 200 -
[matriz8766] "GET /api/aura/ui-state HTTP/1.1" 200 -
[matriz8766] "GET /health HTTP/1.1" 200 -
[matriz8766] "GET /api/aura/health HTTP/1.1" 200 -
[matriz8766] "GET /api/aura/glm HTTP/1.1" 200 -
[matriz8766] "GET /api/aura/ui-state HTTP/1.1" 200 -
[matriz8766] "GET /api/aura/voice HTTP/1.1" 200 -
[matriz8766] "GET /api/aura/bridge HTTP/1.1" 200 -
[matriz8766] "GET /health HTTP/1.1" 200 -
[matriz8766] "GET /api/aura/ui-state HTTP/1.1" 200 -
[matriz8766] "GET /health HTTP/1.1" 200 -
[matriz8766] "GET /api/aura/ui-state HTTP/1.1" 200 -
[matriz8766] "GET /health HTTP/1.1" 200 -
[matriz8766] "GET /api/aura/health HTTP/1.1" 200 -
[matriz8766] "GET /api/aura/glm HTTP/1.1" 200 -
[matriz8766] "GET /api/aura/ui-state HTTP/1.1" 200 -
[matriz8766] "GET /api/aura/voice HTTP/1.1" 200 -
[matriz8766] "GET /api/aura/bridge HTTP/1.1" 200 -
[matriz8766] "GET /health HTTP/1.1" 200 -
[matriz8766] "GET /api/aura/ui-state HTTP/1.1" 200 -
[matriz8766] "GET /health HTTP/1.1" 200 -
[matriz8766] "GET /api/aura/ui-state HTTP/1.1" 200 -
[matriz8766] "GET /health HTTP/1.1" 200 -
[matriz8766] "GET /api/aura/glm HTTP/1.1" 200 -
[matriz8766] "GET /api/aura/ui-state HTTP/1.1" 200 -
[matriz8766] "GET /api/aura/health HTTP/1.1" 200 -
[matriz8766] "GET /api/aura/voice HTTP/1.1" 200 -
[matriz8766] "GET /api/aura/bridge HTTP/1.1" 200 -
[matriz8766] "GET /health HTTP/1.1" 200 -
[matriz8766] "GET /api/aura/ui-state HTTP/1.1" 200 -
[matriz8766] "GET /health HTTP/1.1" 200 -
[matriz8766] "GET /api/aura/ui-state HTTP/1.1" 200 -
[matriz8766] "GET /health HTTP/1.1" 200 -
[matriz8766] "GET /api/aura/health HTTP/1.1" 200 -
[matriz8766] "GET /api/aura/glm HTTP/1.1" 200 -
[matriz8766] "GET /api/aura/ui-state HTTP/1.1" 200 -
[matriz8766] "GET /api/aura/voice HTTP/1.1" 200 -
[matriz8766] "GET /api/aura/bridge HTTP/1.1" 200 -
[matriz8766] "GET /health HTTP/1.1" 200 -
[matriz8766] "GET /api/aura/ui-state HTTP/1.1" 200 -
[matriz8766] "GET /health HTTP/1.1" 200 -
[matriz8766] "GET /api/aura/ui-state HTTP/1.1" 200 -
[matriz8766] "GET /health HTTP/1.1" 200 -
[matriz8766] "GET /api/aura/health HTTP/1.1" 200 -
[matriz8766] "GET /api/aura/glm HTTP/1.1" 200 -
[matriz8766] "GET /api/aura/ui-state HTTP/1.1" 200 -
[matriz8766] "GET /api/aura/voice HTTP/1.1" 200 -
[matriz8766] "GET /api/aura/bridge HTTP/1.1" 200 -
[matriz8766] "GET /health HTTP/1.1" 200 -
[matriz8766] "GET /api/aura/ui-state HTTP/1.1" 200 -
[matriz8766] "GET /health HTTP/1.1" 200 -
[matriz8766] "GET /api/aura/ui-state HTTP/1.1" 200 -
[matriz8766] "GET /health HTTP/1.1" 200 -
[matriz8766] "GET /health HTTP/1.1" 200 -
[matriz8766] "GET /health HTTP/1.1" 200 -
[matriz8766] "GET /api/aura/health HTTP/1.1" 200 -
[matriz8766] "GET /api/aura/glm HTTP/1.1" 200 -
[matriz8766] "GET /api/aura/ui-state HTTP/1.1" 200 -
[matriz8766] "GET /api/aura/bridge HTTP/1.1" 200 -
[matriz8766] "GET /api/aura/voice HTTP/1.1" 200 -
[matriz8766] "GET /health HTTP/1.1" 200 -
[matriz8766] "GET /api/aura/ui-state HTTP/1.1" 200 -
[matriz8766] "GET /health HTTP/1.1" 200 -
[matriz8766] "GET /api/aura/ui-state HTTP/1.1" 200 -
[matriz8766] "GET /api/aura/health HTTP/1.1" 200 -
[matriz8766] "GET /api/aura/glm HTTP/1.1" 200 -
[matriz8766] "GET /api/aura/ui-state HTTP/1.1" 200 -
[matriz8766] "GET /api/aura/voice HTTP/1.1" 200 -
[matriz8766] "GET /api/aura/bridge HTTP/1.1" 200 -
[matriz8766] "GET /health HTTP/1.1" 200 -
[matriz8766] "GET /health HTTP/1.1" 200 -
[matriz8766] "GET /api/aura/ui-state HTTP/1.1" 200 -
[matriz8766] "GET /health HTTP/1.1" 200 -
[matriz8766] "GET /health HTTP/1.1" 200 -
[matriz8766] "GET /health HTTP/1.1" 200 -
[matriz8766] "GET /health HTTP/1.1" 200 -
[matriz8766] "GET /api/aura/health HTTP/1.1" 200 -
[matriz8766] "GET /api/aura/glm HTTP/1.1" 200 -
[matriz8766] "GET /api/aura/ui-state HTTP/1.1" 200 -
[matriz8766] "GET /api/aura/voice HTTP/1.1" 200 -
[matriz8766] "GET /api/aura/ui-state HTTP/1.1" 200 -
[matriz8766] "GET /api/aura/bridge HTTP/1.1" 200 -
[matriz8766] "GET /health HTTP/1.1" 200 -
[matriz8766] "GET /health HTTP/1.1" 200 -
[matriz8766] "GET /health HTTP/1.1" 200 -
[matriz8766] "GET /health HTTP/1.1" 200 -
[matriz8766] "GET /health HTTP/1.1" 200 -
[matriz8766] "GET /health HTTP/1.1" 200 -
[matriz8766] "GET /health HTTP/1.1" 200 -
[matriz8766] "GET /health HTTP/1.1" 200 -
[matriz8766] "GET /health HTTP/1.1" 200 -
[matriz8766] "GET /health HTTP/1.1" 200 -
[matriz8766] "GET /health HTTP/1.1" 200 -
[matriz8766] "GET /api/aura/health HTTP/1.1" 200 -
[matriz8766] "GET /api/aura/glm HTTP/1.1" 200 -
[matriz8766] "GET /api/aura/ui-state HTTP/1.1" 200 -
[matriz8766] "GET /api/aura/voice HTTP/1.1" 200 -
[matriz8766] "GET /api/aura/ui-state HTTP/1.1" 200 -
[matriz8766] "GET /api/aura/bridge HTTP/1.1" 200 -
[matriz8766] "GET /health HTTP/1.1" 200 -
[matriz8766] "GET /health HTTP/1.1" 200 -
[matriz8766] "GET /health HTTP/1.1" 200 -
[matriz8766] "GET /health HTTP/1.1" 200 -
[matriz8766] "GET /health HTTP/1.1" 200 -
[matriz8766] "GET /health HTTP/1.1" 200 -
[matriz8766] "GET /health HTTP/1.1" 200 -
[matriz8766] "GET /health HTTP/1.1" 200 -
[matriz8766] "GET /health HTTP/1.1" 200 -
[matriz8766] "GET /health HTTP/1.1" 200 -
[matriz8766] "GET /api/aura/health HTTP/1.1" 200 -
[matriz8766] "GET /api/aura/glm HTTP/1.1" 200 -
[matriz8766] "GET /api/aura/ui-state HTTP/1.1" 200 -
[matriz8766] "GET /api/aura/voice HTTP/1.1" 200 -
[matriz8766] "GET /api/aura/ui-state HTTP/1.1" 200 -
[matriz8766] "GET /api/aura/bridge HTTP/1.1" 200 -
[matriz8766] "GET /health HTTP/1.1" 200 -
[matriz8766] "GET /health HTTP/1.1" 200 -
[matriz8766] "GET /health HTTP/1.1" 200 -
[matriz8766] "GET /health HTTP/1.1" 200 -
[matriz8766] "GET /health HTTP/1.1" 200 -
[matriz8766] "GET /health HTTP/1.1" 200 -
[matriz8766] "GET /api/trpc/alertCenter.list?batch=1&input=%7B%220%22%3A%7B%22json%22%3A%7B%22fixtureId%22%3A%2219636660%22%2C%22severity%22%3Anull%2C%22limit%22%3A120%7D%2C%22meta%22%3A%7B%22values%22%3A%7B%22severity%22%3A%5B%22undefined%22%5D%7D%7D%7D%7D HTTP/1.1" 200 -
[matriz8766] "GET /api/aura/health HTTP/1.1" 200 -
[matriz8766] "GET /api/aura/glm HTTP/1.1" 200 -
[matriz8766] "GET /health HTTP/1.1" 200 -
[matriz8766] "POST /api/trpc/alertCenter.record?batch=1 HTTP/1.1" 200 -
[matriz8766] "GET /api/aura/ui-state HTTP/1.1" 200 -
[matriz8766] "GET /api/aura/voice HTTP/1.1" 200 -
[matriz8766] "GET /api/aura/bridge HTTP/1.1" 200 -
[matriz8766] "GET /api/aura/ui-state HTTP/1.1" 200 -
[matriz8766] "GET /health HTTP/1.1" 200 -
[matriz8766] "GET /health HTTP/1.1" 200 -
[matriz8766] "GET /api/aura/ui-state HTTP/1.1" 200 -
[matriz8766] "GET /api/aura/health HTTP/1.1" 200 -
[matriz8766] "GET /api/aura/glm HTTP/1.1" 200 -
[matriz8766] "GET /api/aura/ui-state HTTP/1.1" 200 -
[matriz8766] "GET /api/aura/voice HTTP/1.1" 200 -
[matriz8766] "GET /api/aura/bridge HTTP/1.1" 200 -
[matriz8766] "GET /health HTTP/1.1" 200 -
[matriz8766] "GET /api/aura/ui-state HTTP/1.1" 200 -
[matriz8766] "GET /api/trpc/alertCenter.list?batch=1&input=%7B%220%22%3A%7B%22json%22%3A%7B%22fixtureId%22%3A%2219636660%22%2C%22severity%22%3Anull%2C%22limit%22%3A120%7D%2C%22meta%22%3A%7B%22values%22%3A%7B%22severity%22%3A%5B%22undefined%22%5D%7D%7D%7D%7D HTTP/1.1" 200 -
[matriz8766] "GET /health HTTP/1.1" 200 -
[matriz8766] "GET /health HTTP/1.1" 200 -
[matriz8766] "GET /api/aura/ui-state HTTP/1.1" 200 -
[matriz8766] "POST /api/aura/chat HTTP/1.1" 200 -
[matriz8766] "GET /api/aura/health HTTP/1.1" 200 -
[matriz8766] "GET /api/aura/glm HTTP/1.1" 200 -
[matriz8766] "GET /api/aura/ui-state HTTP/1.1" 200 -
[matriz8766] "GET /api/aura/voice HTTP/1.1" 200 -
[matriz8766] "GET /api/aura/bridge HTTP/1.1" 200 -
[matriz8766] "GET /health HTTP/1.1" 200 -
[matriz8766] "GET /api/aura/ui-state HTTP/1.1" 200 -
[matriz8766] "GET /api/trpc/alertCenter.list?batch=1&input=%7B%220%22%3A%7B%22json%22%3A%7B%22fixtureId%22%3A%2219636660%22%2C%22severity%22%3Anull%2C%22limit%22%3A120%7D%2C%22meta%22%3A%7B%22values%22%3A%7B%22severity%22%3A%5B%22undefined%22%5D%7D%7D%7D%7D HTTP/1.1" 200 -
[matriz8766] "GET /api/trpc/alertCenter.list?batch=1&input=%7B%220%22%3A%7B%22json%22%3A%7B%22fixtureId%22%3A%2219636660%22%2C%22severity%22%3Anull%2C%22limit%22%3A120%7D%2C%22meta%22%3A%7B%22values%22%3A%7B%22severity%22%3A%5B%22undefined%22%5D%7D%7D%7D%7D HTTP/1.1" 200 -
[matriz8766] "GET /health HTTP/1.1" 200 -
[matriz8766] "GET /health HTTP/1.1" 200 -
[matriz8766] "GET /api/aura/ui-state HTTP/1.1" 200 -
[matriz8766] "GET /api/aura/health HTTP/1.1" 200 -
[matriz8766] "GET /api/aura/glm HTTP/1.1" 200 -
[matriz8766] "GET /api/aura/ui-state HTTP/1.1" 200 -
[matriz8766] "GET /api/aura/voice HTTP/1.1" 200 -
[matriz8766] "GET /api/aura/bridge HTTP/1.1" 200 -
[matriz8766] "POST /api/aura/voice-tts HTTP/1.1" 200 -
[matriz8766] "GET /health HTTP/1.1" 200 -
[matriz8766] "GET /api/aura/ui-state HTTP/1.1" 200 -
[matriz8766] "GET /health HTTP/1.1" 200 -
[matriz8766] "GET /api/aura/ui-state HTTP/1.1" 200 -
[matriz8766] "GET /health HTTP/1.1" 200 -
[matriz8766] "GET /api/aura/health HTTP/1.1" 200 -
[matriz8766] "GET /api/aura/glm HTTP/1.1" 200 -
[matriz8766] "GET /api/aura/ui-state HTTP/1.1" 200 -
[matriz8766] "GET /api/aura/voice HTTP/1.1" 200 -
[matriz8766] "GET /api/aura/bridge HTTP/1.1" 200 -
[matriz8766] "GET /health HTTP/1.1" 200 -
[matriz8766] "GET /api/aura/ui-state HTTP/1.1" 200 -
[matriz8766] "GET /health HTTP/1.1" 200 -
[matriz8766] "GET /api/aura/ui-state HTTP/1.1" 200 -
[matriz8766] "GET /health HTTP/1.1" 200 -
[matriz8766] "GET /api/aura/health HTTP/1.1" 200 -
[matriz8766] "GET /api/aura/glm HTTP/1.1" 200 -
[matriz8766] "GET /api/aura/ui-state HTTP/1.1" 200 -
[matriz8766] "GET /api/aura/voice HTTP/1.1" 200 -
[matriz8766] "GET /api/aura/bridge HTTP/1.1" 200 -
[matriz8766] "GET /health HTTP/1.1" 200 -
[matriz8766] "GET /api/aura/ui-state HTTP/1.1" 200 -
[matriz8766] "GET /health HTTP/1.1" 200 -
[matriz8766] "GET /api/aura/ui-state HTTP/1.1" 200 -
[matriz8766] "GET /health HTTP/1.1" 200 -
[matriz8766] "GET /api/aura/health HTTP/1.1" 200 -
[matriz8766] "GET /api/aura/glm HTTP/1.1" 200 -
[matriz8766] "GET /api/aura/ui-state HTTP/1.1" 200 -
[matriz8766] "GET /api/aura/voice HTTP/1.1" 200 -
[matriz8766] "GET /api/aura/bridge HTTP/1.1" 200 -
[matriz8766] "GET /health HTTP/1.1" 200 -
[matriz8766] "GET /api/aura/ui-state HTTP/1.1" 200 -
[matriz8766] "GET /health HTTP/1.1" 200 -
[matriz8766] "GET /health HTTP/1.1" 200 -
[matriz8766] "GET /health HTTP/1.1" 200 -
[matriz8766] "GET /api/aura/ui-state HTTP/1.1" 200 -
[matriz8766] "GET /health HTTP/1.1" 200 -
[matriz8766] "GET /api/aura/health HTTP/1.1" 200 -
[matriz8766] "GET /api/aura/glm HTTP/1.1" 200 -
[matriz8766] "GET /api/aura/ui-state HTTP/1.1" 200 -
[matriz8766] "GET /api/aura/voice HTTP/1.1" 200 -
[matriz8766] "GET /api/aura/bridge HTTP/1.1" 200 -
[matriz8766] "GET /health HTTP/1.1" 200 -
[matriz8766] "GET /api/aura/ui-state HTTP/1.1" 200 -
[matriz8766] "GET /health HTTP/1.1" 200 -
[matriz8766] "GET /api/aura/ui-state HTTP/1.1" 200 -
[matriz8766] "GET /health HTTP/1.1" 200 -
[matriz8766] "GET /api/aura/health HTTP/1.1" 200 -
[matriz8766] "GET /api/aura/glm HTTP/1.1" 200 -
[matriz8766] "GET /api/aura/ui-state HTTP/1.1" 200 -
[matriz8766] "GET /api/aura/voice HTTP/1.1" 200 -
[matriz8766] "GET /api/aura/bridge HTTP/1.1" 200 -
[matriz8766] "GET /health HTTP/1.1" 200 -
[matriz8766] "GET /api/aura/ui-state HTTP/1.1" 200 -
[matriz8766] "GET /health HTTP/1.1" 200 -
[matriz8766] "GET /api/aura/ui-state HTTP/1.1" 200 -
[matriz8766] "GET /health HTTP/1.1" 200 -
[matriz8766] "GET /api/trpc/alertCenter.list?batch=1&input=%7B%220%22%3A%7B%22json%22%3A%7B%22fixtureId%22%3A%2219636660%22%2C%22severity%22%3Anull%2C%22limit%22%3A120%7D%2C%22meta%22%3A%7B%22values%22%3A%7B%22severity%22%3A%5B%22undefined%22%5D%7D%7D%7D%7D HTTP/1.1" 200 -
[matriz8766] "GET /api/aura/health HTTP/1.1" 200 -
[matriz8766] "GET /api/aura/glm HTTP/1.1" 200 -
[matriz8766] "GET /api/aura/ui-state HTTP/1.1" 200 -
[matriz8766] "GET /api/aura/voice HTTP/1.1" 200 -
[matriz8766] "GET /api/aura/bridge HTTP/1.1" 200 -
[matriz8766] "GET /health HTTP/1.1" 200 -
[matriz8766] "GET /api/aura/ui-state HTTP/1.1" 200 -
[matriz8766] "GET /health HTTP/1.1" 200 -
[matriz8766] "GET /api/aura/ui-state HTTP/1.1" 200 -
[matriz8766] "GET /health HTTP/1.1" 200 -
[matriz8766] "GET /api/aura/health HTTP/1.1" 200 -
[matriz8766] "GET /api/aura/glm HTTP/1.1" 200 -
[matriz8766] "GET /api/aura/ui-state HTTP/1.1" 200 -
[matriz8766] "GET /api/aura/voice HTTP/1.1" 200 -
[matriz8766] "GET /api/aura/bridge HTTP/1.1" 200 -
[matriz8766] "GET /api/trpc/alertCenter.list?batch=1&input=%7B%220%22%3A%7B%22json%22%3A%7B%22fixtureId%22%3A%2219636660%22%2C%22severity%22%3Anull%2C%22limit%22%3A120%7D%2C%22meta%22%3A%7B%22values%22%3A%7B%22severity%22%3A%5B%22undefined%22%5D%7D%7D%7D%7D HTTP/1.1" 200 -
[matriz8766] "GET /health HTTP/1.1" 200 -
[matriz8766] "GET /api/aura/ui-state HTTP/1.1" 200 -
[matriz8766] "GET /health HTTP/1.1" 200 -
[matriz8766] "GET /api/aura/ui-state HTTP/1.1" 200 -
[matriz8766] "GET /health HTTP/1.1" 200 -
[matriz8766] "GET /api/aura/health HTTP/1.1" 200 -
[matriz8766] "GET /api/aura/glm HTTP/1.1" 200 -
[matriz8766] "GET /api/aura/ui-state HTTP/1.1" 200 -
[matriz8766] "GET /api/aura/voice HTTP/1.1" 200 -
[matriz8766] "GET /api/aura/bridge HTTP/1.1" 200 -
[matriz8766] "GET /api/trpc/alertCenter.list?batch=1&input=%7B%220%22%3A%7B%22json%22%3A%7B%22fixtureId%22%3A%2219636660%22%2C%22severity%22%3Anull%2C%22limit%22%3A120%7D%2C%22meta%22%3A%7B%22values%22%3A%7B%22severity%22%3A%5B%22undefined%22%5D%7D%7D%7D%7D HTTP/1.1" 200 -
[matriz8766] "GET /health HTTP/1.1" 200 -
[matriz8766] "GET /api/aura/ui-state HTTP/1.1" 200 -
[matriz8766] "GET /health HTTP/1.1" 200 -
[matriz8766] "GET /api/aura/ui-state HTTP/1.1" 200 -
[matriz8766] "GET /health HTTP/1.1" 200 -
[matriz8766] "GET /api/aura/glm HTTP/1.1" 200 -
[matriz8766] "GET /api/aura/health HTTP/1.1" 200 -
[matriz8766] "GET /api/aura/ui-state HTTP/1.1" 200 -
[matriz8766] "GET /api/aura/voice HTTP/1.1" 200 -
[matriz8766] "GET /api/aura/bridge HTTP/1.1" 200 -
[matriz8766] "GET /health HTTP/1.1" 200 -
[matriz8766] "GET /api/aura/ui-state HTTP/1.1" 200 -
[matriz8766] "GET /health HTTP/1.1" 200 -
[matriz8766] "GET /api/aura/ui-state HTTP/1.1" 200 -
[matriz8766] "GET /api/aura/health HTTP/1.1" 200 -
[matriz8766] "GET /api/aura/glm HTTP/1.1" 200 -
[matriz8766] "GET /api/aura/ui-state HTTP/1.1" 200 -
[matriz8766] "GET /api/aura/voice HTTP/1.1" 200 -
[matriz8766] "GET /api/aura/bridge HTTP/1.1" 200 -
[matriz8766] "GET /health HTTP/1.1" 200 -
[matriz8766] "GET /health HTTP/1.1" 200 -
[matriz8766] "GET /api/aura/ui-state HTTP/1.1" 200 -
[matriz8766] "GET /health HTTP/1.1" 200 -
[matriz8766] "GET /api/aura/ui-state HTTP/1.1" 200 -
[matriz8766] "GET /health HTTP/1.1" 200 -
[matriz8766] "GET /health HTTP/1.1" 200 -
[matriz8766] "GET /health HTTP/1.1" 200 -
[matriz8766] "GET /api/aura/health HTTP/1.1" 200 -
[matriz8766] "GET /api/aura/glm HTTP/1.1" 200 -
[matriz8766] "GET /api/aura/ui-state HTTP/1.1" 200 -
[matriz8766] "GET /api/aura/voice HTTP/1.1" 200 -
[matriz8766] "GET /api/aura/bridge HTTP/1.1" 200 -
[matriz8766] "GET /health HTTP/1.1" 200 -
[matriz8766] "GET /api/aura/ui-state HTTP/1.1" 200 -
[matriz8766] "GET /health HTTP/1.1" 200 -
[matriz8766] "GET /api/aura/ui-state HTTP/1.1" 200 -
[matriz8766] "GET /health HTTP/1.1" 200 -
[matriz8766] "GET /api/aura/ui-state HTTP/1.1" 200 -
[matriz8766] "GET /api/aura/health HTTP/1.1" 200 -
[matriz8766] "GET /api/aura/glm HTTP/1.1" 200 -
[matriz8766] "GET /api/aura/voice HTTP/1.1" 200 -
[matriz8766] "GET /api/aura/bridge HTTP/1.1" 200 -
[matriz8766] "GET /health HTTP/1.1" 200 -
[matriz8766] "GET /api/aura/ui-state HTTP/1.1" 200 -
[matriz8766] "GET /health HTTP/1.1" 200 -
[matriz8766] "GET /api/aura/ui-state HTTP/1.1" 200 -
[matriz8766] "GET /api/aura/health HTTP/1.1" 200 -
[matriz8766] "GET /api/aura/glm HTTP/1.1" 200 -
[matriz8766] "GET /health HTTP/1.1" 200 -
[matriz8766] "GET /api/aura/ui-state HTTP/1.1" 200 -
[matriz8766] "GET /api/aura/voice HTTP/1.1" 200 -
[matriz8766] "GET /api/aura/bridge HTTP/1.1" 200 -
[matriz8766] "GET /health HTTP/1.1" 200 -
[matriz8766] "GET /api/aura/ui-state HTTP/1.1" 200 -
[matriz8766] "GET /health HTTP/1.1" 200 -
[matriz8766] "GET /api/aura/ui-state HTTP/1.1" 200 -
[matriz8766] "GET /api/aura/health HTTP/1.1" 200 -
[matriz8766] "GET /api/aura/glm HTTP/1.1" 200 -
[matriz8766] "GET /api/aura/ui-state HTTP/1.1" 200 -
[matriz8766] "GET /api/aura/voice HTTP/1.1" 200 -
[matriz8766] "GET /api/aura/bridge HTTP/1.1" 200 -
[matriz8766] "GET /health HTTP/1.1" 200 -
[matriz8766] "GET /health HTTP/1.1" 200 -
[matriz8766] "GET /api/aura/ui-state HTTP/1.1" 200 -
[matriz8766] "GET /health HTTP/1.1" 200 -
[matriz8766] "GET /api/aura/ui-state HTTP/1.1" 200 -
[matriz8766] "GET /api/aura/health HTTP/1.1" 200 -
[matriz8766] "GET /api/aura/glm HTTP/1.1" 200 -
[matriz8766] "GET /api/aura/ui-state HTTP/1.1" 200 -
[matriz8766] "GET /api/aura/voice HTTP/1.1" 200 -
[matriz8766] "GET /api/aura/bridge HTTP/1.1" 200 -
[matriz8766] "GET /health HTTP/1.1" 200 -
[matriz8766] "GET /health HTTP/1.1" 200 -
[matriz8766] "GET /api/aura/ui-state HTTP/1.1" 200 -
[matriz8766] "GET /health HTTP/1.1" 200 -
[matriz8766] "GET /health HTTP/1.1" 200 -
[matriz8766] "GET /health HTTP/1.1" 200 -
[matriz8766] "GET /health HTTP/1.1" 200 -
[matriz8766] "GET /health HTTP/1.1" 200 -
[matriz8766] "GET /health HTTP/1.1" 200 -
[matriz8766] "GET /health HTTP/1.1" 200 -
[matriz8766] "GET /health HTTP/1.1" 200 -
[matriz8766] "GET /health HTTP/1.1" 200 -
[matriz8766] "GET /health HTTP/1.1" 200 -
[matriz8766] "GET /api/aura/health HTTP/1.1" 200 -
[matriz8766] "GET /api/aura/glm HTTP/1.1" 200 -
[matriz8766] "GET /api/aura/ui-state HTTP/1.1" 200 -
[matriz8766] "GET /api/aura/voice HTTP/1.1" 200 -
[matriz8766] "GET /api/aura/bridge HTTP/1.1" 200 -
[matriz8766] "GET /api/aura/ui-state HTTP/1.1" 200 -
[matriz8766] "GET /health HTTP/1.1" 200 -
[matriz8766] "GET /health HTTP/1.1" 200 -
[matriz8766] "GET /health HTTP/1.1" 200 -
[matriz8766] "GET /health HTTP/1.1" 200 -
[matriz8766] "GET /health HTTP/1.1" 200 -
[matriz8766] "GET /health HTTP/1.1" 200 -
[matriz8766] "GET /health HTTP/1.1" 200 -

==== 2026-09-04 19:55:57 ['C:\\aura\\engine\\venv\\Scripts\\python.exe', '-u', 'C:\\aura\\scripts\\aura_serve_matriz.py'] ====
MATRIZ_LISTEN http://127.0.0.1:8766/
PROXY /api/aura/* -> Engine http://127.0.0.1:8765
PROXY /api/chat -> Hermes http://127.0.0.1:8777
UI=C:\aura\desktop\ui\matriz_v22
[matriz8766] "GET /health HTTP/1.1" 200 -
[matriz8766] "GET /health HTTP/1.1" 200 -
[matriz8766] "GET /health HTTP/1.1" 200 -
[matriz8766] "GET /health HTTP/1.1" 200 -
[matriz8766] "GET /health HTTP/1.1" 200 -
[matriz8766] "GET /health HTTP/1.1" 200 -
[matriz8766] "GET /health HTTP/1.1" 200 -
[matriz8766] "GET /health HTTP/1.1" 200 -
[matriz8766] "GET /health HTTP/1.1" 200 -
[matriz8766] "GET /api/aura/health HTTP/1.1" 200 -
[matriz8766] "GET /api/aura/glm HTTP/1.1" 200 -
[matriz8766] "GET /api/aura/ui-state HTTP/1.1" 200 -
[matriz8766] "GET /api/aura/voice HTTP/1.1" 200 -
[matriz8766] "GET /api/aura/ui-state HTTP/1.1" 200 -
[matriz8766] "GET /api/aura/bridge HTTP/1.1" 200 -
[matriz8766] "GET /health HTTP/1.1" 200 -
[matriz8766] "GET /health HTTP/1.1" 200 -
[matriz8766] "GET /health HTTP/1.1" 200 -
[matriz8766] "GET /health HTTP/1.1" 200 -
[matriz8766] "GET /health HTTP/1.1" 200 -
[matriz8766] "GET /health HTTP/1.1" 200 -
[matriz8766] "GET /health HTTP/1.1" 200 -
[matriz8766] "GET /health HTTP/1.1" 200 -
[matriz8766] "GET /health HTTP/1.1" 200 -
[matriz8766] "GET /health HTTP/1.1" 200 -
[matriz8766] "GET /health HTTP/1.1" 200 -
[matriz8766] "GET /api/aura/health HTTP/1.1" 200 -
[matriz8766] "GET /api/aura/glm HTTP/1.1" 200 -
[matriz8766] "GET /api/aura/ui-state HTTP/1.1" 200 -
[matriz8766] "GET /api/aura/voice HTTP/1.1" 200 -
[matriz8766] "GET /api/aura/ui-state HTTP/1.1" 200 -
[matriz8766] "GET /api/aura/bridge HTTP/1.1" 200 -
[matriz8766] "GET /health HTTP/1.1" 200 -
[matriz8766] "GET /health HTTP/1.1" 200 -
[matriz8766] "GET /health HTTP/1.1" 200 -
[matriz8766] "GET /health HTTP/1.1" 200 -
[matriz8766] "GET /health HTTP/1.1" 200 -
[matriz8766] "GET /health HTTP/1.1" 200 -
[matriz8766] "GET /health HTTP/1.1" 200 -
[matriz8766] "GET /health HTTP/1.1" 200 -
[matriz8766] "GET /health HTTP/1.1" 200 -
[matriz8766] "GET /health HTTP/1.1" 200 -
[matriz8766] "GET /api/aura/health HTTP/1.1" 200 -
[matriz8766] "GET /api/aura/glm HTTP/1.1" 200 -
[matriz8766] "GET /api/aura/ui-state HTTP/1.1" 200 -
[matriz8766] "GET /api/aura/voice HTTP/1.1" 200 -
[matriz8766] "GET /api/aura/ui-state HTTP/1.1" 200 -
[matriz8766] "GET /api/aura/bridge HTTP/1.1" 200 -
[matriz8766] "GET /health HTTP/1.1" 200 -
[matriz8766] "GET /health HTTP/1.1" 200 -
[matriz8766] "GET /health HTTP/1.1" 200 -
[matriz8766] "GET /health HTTP/1.1" 200 -
[matriz8766] "GET /health HTTP/1.1" 200 -
[matriz8766] "GET /health HTTP/1.1" 200 -
[matriz8766] "GET /health HTTP/1.1" 200 -
[matriz8766] "GET /health HTTP/1.1" 200 -
[matriz8766] "GET /health HTTP/1.1" 200 -
[matriz8766] "GET /health HTTP/1.1" 200 -
[matriz8766] "GET /api/aura/glm HTTP/1.1" 200 -
[matriz8766] "GET /api/aura/health HTTP/1.1" 200 -
[matriz8766] "GET /api/aura/ui-state HTTP/1.1" 200 -
[matriz8766] "GET /api/aura/voice HTTP/1.1" 200 -
[matriz8766] "GET /api/aura/bridge HTTP/1.1" 200 -
[matriz8766] "GET /api/aura/ui-state HTTP/1.1" 200 -
[matriz8766] "GET /health HTTP/1.1" 200 -
[matriz8766] "GET /health HTTP/1.1" 200 -
[matriz8766] "GET /health HTTP/1.1" 200 -
[matriz8766] "GET /health HTTP/1.1" 200 -
[matriz8766] "GET /health HTTP/1.1" 200 -
[matriz8766] "GET /health HTTP/1.1" 200 -
[matriz8766] "GET /health HTTP/1.1" 200 -
[matriz8766] "GET /health HTTP/1.1" 200 -
[matriz8766] "GET /health HTTP/1.1" 200 -
[matriz8766] "GET /health HTTP/1.1" 200 -
[matriz8766] "GET /health HTTP/1.1" 200 -
[matriz8766] "GET /api/aura/glm HTTP/1.1" 200 -
[matriz8766] "GET /api/aura/health HTTP/1.1" 200 -
[matriz8766] "GET /api/aura/ui-state HTTP/1.1" 200 -
[matriz8766] "GET /api/aura/voice HTTP/1.1" 200 -
[matriz8766] "GET /api/aura/ui-state HTTP/1.1" 200 -
[matriz8766] "GET /api/aura/bridge HTTP/1.1" 200 -
[matriz8766] "GET /health HTTP/1.1" 200 -
[matriz8766] "GET /health HTTP/1.1" 200 -
[matriz8766] "GET /health HTTP/1.1" 200 -
[matriz8766] "GET /health HTTP/1.1" 200 -
[matriz8766] "GET /health HTTP/1.1" 200 -
[matriz8766] "GET /health HTTP/1.1" 200 -
[matriz8766] "GET /health HTTP/1.1" 200 -
[matriz8766] "GET /health HTTP/1.1" 200 -
[matriz8766] "GET /health HTTP/1.1" 200 -
[matriz8766] "GET /health HTTP/1.1" 200 -
[matriz8766] "GET /api/aura/health HTTP/1.1" 200 -
[matriz8766] "GET /api/aura/glm HTTP/1.1" 200 -
[matriz8766] "GET /api/aura/ui-state HTTP/1.1" 200 -
[matriz8766] "GET /api/aura/voice HTTP/1.1" 200 -
[matriz8766] "GET /api/aura/bridge HTTP/1.1" 200 -
[matriz8766] "GET /api/aura/ui-state HTTP/1.1" 200 -
[matriz8766] "GET /health HTTP/1.1" 200 -
[matriz8766] "GET /health HTTP/1.1" 200 -
[matriz8766] "GET /health HTTP/1.1" 200 -
[matriz8766] "GET /health HTTP/1.1" 200 -
[matriz8766] "GET /health HTTP/1.1" 200 -
[matriz8766] "GET /health HTTP/1.1" 200 -
[matriz8766] "GET /health HTTP/1.1" 200 -
[matriz8766] "GET /health HTTP/1.1" 200 -
[matriz8766] "GET /api/trpc/alertCenter.list?batch=1&input=%7B%220%22%3A%7B%22json%22%3A%7B%22fixtureId%22%3A%2219636660%22%2C%22severity%22%3Anull%2C%22limit%22%3A120%7D%2C%22meta%22%3A%7B%22values%22%3A%7B%22severity%22%3A%5B%22undefined%22%5D%7D%7D%7D%7D HTTP/1.1" 200 -
[matriz8766] "GET /api/aura/health HTTP/1.1" 200 -
[matriz8766] "GET /health HTTP/1.1" 200 -
[matriz8766] "GET /api/aura/glm HTTP/1.1" 200 -
[matriz8766] "GET /api/aura/ui-state HTTP/1.1" 200 -
[matriz8766] "GET /api/aura/voice HTTP/1.1" 200 -
[matriz8766] "GET /api/aura/bridge HTTP/1.1" 200 -
[matriz8766] "GET /api/aura/ui-state HTTP/1.1" 200 -
[matriz8766] "GET /api/aura/health HTTP/1.1" 200 -
[matriz8766] "GET /api/aura/glm HTTP/1.1" 200 -
[matriz8766] "GET /api/aura/ui-state HTTP/1.1" 200 -
[matriz8766] "GET /api/aura/voice HTTP/1.1" 200 -
[matriz8766] "GET /api/aura/bridge HTTP/1.1" 200 -
[matriz8766] "GET /api/trpc/alertCenter.list?batch=1&input=%7B%220%22%3A%7B%22json%22%3A%7B%22fixtureId%22%3A%2219636660%22%2C%22severity%22%3Anull%2C%22limit%22%3A120%7D%2C%22meta%22%3A%7B%22values%22%3A%7B%22severity%22%3A%5B%22undefined%22%5D%7D%7D%7D%7D HTTP/1.1" 200 -
[matriz8766] "GET /health HTTP/1.1" 200 -
[matriz8766] "GET /health HTTP/1.1" 200 -
[matriz8766] "GET /api/aura/ui-state HTTP/1.1" 200 -
[matriz8766] "GET /health HTTP/1.1" 200 -
[matriz8766] "GET /api/aura/ui-state HTTP/1.1" 200 -
[matriz8766] "GET /api/aura/health HTTP/1.1" 200 -
[matriz8766] "GET /api/aura/glm HTTP/1.1" 200 -
[matriz8766] "GET /api/aura/ui-state HTTP/1.1" 200 -
[matriz8766] "GET /api/aura/voice HTTP/1.1" 200 -
[matriz8766] "GET /api/aura/bridge HTTP/1.1" 200 -
[matriz8766] "GET /health HTTP/1.1" 200 -
[matriz8766] "GET /health HTTP/1.1" 200 -
[matriz8766] "GET /api/aura/ui-state HTTP/1.1" 200 -
[matriz8766] "GET /health HTTP/1.1" 200 -
[matriz8766] "GET /api/aura/ui-state HTTP/1.1" 200 -
[matriz8766] "GET /api/aura/health HTTP/1.1" 200 -
[matriz8766] "GET /api/aura/glm HTTP/1.1" 200 -
[matriz8766] "GET /api/aura/ui-state HTTP/1.1" 200 -
[matriz8766] "GET /api/aura/voice HTTP/1.1" 200 -
[matriz8766] "GET /api/aura/bridge HTTP/1.1" 200 -
[matriz8766] "GET /health HTTP/1.1" 200 -
[matriz8766] "GET /health HTTP/1.1" 200 -
[matriz8766] "GET /api/aura/ui-state HTTP/1.1" 200 -
[matriz8766] "GET /health HTTP/1.1" 200 -
[matriz8766] "GET /api/aura/ui-state HTTP/1.1" 200 -
[matriz8766] "GET /api/aura/glm HTTP/1.1" 200 -
[matriz8766] "GET /api/aura/ui-state HTTP/1.1" 200 -
[matriz8766] "GET /api/aura/health HTTP/1.1" 200 -
[matriz8766] "GET /api/aura/voice HTTP/1.1" 200 -
[matriz8766] "GET /api/aura/bridge HTTP/1.1" 200 -
[matriz8766] "GET /health HTTP/1.1" 200 -
[matriz8766] "GET /api/aura/ui-state HTTP/1.1" 200 -
[matriz8766] "GET /health HTTP/1.1" 200 -
[matriz8766] "GET /health HTTP/1.1" 200 -
[matriz8766] "GET /api/aura/ui-state HTTP/1.1" 200 -
[matriz8766] "GET /api/aura/health HTTP/1.1" 200 -
[matriz8766] "GET /api/aura/glm HTTP/1.1" 200 -
[matriz8766] "GET /api/aura/ui-state HTTP/1.1" 200 -
[matriz8766] "GET /api/aura/voice HTTP/1.1" 200 -
[matriz8766] "GET /api/aura/bridge HTTP/1.1" 200 -
[matriz8766] "GET /health HTTP/1.1" 200 -
[matriz8766] "GET /api/aura/ui-state HTTP/1.1" 200 -
[matriz8766] "GET /health HTTP/1.1" 200 -
[matriz8766] "GET /health HTTP/1.1" 200 -
[matriz8766] "GET /health HTTP/1.1" 200 -
[matriz8766] "GET /health HTTP/1.1" 200 -
[matriz8766] "GET /api/aura/ui-state HTTP/1.1" 200 -
[matriz8766] "GET /api/aura/health HTTP/1.1" 200 -
[matriz8766] "GET /api/aura/glm HTTP/1.1" 200 -
[matriz8766] "GET /api/aura/ui-state HTTP/1.1" 200 -
[matriz8766] "GET /api/aura/voice HTTP/1.1" 200 -
[matriz8766] "GET /api/aura/bridge HTTP/1.1" 200 -
[matriz8766] "GET /health HTTP/1.1" 200 -
[matriz8766] "GET /api/aura/ui-state HTTP/1.1" 200 -
[matriz8766] "GET /health HTTP/1.1" 200 -
[matriz8766] "GET /health HTTP/1.1" 200 -
[matriz8766] "GET /api/aura/ui-state HTTP/1.1" 200 -
[matriz8766] "GET /api/aura/glm HTTP/1.1" 200 -
[matriz8766] "GET /api/aura/health HTTP/1.1" 200 -
[matriz8766] "GET /api/aura/ui-state HTTP/1.1" 200 -
[matriz8766] "GET /api/aura/voice HTTP/1.1" 200 -
[matriz8766] "GET /api/aura/bridge HTTP/1.1" 200 -
[matriz8766] "GET /health HTTP/1.1" 200 -
[matriz8766] "GET /api/aura/ui-state HTTP/1.1" 200 -
[matriz8766] "GET /health HTTP/1.1" 200 -
[matriz8766] "GET /health HTTP/1.1" 200 -
[matriz8766] "GET /api/aura/ui-state HTTP/1.1" 200 -
[matriz8766] "GET /api/aura/health HTTP/1.1" 200 -
[matriz8766] "GET /api/aura/glm HTTP/1.1" 200 -
[matriz8766] "GET /api/aura/ui-state HTTP/1.1" 200 -
[matriz8766] "GET /api/aura/voice HTTP/1.1" 200 -
[matriz8766] "GET /api/aura/bridge HTTP/1.1" 200 -
[matriz8766] "GET /health HTTP/1.1" 200 -
[matriz8766] "GET /api/aura/ui-state HTTP/1.1" 200 -
[matriz8766] "GET /health HTTP/1.1" 200 -
[matriz8766] "GET /health HTTP/1.1" 200 -
[matriz8766] "GET /api/aura/ui-state HTTP/1.1" 200 -
[matriz8766] "GET /health HTTP/1.1" 200 -
[matriz8766] "GET /api/aura/health HTTP/1.1" 200 -
[matriz8766] "GET /api/aura/glm HTTP/1.1" 200 -
[matriz8766] "GET /health HTTP/1.1" 200 -
[matriz8766] "GET /api/aura/ui-state HTTP/1.1" 200 -
[matriz8766] "GET /api/aura/voice HTTP/1.1" 200 -
[matriz8766] "GET /api/aura/bridge HTTP/1.1" 200 -
[matriz8766] "GET /api/aura/ui-state HTTP/1.1" 200 -
[matriz8766] "GET /health HTTP/1.1" 200 -
[matriz8766] "GET /health HTTP/1.1" 200 -
[matriz8766] "GET /health HTTP/1.1" 200 -
[matriz8766] "GET /health HTTP/1.1" 200 -
[matriz8766] "GET /health HTTP/1.1" 200 -
[matriz8766] "GET /health HTTP/1.1" 200 -
[matriz8766] "GET /health HTTP/1.1" 200 -
[matriz8766] "GET /health HTTP/1.1" 200 -
[matriz8766] "GET /health HTTP/1.1" 200 -
[matriz8766] "GET /health HTTP/1.1" 200 -
[matriz8766] "GET /api/aura/health HTTP/1.1" 200 -
[matriz8766] "GET /api/aura/glm HTTP/1.1" 200 -
[matriz8766] "GET /api/aura/ui-state HTTP/1.1" 200 -
[matriz8766] "GET /api/aura/voice HTTP/1.1" 200 -
[matriz8766] "GET /api/aura/ui-state HTTP/1.1" 200 -
[matriz8766] "GET /api/aura/bridge HTTP/1.1" 200 -
[matriz8766] "GET /health HTTP/1.1" 200 -
[matriz8766] "GET /health HTTP/1.1" 200 -
[matriz8766] "GET /health HTTP/1.1" 200 -
[matriz8766] "GET /health HTTP/1.1" 200 -
[matriz8766] "GET /health HTTP/1.1" 200 -
[matriz8766] "GET /health HTTP/1.1" 200 -
[matriz8766] "GET /health HTTP/1.1" 200 -
[matriz8766] "GET /health HTTP/1.1" 200 -
[matriz8766] "GET /health HTTP/1.1" 200 -
[matriz8766] "GET /health HTTP/1.1" 200 -
[matriz8766] "GET /api/aura/health HTTP/1.1" 200 -
[matriz8766] "GET /api/aura/glm HTTP/1.1" 200 -
[matriz8766] "GET /api/aura/ui-state HTTP/1.1" 200 -
[matriz8766] "GET /api/aura/voice HTTP/1.1" 200 -
[matriz8766] "GET /api/aura/bridge HTTP/1.1" 200 -
[matriz8766] "GET /api/aura/ui-state HTTP/1.1" 200 -
[matriz8766] "GET /health HTTP/1.1" 200 -
[matriz8766] "GET /health HTTP/1.1" 200 -
[matriz8766] "GET /health HTTP/1.1" 200 -
[matriz8766] "GET /health HTTP/1.1" 200 -
[matriz8766] "GET /health HTTP/1.1" 200 -
[matriz8766] "GET /health HTTP/1.1" 200 -
[matriz8766] "GET /health HTTP/1.1" 200 -
[matriz8766] "GET /health HTTP/1.1" 200 -
[matriz8766] "GET /health HTTP/1.1" 200 -
[matriz8766] "GET /health HTTP/1.1" 200 -
[matriz8766] "GET /api/aura/health HTTP/1.1" 200 -
[matriz8766] "GET /api/aura/glm HTTP/1.1" 200 -
[matriz8766] "GET /api/aura/ui-state HTTP/1.1" 200 -
[matriz8766] "GET /api/aura/voice HTTP/1.1" 200 -
[matriz8766] "GET /api/aura/bridge HTTP/1.1" 200 -
[matriz8766] "GET /health HTTP/1.1" 200 -
[matriz8766] "GET /api/aura/ui-state HTTP/1.1" 200 -
[matriz8766] "GET /health HTTP/1.1" 200 -
[matriz8766] "GET /health HTTP/1.1" 200 -
[matriz8766] "GET /health HTTP/1.1" 200 -
[matriz8766] "GET /health HTTP/1.1" 200 -
[matriz8766] "GET /health HTTP/1.1" 200 -
[matriz8766] "GET /health HTTP/1.1" 200 -
[matriz8766] "GET /health HTTP/1.1" 200 -
[matriz8766] "GET /health HTTP/1.1" 200 -
[matriz8766] "GET /health HTTP/1.1" 200 -
[matriz8766] "GET /health HTTP/1.1" 200 -
[matriz8766] "GET /api/aura/health HTTP/1.1" 200 -
[matriz8766] "GET /api/aura/glm HTTP/1.1" 200 -
[matriz8766] "GET /api/aura/ui-state HTTP/1.1" 200 -
[matriz8766] "GET /api/aura/voice HTTP/1.1" 200 -
[matriz8766] "GET /api/aura/bridge HTTP/1.1" 200 -
[matriz8766] "GET /api/aura/ui-state HTTP/1.1" 200 -
[matriz8766] "GET /health HTTP/1.1" 200 -
[matriz8766] "GET /health HTTP/1.1" 200 -
[matriz8766] "GET /health HTTP/1.1" 200 -
[matriz8766] "GET /health HTTP/1.1" 200 -
[matriz8766] "GET /health HTTP/1.1" 200 -
[matriz8766] "GET /health HTTP/1.1" 200 -
[matriz8766] "GET /health HTTP/1.1" 200 -
[matriz8766] "GET /health HTTP/1.1" 200 -
[matriz8766] "GET /health HTTP/1.1" 200 -
[matriz8766] "GET /health HTTP/1.1" 200 -
[matriz8766] "GET /api/aura/health HTTP/1.1" 200 -
[matriz8766] "GET /api/aura/glm HTTP/1.1" 200 -
[matriz8766] "GET /api/aura/ui-state HTTP/1.1" 200 -
[matriz8766] "GET /api/aura/voice HTTP/1.1" 200 -
[matriz8766] "GET /api/aura/bridge HTTP/1.1" 200 -
[matriz8766] "GET /api/aura/ui-state HTTP/1.1" 200 -
[matriz8766] "GET /health HTTP/1.1" 200 -
[matriz8766] "GET /health HTTP/1.1" 200 -
[matriz8766] "GET /health HTTP/1.1" 200 -
[matriz8766] "GET /health HTTP/1.1" 200 -
[matriz8766] "GET /health HTTP/1.1" 200 -
[matriz8766] "GET /health HTTP/1.1" 200 -
[matriz8766] "GET /health HTTP/1.1" 200 -
[matriz8766] "GET /health HTTP/1.1" 200 -
[matriz8766] "GET /health HTTP/1.1" 200 -
[matriz8766] "GET /health HTTP/1.1" 200 -
[matriz8766] "GET /api/aura/health HTTP/1.1" 200 -
[matriz8766] "GET /api/aura/glm HTTP/1.1" 200 -
[matriz8766] "GET /api/aura/ui-state HTTP/1.1" 200 -
[matriz8766] "GET /api/aura/voice HTTP/1.1" 200 -
[matriz8766] "GET /api/aura/ui-state HTTP/1.1" 200 -
[matriz8766] "GET /api/aura/bridge HTTP/1.1" 200 -
[matriz8766] "GET /health HTTP/1.1" 200 -
[matriz8766] "GET /health HTTP/1.1" 200 -
[matriz8766] "GET /health HTTP/1.1" 200 -
[matriz8766] "GET /health HTTP/1.1" 200 -
[matriz8766] "GET /health HTTP/1.1" 200 -
[matriz8766] "GET /health HTTP/1.1" 200 -
[matriz8766] "GET /health HTTP/1.1" 200 -
[matriz8766] "GET /health HTTP/1.1" 200 -
[matriz8766] "GET /health HTTP/1.1" 200 -
[matriz8766] "GET /health HTTP/1.1" 200 -
[matriz8766] "GET /health HTTP/1.1" 200 -
[matriz8766] "GET /api/aura/health HTTP/1.1" 200 -
[matriz8766] "GET /api/aura/glm HTTP/1.1" 200 -
[matriz8766] "GET /api/aura/ui-state HTTP/1.1" 200 -
[matriz8766] "GET /api/aura/voice HTTP/1.1" 200 -
[matriz8766] "GET /api/aura/ui-state HTTP/1.1" 200 -
[matriz8766] "GET /api/aura/bridge HTTP/1.1" 200 -
[matriz8766] "GET /health HTTP/1.1" 200 -
[matriz8766] "GET /health HTTP/1.1" 200 -
[matriz8766] "GET /health HTTP/1.1" 200 -
[matriz8766] "GET /health HTTP/1.1" 200 -
[matriz8766] "GET /health HTTP/1.1" 200 -
[matriz8766] "GET /health HTTP/1.1" 200 -
[matriz8766] "GET /health HTTP/1.1" 200 -
[matriz8766] "GET /health HTTP/1.1" 200 -
[matriz8766] "GET /health HTTP/1.1" 200 -
[matriz8766] "GET /health HTTP/1.1" 200 -
[matriz8766] "GET /health HTTP/1.1" 200 -
[matriz8766] "GET /health HTTP/1.1" 200 -
[matriz8766] "GET /health HTTP/1.1" 200 -
[matriz8766] "GET /health HTTP/1.1" 200 -
[matriz8766] "GET /health HTTP/1.1" 200 -
[matriz8766] "GET /health HTTP/1.1" 200 -
[matriz8766] "GET /health HTTP/1.1" 200 -
[matriz8766] "GET /health HTTP/1.1" 200 -
[matriz8766] "GET /health HTTP/1.1" 200 -
[matriz8766] "GET /health HTTP/1.1" 200 -
[matriz8766] "GET /health HTTP/1.1" 200 -
[matriz8766] "GET /health HTTP/1.1" 200 -
[matriz8766] "GET /health HTTP/1.1" 200 -
[matriz8766] "GET /health HTTP/1.1" 200 -
[matriz8766] "GET /health HTTP/1.1" 200 -
[matriz8766] "GET /health HTTP/1.1" 200 -
[matriz8766] "GET /health HTTP/1.1" 200 -
[matriz8766] "GET /health HTTP/1.1" 200 -
[matriz8766] "GET /health HTTP/1.1" 200 -
[matriz8766] "GET /health HTTP/1.1" 200 -
[matriz8766] "GET /health HTTP/1.1" 200 -
[matriz8766] "GET /health HTTP/1.1" 200 -
[matriz8766] "GET /health HTTP/1.1" 200 -
[matriz8766] "GET /health HTTP/1.1" 200 -
[matriz8766] "GET /health HTTP/1.1" 200 -
[matriz8766] "GET /health HTTP/1.1" 200 -
[matriz8766] "GET /health HTTP/1.1" 200 -
[matriz8766] "GET /health HTTP/1.1" 200 -
[matriz8766] "GET /health HTTP/1.1" 200 -
[matriz8766] "GET /health HTTP/1.1" 200 -
[matriz8766] "GET /health HTTP/1.1" 200 -
[matriz8766] "GET /health HTTP/1.1" 200 -
[matriz8766] "GET /health HTTP/1.1" 200 -
[matriz8766] "GET /health HTTP/1.1" 200 -
[matriz8766] "GET /health HTTP/1.1" 200 -
[matriz8766] "GET /health HTTP/1.1" 200 -
[matriz8766] "GET /health HTTP/1.1" 200 -
[matriz8766] "GET /health HTTP/1.1" 200 -
[matriz8766] "GET /health HTTP/1.1" 200 -
[matriz8766] "GET /health HTTP/1.1" 200 -
[matriz8766] "GET /health HTTP/1.1" 200 -
[matriz8766] "GET /health HTTP/1.1" 200 -
[matriz8766] "GET /health HTTP/1.1" 200 -
[matriz8766] "GET /health HTTP/1.1" 200 -
[matriz8766] "GET /health HTTP/1.1" 200 -
[matriz8766] "GET /health HTTP/1.1" 200 -
[matriz8766] "GET /health HTTP/1.1" 200 -
[matriz8766] "GET /health HTTP/1.1" 200 -
[matriz8766] "GET /health HTTP/1.1" 200 -
[matriz8766] "GET /health HTTP/1.1" 200 -
[matriz8766] "GET /health HTTP/1.1" 200 -
[matriz8766] "GET /health HTTP/1.1" 200 -
[matriz8766] "GET /health HTTP/1.1" 200 -
[matriz8766] "GET /health HTTP/1.1" 200 -
[matriz8766] "GET /health HTTP/1.1" 200 -
[matriz8766] "GET /health HTTP/1.1" 200 -
[matriz8766] "GET /health HTTP/1.1" 200 -
[matriz8766] "GET /health HTTP/1.1" 200 -
[matriz8766] "GET /health HTTP/1.1" 200 -
[matriz8766] "GET /health HTTP/1.1" 200 -
[matriz8766] "GET /health HTTP/1.1" 200 -
[matriz8766] "GET /health HTTP/1.1" 200 -
[matriz8766] "GET /health HTTP/1.1" 200 -
[matriz8766] "GET /health HTTP/1.1" 200 -
[matriz8766] "GET /health HTTP/1.1" 200 -
[matriz8766] "GET /health HTTP/1.1" 200 -
[matriz8766] "GET /health HTTP/1.1" 200 -
[matriz8766] "GET /health HTTP/1.1" 200 -
[matriz8766] "GET /health HTTP/1.1" 200 -
[matriz8766] "GET /health HTTP/1.1" 200 -
[matriz8766] "GET /health HTTP/1.1" 200 -
[matriz8766] "GET /health HTTP/1.1" 200 -
[matriz8766] "GET /health HTTP/1.1" 200 -
[matriz8766] "GET /health HTTP/1.1" 200 -
[matriz8766] "GET /health HTTP/1.1" 200 -
[matriz8766] "GET /health HTTP/1.1" 200 -
[matriz8766] "GET /health HTTP/1.1" 200 -
[matriz8766] "GET /health HTTP/1.1" 200 -
[matriz8766] "GET /health HTTP/1.1" 200 -
[matriz8766] "GET /health HTTP/1.1" 200 -
[matriz8766] "GET /health HTTP/1.1" 200 -
[matriz8766] "GET /health HTTP/1.1" 200 -
[matriz8766] "GET /health HTTP/1.1" 200 -
[matriz8766] "GET /health HTTP/1.1" 200 -
[matriz8766] "GET /health HTTP/1.1" 200 -
[matriz8766] "GET /health HTTP/1.1" 200 -
[matriz8766] "GET /health HTTP/1.1" 200 -
[matriz8766] "GET /health HTTP/1.1" 200 -
[matriz8766] "GET /health HTTP/1.1" 200 -
[matriz8766] "GET /health HTTP/1.1" 200 -
[matriz8766] "GET /health HTTP/1.1" 200 -
[matriz8766] "GET /health HTTP/1.1" 200 -
[matriz8766] "GET /health HTTP/1.1" 200 -
[matriz8766] "GET /health HTTP/1.1" 200 -
[matriz8766] "GET /health HTTP/1.1" 200 -
[matriz8766] "GET /health HTTP/1.1" 200 -
[matriz8766] "GET /health HTTP/1.1" 200 -
[matriz8766] "GET /health HTTP/1.1" 200 -
[matriz8766] "GET /health HTTP/1.1" 200 -
[matriz8766] "GET /health HTTP/1.1" 200 -
[matriz8766] "GET /health HTTP/1.1" 200 -
[matriz8766] "GET /health HTTP/1.1" 200 -
[matriz8766] "GET /health HTTP/1.1" 200 -
[matriz8766] "GET /health HTTP/1.1" 200 -
[matriz8766] "GET /health HTTP/1.1" 200 -
[matriz8766] "GET /health HTTP/1.1" 200 -
[matriz8766] "GET /health HTTP/1.1" 200 -
[matriz8766] "GET /health HTTP/1.1" 200 -
[matriz8766] "GET /health HTTP/1.1" 200 -
[matriz8766] "GET /health HTTP/1.1" 200 -
[matriz8766] "GET /health HTTP/1.1" 200 -
[matriz8766] "GET /health HTTP/1.1" 200 -
[matriz8766] "GET /health HTTP/1.1" 200 -
[matriz8766] "GET /health HTTP/1.1" 200 -
[matriz8766] "GET /health HTTP/1.1" 200 -
[matriz8766] "GET /health HTTP/1.1" 200 -
[matriz8766] "GET /health HTTP/1.1" 200 -
[matriz8766] "GET /health HTTP/1.1" 200 -
[matriz8766] "GET /health HTTP/1.1" 200 -
[matriz8766] "GET /health HTTP/1.1" 200 -
[matriz8766] "GET /health HTTP/1.1" 200 -
[matriz8766] "GET /health HTTP/1.1" 200 -
[matriz8766] "GET /health HTTP/1.1" 200 -
[matriz8766] "GET /health HTTP/1.1" 200 -
[matriz8766] "GET /health HTTP/1.1" 200 -
[matriz8766] "GET /health HTTP/1.1" 200 -
[matriz8766] "GET /health HTTP/1.1" 200 -
[matriz8766] "GET /health HTTP/1.1" 200 -
[matriz8766] "GET /health HTTP/1.1" 200 -
[matriz8766] "GET /health HTTP/1.1" 200 -
[matriz8766] "GET /health HTTP/1.1" 200 -
[matriz8766] "GET /health HTTP/1.1" 200 -
[matriz8766] "GET /health HTTP/1.1" 200 -
[matriz8766] "GET /health HTTP/1.1" 200 -
[matriz8766] "GET /health HTTP/1.1" 200 -
[matriz8766] "GET /health HTTP/1.1" 200 -
[matriz8766] "GET /health HTTP/1.1" 200 -
[matriz8766] "GET /health HTTP/1.1" 200 -
[matriz8766] "GET /health HTTP/1.1" 200 -
[matriz8766] "GET /health HTTP/1.1" 200 -
[matriz8766] "GET /health HTTP/1.1" 200 -

==== 2026-09-04 20:27:39 ['C:\\aura\\engine\\venv\\Scripts\\python.exe', '-u', 'C:\\aura\\scripts\\aura_serve_matriz.py'] ====
MATRIZ_LISTEN http://127.0.0.1:8766/
PROXY /api/aura/* -> Engine http://127.0.0.1:8765
PROXY /api/chat -> Hermes http://127.0.0.1:8777
UI=C:\aura\desktop\ui\matriz_v22
[matriz8766] "GET /health HTTP/1.1" 200 -
[matriz8766] "GET /health HTTP/1.1" 200 -
[matriz8766] "GET /health HTTP/1.1" 200 -
[matriz8766] "GET /health HTTP/1.1" 200 -
[matriz8766] "GET /health HTTP/1.1" 200 -
[matriz8766] "GET /health HTTP/1.1" 200 -
[matriz8766] "GET /health HTTP/1.1" 200 -
[matriz8766] "GET /health HTTP/1.1" 200 -
[matriz8766] "GET /health HTTP/1.1" 200 -
[matriz8766] "GET /health HTTP/1.1" 200 -
[matriz8766] "GET /health HTTP/1.1" 200 -
[matriz8766] "GET /health HTTP/1.1" 200 -
[matriz8766] "GET /health HTTP/1.1" 200 -
[matriz8766] "GET /health HTTP/1.1" 200 -
[matriz8766] "GET /health HTTP/1.1" 200 -
[matriz8766] "GET /health HTTP/1.1" 200 -
[matriz8766] "GET /health HTTP/1.1" 200 -
[matriz8766] "GET /health HTTP/1.1" 200 -
[matriz8766] "GET /health HTTP/1.1" 200 -
[matriz8766] "GET /health HTTP/1.1" 200 -
[matriz8766] "GET /health HTTP/1.1" 200 -
[matriz8766] "GET /health HTTP/1.1" 200 -
[matriz8766] "GET /health HTTP/1.1" 200 -
[matriz8766] "GET /health HTTP/1.1" 200 -
[matriz8766] "GET /health HTTP/1.1" 200 -
[matriz8766] "GET /health HTTP/1.1" 200 -
[matriz8766] "GET /health HTTP/1.1" 200 -
[matriz8766] "GET /health HTTP/1.1" 200 -
[matriz8766] "GET /health HTTP/1.1" 200 -
[matriz8766] "GET /health HTTP/1.1" 200 -
[matriz8766] "GET /health HTTP/1.1" 200 -
[matriz8766] "GET /health HTTP/1.1" 200 -
[matriz8766] "GET /health HTTP/1.1" 200 -
[matriz8766] "GET /health HTTP/1.1" 200 -
[matriz8766] "GET /health HTTP/1.1" 200 -
[matriz8766] "GET /health HTTP/1.1" 200 -
[matriz8766] "GET /health HTTP/1.1" 200 -
[matriz8766] "GET /health HTTP/1.1" 200 -
[matriz8766] "GET /health HTTP/1.1" 200 -
[matriz8766] "GET /health HTTP/1.1" 200 -
[matriz8766] "GET /health HTTP/1.1" 200 -
[matriz8766] "GET /health HTTP/1.1" 200 -
[matriz8766] "GET /health HTTP/1.1" 200 -
[matriz8766] "GET /health HTTP/1.1" 200 -
[matriz8766] "GET /health HTTP/1.1" 200 -
[matriz8766] "GET /health HTTP/1.1" 200 -
[matriz8766] "GET /health HTTP/1.1" 200 -
[matriz8766] "GET /health HTTP/1.1" 200 -
[matriz8766] "GET /health HTTP/1.1" 200 -
[matriz8766] "GET /health HTTP/1.1" 200 -
[matriz8766] "GET /health HTTP/1.1" 200 -
[matriz8766] "GET /health HTTP/1.1" 200 -
[matriz8766] "GET /health HTTP/1.1" 200 -
[matriz8766] "GET /health HTTP/1.1" 200 -
[matriz8766] "GET /health HTTP/1.1" 200 -
[matriz8766] "GET /health HTTP/1.1" 200 -
[matriz8766] "GET /health HTTP/1.1" 200 -
[matriz8766] "GET /health HTTP/1.1" 200 -
[matriz8766] "GET /health HTTP/1.1" 200 -
[matriz8766] "GET /health HTTP/1.1" 200 -
[matriz8766] "GET /health HTTP/1.1" 200 -
[matriz8766] "GET /health HTTP/1.1" 200 -
[matriz8766] "GET /health HTTP/1.1" 200 -
[matriz8766] "GET /health HTTP/1.1" 200 -
[matriz8766] "GET /health HTTP/1.1" 200 -
[matriz8766] "GET /health HTTP/1.1" 200 -
[matriz8766] "GET /health HTTP/1.1" 200 -
[matriz8766] "GET /health HTTP/1.1" 200 -
[matriz8766] "GET /health HTTP/1.1" 200 -
[matriz8766] "GET /health HTTP/1.1" 200 -
[matriz8766] "GET /health HTTP/1.1" 200 -
[matriz8766] "GET /health HTTP/1.1" 200 -
[matriz8766] "GET /health HTTP/1.1" 200 -
[matriz8766] "GET /health HTTP/1.1" 200 -
[matriz8766] "GET /health HTTP/1.1" 200 -
[matriz8766] "GET /health HTTP/1.1" 200 -
[matriz8766] "GET /health HTTP/1.1" 200 -
[matriz8766] "GET /health HTTP/1.1" 200 -
[matriz8766] "GET /health HTTP/1.1" 200 -
[matriz8766] "GET /health HTTP/1.1" 200 -
[matriz8766] "GET /health HTTP/1.1" 200 -
[matriz8766] "GET /health HTTP/1.1" 200 -
[matriz8766] "GET /health HTTP/1.1" 200 -
[matriz8766] "GET /health HTTP/1.1" 200 -
[matriz8766] "GET /health HTTP/1.1" 200 -
[matriz8766] "GET /health HTTP/1.1" 200 -
[matriz8766] "GET /health HTTP/1.1" 200 -
[matriz8766] "GET /health HTTP/1.1" 200 -
[matriz8766] "GET /health HTTP/1.1" 200 -
[matriz8766] "GET /health HTTP/1.1" 200 -
[matriz8766] "GET /health HTTP/1.1" 200 -
[matriz8766] "GET /health HTTP/1.1" 200 -
[matriz8766] "GET /health HTTP/1.1" 200 -
[matriz8766] "GET /health HTTP/1.1" 200 -
[matriz8766] "GET /health HTTP/1.1" 200 -
[matriz8766] "GET /health HTTP/1.1" 200 -
[matriz8766] "GET /health HTTP/1.1" 200 -
[matriz8766] "GET /health HTTP/1.1" 200 -
[matriz8766] "GET /health HTTP/1.1" 200 -
[matriz8766] "GET /health HTTP/1.1" 200 -
[matriz8766] "GET /health HTTP/1.1" 200 -
[matriz8766] "GET /health HTTP/1.1" 200 -
[matriz8766] "GET /health HTTP/1.1" 200 -
[matriz8766] "GET /health HTTP/1.1" 200 -
[matriz8766] "GET /health HTTP/1.1" 200 -
[matriz8766] "GET /health HTTP/1.1" 200 -
[matriz8766] "GET /health HTTP/1.1" 200 -
[matriz8766] "GET /health HTTP/1.1" 200 -
[matriz8766] "GET /health HTTP/1.1" 200 -
[matriz8766] "GET /health HTTP/1.1" 200 -
[matriz8766] "GET /health HTTP/1.1" 200 -
[matriz8766] "GET /health HTTP/1.1" 200 -
[matriz8766] "GET /health HTTP/1.1" 200 -
[matriz8766] "GET /health HTTP/1.1" 200 -
[matriz8766] "GET /health HTTP/1.1" 200 -
[matriz8766] "GET /health HTTP/1.1" 200 -
[matriz8766] "GET /health HTTP/1.1" 200 -
[matriz8766] "GET /health HTTP/1.1" 200 -
[matriz8766] "GET /health HTTP/1.1" 200 -
[matriz8766] "GET /health HTTP/1.1" 200 -
[matriz8766] "GET /health HTTP/1.1" 200 -
[matriz8766] "GET /health HTTP/1.1" 200 -
[matriz8766] "GET /health HTTP/1.1" 200 -
[matriz8766] "GET /health HTTP/1.1" 200 -
[matriz8766] "GET /health HTTP/1.1" 200 -
[matriz8766] "GET /health HTTP/1.1" 200 -
[matriz8766] "GET /health HTTP/1.1" 200 -
[matriz8766] "GET /health HTTP/1.1" 200 -
[matriz8766] "GET /health HTTP/1.1" 200 -
[matriz8766] "GET /health HTTP/1.1" 200 -
[matriz8766] "GET /health HTTP/1.1" 200 -
[matriz8766] "GET /health HTTP/1.1" 200 -
[matriz8766] "GET /health HTTP/1.1" 200 -
[matriz8766] "GET /health HTTP/1.1" 200 -
[matriz8766] "GET /health HTTP/1.1" 200 -
[matriz8766] "GET /health HTTP/1.1" 200 -
[matriz8766] "GET /health HTTP/1.1" 200 -
[matriz8766] "GET /health HTTP/1.1" 200 -
[matriz8766] "GET /health HTTP/1.1" 200 -
[matriz8766] "GET /health HTTP/1.1" 200 -
[matriz8766] "GET /health HTTP/1.1" 200 -
[matriz8766] "GET /health HTTP/1.1" 200 -
[matriz8766] "GET /health HTTP/1.1" 200 -
[matriz8766] "GET /health HTTP/1.1" 200 -
[matriz8766] "GET /health HTTP/1.1" 200 -
[matriz8766] "GET /health HTTP/1.1" 200 -
[matriz8766] "GET /health HTTP/1.1" 200 -
[matriz8766] "GET /health HTTP/1.1" 200 -
[matriz8766] "GET /health HTTP/1.1" 200 -
[matriz8766] "GET /health HTTP/1.1" 200 -
[matriz8766] "GET /health HTTP/1.1" 200 -
[matriz8766] "GET /health HTTP/1.1" 200 -
[matriz8766] "GET /health HTTP/1.1" 200 -
[matriz8766] "GET /health HTTP/1.1" 200 -
[matriz8766] "GET /health HTTP/1.1" 200 -
[matriz8766] "GET /health HTTP/1.1" 200 -
[matriz8766] "GET /health HTTP/1.1" 200 -
[matriz8766] "GET /health HTTP/1.1" 200 -
[matriz8766] "GET /health HTTP/1.1" 200 -
[matriz8766] "GET /health HTTP/1.1" 200 -
[matriz8766] "GET /health HTTP/1.1" 200 -
[matriz8766] "GET /health HTTP/1.1" 200 -
[matriz8766] "GET /health HTTP/1.1" 200 -
[matriz8766] "GET /health HTTP/1.1" 200 -
[matriz8766] "GET /health HTTP/1.1" 200 -
[matriz8766] "GET /health HTTP/1.1" 200 -
[matriz8766] "GET /health HTTP/1.1" 200 -
[matriz8766] "GET /health HTTP/1.1" 200 -
[matriz8766] "GET /health HTTP/1.1" 200 -
[matriz8766] "GET /health HTTP/1.1" 200 -
[matriz8766] "GET /health HTTP/1.1" 200 -
[matriz8766] "GET /health HTTP/1.1" 200 -
[matriz8766] "GET /health HTTP/1.1" 200 -
[matriz8766] "GET /health HTTP/1.1" 200 -
[matriz8766] "GET /health HTTP/1.1" 200 -
[matriz8766] "GET /health HTTP/1.1" 200 -
[matriz8766] "GET /health HTTP/1.1" 200 -
[matriz8766] "GET /health HTTP/1.1" 200 -
[matriz8766] "GET /health HTTP/1.1" 200 -
[matriz8766] "GET /health HTTP/1.1" 200 -
[matriz8766] "GET /health HTTP/1.1" 200 -
[matriz8766] "GET /health HTTP/1.1" 200 -
[matriz8766] "GET /health HTTP/1.1" 200 -
[matriz8766] "GET /health HTTP/1.1" 200 -
[matriz8766] "GET /health HTTP/1.1" 200 -
[matriz8766] "GET /health HTTP/1.1" 200 -
[matriz8766] "GET /health HTTP/1.1" 200 -
[matriz8766] "GET /health HTTP/1.1" 200 -
[matriz8766] "GET /health HTTP/1.1" 200 -
[matriz8766] "GET /health HTTP/1.1" 200 -
[matriz8766] "GET /health HTTP/1.1" 200 -
[matriz8766] "GET /health HTTP/1.1" 200 -
[matriz8766] "GET /health HTTP/1.1" 200 -
[matriz8766] "GET /health HTTP/1.1" 200 -
[matriz8766] "GET /health HTTP/1.1" 200 -
[matriz8766] "GET /health HTTP/1.1" 200 -
[matriz8766] "GET /health HTTP/1.1" 200 -
[matriz8766] "GET /health HTTP/1.1" 200 -
[matriz8766] "GET /health HTTP/1.1" 200 -
[matriz8766] "GET /health HTTP/1.1" 200 -
[matriz8766] "GET /health HTTP/1.1" 200 -
[matriz8766] "GET /health HTTP/1.1" 200 -
[matriz8766] "GET /health HTTP/1.1" 200 -
[matriz8766] "GET /health HTTP/1.1" 200 -
[matriz8766] "GET /health HTTP/1.1" 200 -
[matriz8766] "GET /health HTTP/1.1" 200 -
[matriz8766] "GET /health HTTP/1.1" 200 -
[matriz8766] "GET /health HTTP/1.1" 200 -
[matriz8766] "GET /health HTTP/1.1" 200 -
[matriz8766] "GET /health HTTP/1.1" 200 -
[matriz8766] "GET /health HTTP/1.1" 200 -
[matriz8766] "GET /health HTTP/1.1" 200 -
[matriz8766] "GET /health HTTP/1.1" 200 -
[matriz8766] "GET /health HTTP/1.1" 200 -
[matriz8766] "GET /health HTTP/1.1" 200 -
[matriz8766] "GET /health HTTP/1.1" 200 -
[matriz8766] "GET /health HTTP/1.1" 200 -
[matriz8766] "GET /health HTTP/1.1" 200 -
[matriz8766] "GET /health HTTP/1.1" 200 -
[matriz8766] "GET /health HTTP/1.1" 200 -
[matriz8766] "GET /health HTTP/1.1" 200 -
[matriz8766] "GET /health HTTP/1.1" 200 -
[matriz8766] "GET /health HTTP/1.1" 200 -
[matriz8766] "GET /health HTTP/1.1" 200 -
[matriz8766] "GET /health HTTP/1.1" 200 -
[matriz8766] "GET /health HTTP/1.1" 200 -
[matriz8766] "GET /health HTTP/1.1" 200 -
[matriz8766] "GET /health HTTP/1.1" 200 -
[matriz8766] "GET /health HTTP/1.1" 200 -
[matriz8766] "GET /health HTTP/1.1" 200 -
[matriz8766] "GET /health HTTP/1.1" 200 -
[matriz8766] "GET /health HTTP/1.1" 200 -
[matriz8766] "GET /health HTTP/1.1" 200 -
[matriz8766] "GET /health HTTP/1.1" 200 -
[matriz8766] "GET /health HTTP/1.1" 200 -
[matriz8766] "GET /health HTTP/1.1" 200 -
[matriz8766] "GET /health HTTP/1.1" 200 -
[matriz8766] "GET /health HTTP/1.1" 200 -
[matriz8766] "GET /health HTTP/1.1" 200 -
[matriz8766] "GET /health HTTP/1.1" 200 -
[matriz8766] "GET /health HTTP/1.1" 200 -
[matriz8766] "GET /health HTTP/1.1" 200 -
[matriz8766] "GET /health HTTP/1.1" 200 -
[matriz8766] "GET /health HTTP/1.1" 200 -
[matriz8766] "GET /health HTTP/1.1" 200 -
[matriz8766] "GET /health HTTP/1.1" 200 -
[matriz8766] "GET /health HTTP/1.1" 200 -
[matriz8766] "GET /health HTTP/1.1" 200 -
[matriz8766] "GET /health HTTP/1.1" 200 -
[matriz8766] "GET /health HTTP/1.1" 200 -
[matriz8766] "GET /health HTTP/1.1" 200 -
[matriz8766] "GET /health HTTP/1.1" 200 -
[matriz8766] "GET /health HTTP/1.1" 200 -
[matriz8766] "GET /health HTTP/1.1" 200 -
[matriz8766] "GET /health HTTP/1.1" 200 -
[matriz8766] "GET /health HTTP/1.1" 200 -
[matriz8766] "GET /health HTTP/1.1" 200 -
[matriz8766] "GET /health HTTP/1.1" 200 -
[matriz8766] "GET /health HTTP/1.1" 200 -
[matriz8766] "GET /health HTTP/1.1" 200 -
[matriz8766] "GET /health HTTP/1.1" 200 -
[matriz8766] "GET /health HTTP/1.1" 200 -
[matriz8766] "GET /health HTTP/1.1" 200 -
[matriz8766] "GET /health HTTP/1.1" 200 -
[matriz8766] "GET /health HTTP/1.1" 200 -
[matriz8766] "GET /health HTTP/1.1" 200 -
[matriz8766] "GET /health HTTP/1.1" 200 -
[matriz8766] "GET /health HTTP/1.1" 200 -
[matriz8766] "GET /health HTTP/1.1" 200 -
[matriz8766] "GET /health HTTP/1.1" 200 -
[matriz8766] "GET /health HTTP/1.1" 200 -
[matriz8766] "GET /health HTTP/1.1" 200 -
[matriz8766] "GET /health HTTP/1.1" 200 -
[matriz8766] "GET /health HTTP/1.1" 200 -
[matriz8766] "GET /health HTTP/1.1" 200 -
[matriz8766] "GET /health HTTP/1.1" 200 -
[matriz8766] "GET /health HTTP/1.1" 200 -
[matriz8766] "GET /health HTTP/1.1" 200 -
[matriz8766] "GET /health HTTP/1.1" 200 -
[matriz8766] "GET /health HTTP/1.1" 200 -
[matriz8766] "GET /health HTTP/1.1" 200 -
[matriz8766] "GET /health HTTP/1.1" 200 -
[matriz8766] "GET /health HTTP/1.1" 200 -
[matriz8766] "GET /health HTTP/1.1" 200 -
[matriz8766] "GET /health HTTP/1.1" 200 -
[matriz8766] "GET /health HTTP/1.1" 200 -
[matriz8766] "GET /health HTTP/1.1" 200 -
[matriz8766] "GET /health HTTP/1.1" 200 -
[matriz8766] "GET /health HTTP/1.1" 200 -
[matriz8766] "GET /health HTTP/1.1" 200 -
[matriz8766] "GET /health HTTP/1.1" 200 -
[matriz8766] "GET /health HTTP/1.1" 200 -
[matriz8766] "GET /health HTTP/1.1" 200 -
[matriz8766] "GET /health HTTP/1.1" 200 -
[matriz8766] "GET /health HTTP/1.1" 200 -
[matriz8766] "GET /health HTTP/1.1" 200 -
[matriz8766] "GET /health HTTP/1.1" 200 -
[matriz8766] "GET /health HTTP/1.1" 200 -
[matriz8766] "GET /health HTTP/1.1" 200 -
[matriz8766] "GET /health HTTP/1.1" 200 -
[matriz8766] "GET /health HTTP/1.1" 200 -
[matriz8766] "GET /health HTTP/1.1" 200 -
[matriz8766] "GET /health HTTP/1.1" 200 -
[matriz8766] "GET /health HTTP/1.1" 200 -
[matriz8766] "GET /health HTTP/1.1" 200 -
[matriz8766] "GET /health HTTP/1.1" 200 -
[matriz8766] "GET /health HTTP/1.1" 200 -
[matriz8766] "GET /health HTTP/1.1" 200 -
[matriz8766] "GET /health HTTP/1.1" 200 -
[matriz8766] "GET /health HTTP/1.1" 200 -
[matriz8766] "GET /health HTTP/1.1" 200 -
[matriz8766] "GET /health HTTP/1.1" 200 -
[matriz8766] "GET /health HTTP/1.1" 200 -
[matriz8766] "GET /health HTTP/1.1" 200 -
[matriz8766] "GET /health HTTP/1.1" 200 -
[matriz8766] "GET /health HTTP/1.1" 200 -
[matriz8766] "GET /health HTTP/1.1" 200 -
[matriz8766] "GET /health HTTP/1.1" 200 -
[matriz8766] "GET /health HTTP/1.1" 200 -
[matriz8766] "GET /health HTTP/1.1" 200 -
[matriz8766] "GET /health HTTP/1.1" 200 -
[matriz8766] "GET /health HTTP/1.1" 200 -
[matriz8766] "GET /health HTTP/1.1" 200 -
[matriz8766] "GET /health HTTP/1.1" 200 -
[matriz8766] "GET /health HTTP/1.1" 200 -
[matriz8766] "GET /health HTTP/1.1" 200 -
[matriz8766] "GET /health HTTP/1.1" 200 -
[matriz8766] "GET /health HTTP/1.1" 200 -
[matriz8766] "GET /health HTTP/1.1" 200 -
[matriz8766] "GET /health HTTP/1.1" 200 -
[matriz8766] "GET /health HTTP/1.1" 200 -
[matriz8766] "GET /health HTTP/1.1" 200 -
[matriz8766] "GET /health HTTP/1.1" 200 -
[matriz8766] "GET /health HTTP/1.1" 200 -
[matriz8766] "GET /health HTTP/1.1" 200 -
[matriz8766] "GET /health HTTP/1.1" 200 -
[matriz8766] "GET /health HTTP/1.1" 200 -
[matriz8766] "GET /health HTTP/1.1" 200 -
[matriz8766] "GET /health HTTP/1.1" 200 -
[matriz8766] "GET /health HTTP/1.1" 200 -
[matriz8766] "GET /health HTTP/1.1" 200 -
[matriz8766] "GET /health HTTP/1.1" 200 -
[matriz8766] "GET /health HTTP/1.1" 200 -
[matriz8766] "GET /health HTTP/1.1" 200 -
[matriz8766] "GET /health HTTP/1.1" 200 -
[matriz8766] "GET /health HTTP/1.1" 200 -
[matriz8766] "GET /health HTTP/1.1" 200 -
[matriz8766] "GET /health HTTP/1.1" 200 -
[matriz8766] "GET /health HTTP/1.1" 200 -
[matriz8766] "GET /health HTTP/1.1" 200 -
[matriz8766] "GET /health HTTP/1.1" 200 -
[matriz8766] "GET /health HTTP/1.1" 200 -

==== 2026-09-04 21:06:34 ['C:\\aura\\engine\\venv\\Scripts\\python.exe', '-u', 'C:\\aura\\scripts\\aura_serve_matriz.py'] ====
MATRIZ_LISTEN http://127.0.0.1:8766/
PROXY /api/aura/* -> Engine http://127.0.0.1:8765
PROXY /api/chat -> Hermes http://127.0.0.1:8777
UI=C:\aura\desktop\ui\matriz_v22
[matriz8766] "GET /health HTTP/1.1" 200 -
[matriz8766] "GET /health HTTP/1.1" 200 -
[matriz8766] "GET /health HTTP/1.1" 200 -
[matriz8766] "GET /health HTTP/1.1" 200 -
[matriz8766] "GET /health HTTP/1.1" 200 -
